{
    "MMDs": {
        "mean": 0.08760053121665039,
        "sd": 0.026710712416001856
    },
    "auroc": {
        "mean": 0.9436090360641647,
        "sd": 0.021224499419504717
    },
    "auprc": {
        "mean": 0.9511992516013659,
        "sd": 0.01968296598601962
    },
    "remaining samples": {
        "mean": 283.06,
        "sd": 24.550771881959232
    },
    "all_samples": 308,
    "clump_thickness_relative_bias": {
        "bias mean": 7.738333847680468,
        "bias sd": 3.854419554999211,
        "wasserstein mean": 0.1303283190045457,
        "wasserstein sd": 0.05614381438159755
    },
    "uniformity_of_cell_size_relative_bias": {
        "bias mean": 17.938119838854963,
        "bias sd": 6.426949937510598,
        "wasserstein mean": 0.18738001385368797,
        "wasserstein sd": 0.0712581253432459
    },
    "uniformity_of_cell_shape_relative_bias": {
        "bias mean": 17.57548567166567,
        "bias sd": 6.187313861806731,
        "wasserstein mean": 0.19303636320833528,
        "wasserstein sd": 0.07009125313285111
    },
    "marginal_adhesion_relative_bias": {
        "bias mean": 16.465568526157753,
        "bias sd": 6.677595522740519,
        "wasserstein mean": 0.16708132443690096,
        "wasserstein sd": 0.06955714217857402
    },
    "single_epithelial_cell_size_relative_bias": {
        "bias mean": 12.897711477314866,
        "bias sd": 4.612989040676568,
        "wasserstein mean": 0.194863888717707,
        "wasserstein sd": 0.06879927518105562
    },
    "bare_nuclei_relative_bias": {
        "bias mean": 12.394824594800983,
        "bias sd": 6.360168073195308,
        "wasserstein mean": 0.12438480050733318,
        "wasserstein sd": 0.06436072665261298
    },
    "bland_chromatin_relative_bias": {
        "bias mean": 11.158409577661809,
        "bias sd": 4.7915354806428905,
        "wasserstein mean": 0.1644010836198985,
        "wasserstein sd": 0.06622010857366889
    },
    "normal_nucleoli_relative_bias": {
        "bias mean": 16.103832842607122,
        "bias sd": 6.973809007190655,
        "wasserstein mean": 0.15539480044734572,
        "wasserstein sd": 0.06976813722813624
    },
    "mitoses_relative_bias": {
        "bias mean": 20.87132410600322,
        "bias sd": 5.015222846352371,
        "wasserstein mean": 0.19500378651679018,
        "wasserstein sd": 0.053054031978305584
    },
    "class_relative_bias": {
        "bias mean": 10.297664330890058,
        "bias sd": 5.446454180611959,
        "wasserstein mean": 0.06603898357887411,
        "wasserstein sd": 0.03347614333405005
    }
}