{
    "MMDs": {
        "mean": 0.09501561842894744,
        "sd": 0.021891470814646638
    },
    "auroc": {
        "mean": 0.9409639826905272,
        "sd": 0.022481610589094873
    },
    "auprc": {
        "mean": 0.948343992628884,
        "sd": 0.0189773163918495
    },
    "remaining samples": {
        "mean": 294.45,
        "sd": 10.45215288828096
    },
    "all_samples": 308,
    "clump_thickness_relative_bias": {
        "bias mean": 8.001157381288118,
        "bias sd": 4.205034526562671,
        "wasserstein mean": 0.13490131675014094,
        "wasserstein sd": 0.0631738736373408
    },
    "uniformity_of_cell_size_relative_bias": {
        "bias mean": 19.864298273956983,
        "bias sd": 5.627382021594523,
        "wasserstein mean": 0.2081021605312225,
        "wasserstein sd": 0.0636540903222175
    },
    "uniformity_of_cell_shape_relative_bias": {
        "bias mean": 19.854730225039425,
        "bias sd": 5.105851988806566,
        "wasserstein mean": 0.21853583441099728,
        "wasserstein sd": 0.05884535360657232
    },
    "marginal_adhesion_relative_bias": {
        "bias mean": 18.291932430633814,
        "bias sd": 4.886156063591601,
        "wasserstein mean": 0.18454153429021294,
        "wasserstein sd": 0.05055830979762038
    },
    "single_epithelial_cell_size_relative_bias": {
        "bias mean": 14.301591066653733,
        "bias sd": 4.459592876874862,
        "wasserstein mean": 0.21499268934755325,
        "wasserstein sd": 0.06573656245990889
    },
    "bare_nuclei_relative_bias": {
        "bias mean": 12.112092495479041,
        "bias sd": 5.528628223100308,
        "wasserstein mean": 0.11949716926265248,
        "wasserstein sd": 0.05518224628194464
    },
    "bland_chromatin_relative_bias": {
        "bias mean": 12.126078502636833,
        "bias sd": 3.7590523283234654,
        "wasserstein mean": 0.17533250704013298,
        "wasserstein sd": 0.05234397717417663
    },
    "normal_nucleoli_relative_bias": {
        "bias mean": 17.510565881336348,
        "bias sd": 5.871044928576131,
        "wasserstein mean": 0.16928809208232268,
        "wasserstein sd": 0.05886512766656958
    },
    "mitoses_relative_bias": {
        "bias mean": 22.05217107959167,
        "bias sd": 5.411441669984117,
        "wasserstein mean": 0.20888620084613777,
        "wasserstein sd": 0.053419326072056295
    },
    "class_relative_bias": {
        "bias mean": 10.922601122648233,
        "bias sd": 5.089968750062381,
        "wasserstein mean": 0.07017646120695875,
        "wasserstein sd": 0.03180813657133186
    }
}