{
    "MMDs": {
        "mean": 0.09158596004684792,
        "sd": 0.027255684605524126
    },
    "auroc": {
        "mean": 0.940157002601019,
        "sd": 0.02349960738973641
    },
    "auprc": {
        "mean": 0.9481546490081335,
        "sd": 0.020646030825570583
    },
    "remaining samples": {
        "mean": 283.05,
        "sd": 23.043166015111723
    },
    "all_samples": 308,
    "clump_thickness_relative_bias": {
        "bias mean": 8.281790976685027,
        "bias sd": 4.215411952698337,
        "wasserstein mean": 0.13885718013650025,
        "wasserstein sd": 0.06348930276574391
    },
    "uniformity_of_cell_size_relative_bias": {
        "bias mean": 18.813552646314417,
        "bias sd": 6.651751773840255,
        "wasserstein mean": 0.19752547195448852,
        "wasserstein sd": 0.07168819464135814
    },
    "uniformity_of_cell_shape_relative_bias": {
        "bias mean": 18.021882615991107,
        "bias sd": 5.822820073405239,
        "wasserstein mean": 0.1973978928442353,
        "wasserstein sd": 0.0658695336025928
    },
    "marginal_adhesion_relative_bias": {
        "bias mean": 16.809048736241124,
        "bias sd": 6.6383571824180985,
        "wasserstein mean": 0.1712059638575198,
        "wasserstein sd": 0.0680820137019428
    },
    "single_epithelial_cell_size_relative_bias": {
        "bias mean": 13.719151909888803,
        "bias sd": 4.752598027135003,
        "wasserstein mean": 0.20685773400861138,
        "wasserstein sd": 0.07042582676309343
    },
    "bare_nuclei_relative_bias": {
        "bias mean": 13.23934232969269,
        "bias sd": 6.81223658745214,
        "wasserstein mean": 0.13380644411331785,
        "wasserstein sd": 0.06887033961738429
    },
    "bland_chromatin_relative_bias": {
        "bias mean": 11.73475395813295,
        "bias sd": 4.773832076966225,
        "wasserstein mean": 0.17191453327646503,
        "wasserstein sd": 0.06423176857575676
    },
    "normal_nucleoli_relative_bias": {
        "bias mean": 16.28096953645577,
        "bias sd": 6.687649739969737,
        "wasserstein mean": 0.1567163313763601,
        "wasserstein sd": 0.0664275444720941
    },
    "mitoses_relative_bias": {
        "bias mean": 21.356867668051155,
        "bias sd": 5.3295993972095355,
        "wasserstein mean": 0.2004092785982982,
        "wasserstein sd": 0.057276666720334525
    },
    "class_relative_bias": {
        "bias mean": 11.116070335280842,
        "bias sd": 6.013518794323425,
        "wasserstein mean": 0.0708998783726177,
        "wasserstein sd": 0.036767818345810326
    }
}