{
    "MMDs": {
        "mean": 0.018762114305876945,
        "sd": 0.002164261918153327
    },
    "auroc": {
        "mean": 0.6876453536774385,
        "sd": 0.07871286695112929
    },
    "auprc": {
        "mean": 0.3561363330774707,
        "sd": 0.07825722065253048
    },
    "remaining samples": {
        "mean": 2384.5,
        "sd": 18.44911922016875
    },
    "all_samples": 2396,
    "city_development_index_relative_bias": {
        "bias mean": 0.5259202546261862,
        "bias sd": 0.36366724529204547,
        "wasserstein mean": 0.042189335404694724,
        "wasserstein sd": 0.023249092016400717
    },
    "experience_relative_bias": {
        "bias mean": 1.584172944650435,
        "bias sd": 1.1316709987458329,
        "wasserstein mean": 0.03362490554834504,
        "wasserstein sd": 0.015802155087823136
    },
    "training_hours_relative_bias": {
        "bias mean": 2.3504564003570554,
        "bias sd": 1.4677253890397954,
        "wasserstein mean": 0.033197030277429915,
        "wasserstein sd": 0.012271602129572576
    },
    "target_relative_bias": {
        "bias mean": 22.374233372920447,
        "bias sd": 5.1516467587822445,
        "wasserstein mean": 0.03759532705900562,
        "wasserstein sd": 0.009815709782565825
    },
    "gender_Male_relative_bias": {
        "bias mean": 0.7272916900926342,
        "bias sd": 0.5044479134472449,
        "wasserstein mean": 0.021984157913375883,
        "wasserstein sd": 0.015193926390187282
    },
    "gender_Other_relative_bias": {
        "bias mean": 31.988242386620872,
        "bias sd": 30.156777775063226,
        "wasserstein mean": 0.027353197968828572,
        "wasserstein sd": 0.020274769313288372
    },
    "relevent_experience_No relevent experience_relative_bias": {
        "bias mean": 6.288962309706042,
        "bias sd": 4.641788950339687,
        "wasserstein mean": 0.02332976737587473,
        "wasserstein sd": 0.016881537963992027
    },
    "enrolled_university_Part time course_relative_bias": {
        "bias mean": 6.79690919168929,
        "bias sd": 3.4237378943670613,
        "wasserstein mean": 0.017256895558894883,
        "wasserstein sd": 0.008918570964994715
    },
    "enrolled_university_no_enrollment_relative_bias": {
        "bias mean": 1.059735911578989,
        "bias sd": 0.820775727715333,
        "wasserstein mean": 0.024904413289883305,
        "wasserstein sd": 0.019075635367061146
    },
    "education_level_Masters_relative_bias": {
        "bias mean": 3.799308649116237,
        "bias sd": 3.0399579492666136,
        "wasserstein mean": 0.02326873570436269,
        "wasserstein sd": 0.01832834210743416
    },
    "education_level_Phd_relative_bias": {
        "bias mean": 15.512356139763606,
        "bias sd": 10.51832437380092,
        "wasserstein mean": 0.026390858693765947,
        "wasserstein sd": 0.018378579144241538
    },
    "major_discipline_Business Degree_relative_bias": {
        "bias mean": 18.44648396843776,
        "bias sd": 12.070819497551431,
        "wasserstein mean": 0.025914525878805748,
        "wasserstein sd": 0.016421806692485833
    },
    "major_discipline_Humanities_relative_bias": {
        "bias mean": 10.292672357771016,
        "bias sd": 9.220128522967745,
        "wasserstein mean": 0.021334961917547118,
        "wasserstein sd": 0.018769867657626796
    },
    "major_discipline_No Major_relative_bias": {
        "bias mean": 19.925229653046475,
        "bias sd": 16.296750227769465,
        "wasserstein mean": 0.021641332451233054,
        "wasserstein sd": 0.0162741317172435
    },
    "major_discipline_Other_relative_bias": {
        "bias mean": 17.151435022631723,
        "bias sd": 12.886781474187186,
        "wasserstein mean": 0.024185106236828808,
        "wasserstein sd": 0.01735538244113974
    },
    "major_discipline_STEM_relative_bias": {
        "bias mean": 0.7804686924705831,
        "bias sd": 0.5768910460899235,
        "wasserstein mean": 0.022443975287737894,
        "wasserstein sd": 0.016586501718299895
    },
    "company_size_100-500_relative_bias": {
        "bias mean": 4.126409332772173,
        "bias sd": 2.8598498919680604,
        "wasserstein mean": 0.020825133036795118,
        "wasserstein sd": 0.01454567712734917
    },
    "company_size_1000-4999_relative_bias": {
        "bias mean": 6.967627001033611,
        "bias sd": 6.204509201739618,
        "wasserstein mean": 0.02302991461075413,
        "wasserstein sd": 0.019557166350624527
    },
    "company_size_10000+_relative_bias": {
        "bias mean": 4.5635757419395295,
        "bias sd": 3.0543899219199546,
        "wasserstein mean": 0.01992202089241888,
        "wasserstein sd": 0.013240978714613277
    },
    "company_size_50-99_relative_bias": {
        "bias mean": 4.001065419302783,
        "bias sd": 2.9186268205391412,
        "wasserstein mean": 0.021351046869373835,
        "wasserstein sd": 0.015809564089577073
    },
    "company_size_500-999_relative_bias": {
        "bias mean": 8.834668971401504,
        "bias sd": 6.070174113184948,
        "wasserstein mean": 0.023504025096898005,
        "wasserstein sd": 0.01599219964458654
    },
    "company_size_5000-9999_relative_bias": {
        "bias mean": 11.27480927733428,
        "bias sd": 7.916717759986722,
        "wasserstein mean": 0.024398523341641755,
        "wasserstein sd": 0.01743088049713391
    },
    "company_size_<10_relative_bias": {
        "bias mean": 7.559948698694112,
        "bias sd": 5.046935140949777,
        "wasserstein mean": 0.024505378232774207,
        "wasserstein sd": 0.016200540742231484
    },
    "company_type_Funded Startup_relative_bias": {
        "bias mean": 7.218440710960133,
        "bias sd": 4.921768141859277,
        "wasserstein mean": 0.02234014057015007,
        "wasserstein sd": 0.014993569896240018
    },
    "company_type_NGO_relative_bias": {
        "bias mean": 11.978326917630744,
        "bias sd": 9.755268332308088,
        "wasserstein mean": 0.02326753436252466,
        "wasserstein sd": 0.017073286324691163
    },
    "company_type_Other_relative_bias": {
        "bias mean": 25.90493642610837,
        "bias sd": 20.513327384876117,
        "wasserstein mean": 0.023303054739549342,
        "wasserstein sd": 0.01855052352431795
    },
    "company_type_Public Sector_relative_bias": {
        "bias mean": 8.060908255059479,
        "bias sd": 6.400811813553401,
        "wasserstein mean": 0.021040954065531085,
        "wasserstein sd": 0.017071773210181038
    },
    "company_type_Pvt Ltd_relative_bias": {
        "bias mean": 1.4453031943403714,
        "bias sd": 0.9691178286919732,
        "wasserstein mean": 0.025602033070089195,
        "wasserstein sd": 0.017013624987298182
    },
    "last_new_job_2_relative_bias": {
        "bias mean": 5.2298194804842115,
        "bias sd": 3.460225905613096,
        "wasserstein mean": 0.024136023735143924,
        "wasserstein sd": 0.016122329528467424
    },
    "last_new_job_3_relative_bias": {
        "bias mean": 7.545283983395437,
        "bias sd": 5.505919023589388,
        "wasserstein mean": 0.01998202481517795,
        "wasserstein sd": 0.01384509268733474
    },
    "last_new_job_4_relative_bias": {
        "bias mean": 7.811945230220463,
        "bias sd": 5.6107128445428165,
        "wasserstein mean": 0.02093356422986802,
        "wasserstein sd": 0.014994799634015352
    },
    "last_new_job_>4_relative_bias": {
        "bias mean": 4.913365385248539,
        "bias sd": 3.4034779732612126,
        "wasserstein mean": 0.0256949970746919,
        "wasserstein sd": 0.0173596473035973
    },
    "last_new_job_never_relative_bias": {
        "bias mean": 12.327229219016425,
        "bias sd": 9.437455171740737,
        "wasserstein mean": 0.026126430604091647,
        "wasserstein sd": 0.020073799962895388
    }
}