{
    "MMDs": {
        "mean": 0.02757554952103534,
        "sd": 0.0028844409417266128
    },
    "auroc": {
        "mean": 0.5578607593683521,
        "sd": 0.100273033591715
    },
    "auprc": {
        "mean": 0.16616,
        "sd": 0.0073205464276924
    },
    "mse": {
        "mean": 0.0,
        "sd": 0.0
    },
    "remaining samples": {
        "mean": 2118.9,
        "sd": 14.275503493747602
    },
    "all_samples": 2136,
    "city_development_index_relative_bias": {
        "bias mean": 2.140373647626906,
        "bias sd": 0.2989340750710477,
        "wasserstein mean": 0.15701617689956787,
        "wasserstein sd": 0.02134221134864824
    },
    "experience_relative_bias": {
        "bias mean": 5.071456878850293,
        "bias sd": 1.4860884670801608,
        "wasserstein mean": 0.08981429976119372,
        "wasserstein sd": 0.02551488355380954
    },
    "training_hours_relative_bias": {
        "bias mean": 2.369112598670899,
        "bias sd": 1.5332435586223494,
        "wasserstein mean": 0.03680598742409761,
        "wasserstein sd": 0.012790271482807113
    },
    "target_relative_bias": {
        "bias mean": 88.14785305326166,
        "bias sd": 0.8879681274193127,
        "wasserstein mean": 0.14652196150408414,
        "wasserstein sd": 0.007769663814513148
    },
    "gender_Male_relative_bias": {
        "bias mean": 0.4949826127848887,
        "bias sd": 0.4379288473625636,
        "wasserstein mean": 0.014920317947562592,
        "wasserstein sd": 0.013120404153143002
    },
    "gender_Other_relative_bias": {
        "bias mean": 23.31960261444777,
        "bias sd": 15.44104347378528,
        "wasserstein mean": 0.021803802750250605,
        "wasserstein sd": 0.012961997988062647
    },
    "relevent_experience_No relevent experience_relative_bias": {
        "bias mean": 5.303104142705999,
        "bias sd": 3.7801406388310212,
        "wasserstein mean": 0.02003944554160845,
        "wasserstein sd": 0.014901626669513777
    },
    "enrolled_university_Part time course_relative_bias": {
        "bias mean": 9.622593548157866,
        "bias sd": 6.103948168626746,
        "wasserstein mean": 0.023723659459270106,
        "wasserstein sd": 0.014891301240361261
    },
    "enrolled_university_no_enrollment_relative_bias": {
        "bias mean": 1.5940317311188437,
        "bias sd": 1.2472024919215052,
        "wasserstein mean": 0.037473869353268616,
        "wasserstein sd": 0.029141470468197397
    },
    "education_level_Masters_relative_bias": {
        "bias mean": 3.3380246314483637,
        "bias sd": 3.0093586300313477,
        "wasserstein mean": 0.0201397047784094,
        "wasserstein sd": 0.017417971239861545
    },
    "education_level_Phd_relative_bias": {
        "bias mean": 10.894036275119666,
        "bias sd": 8.425357302022086,
        "wasserstein mean": 0.018823198915737728,
        "wasserstein sd": 0.015357346158280976
    },
    "major_discipline_Business Degree_relative_bias": {
        "bias mean": 17.12249162012406,
        "bias sd": 19.587122878335062,
        "wasserstein mean": 0.022720308107171946,
        "wasserstein sd": 0.021236868700900795
    },
    "major_discipline_Humanities_relative_bias": {
        "bias mean": 9.0434858437964,
        "bias sd": 9.960918300387078,
        "wasserstein mean": 0.01778754097564348,
        "wasserstein sd": 0.016465853415983674
    },
    "major_discipline_No Major_relative_bias": {
        "bias mean": 21.261564796373282,
        "bias sd": 18.044771142311117,
        "wasserstein mean": 0.02018902309357095,
        "wasserstein sd": 0.013295428440190866
    },
    "major_discipline_Other_relative_bias": {
        "bias mean": 20.484957276421348,
        "bias sd": 16.62983094466334,
        "wasserstein mean": 0.027948589933856204,
        "wasserstein sd": 0.020804493167093055
    },
    "major_discipline_STEM_relative_bias": {
        "bias mean": 1.0109126038682574,
        "bias sd": 0.6747980808788041,
        "wasserstein mean": 0.0291327155172905,
        "wasserstein sd": 0.01953352510991402
    },
    "company_size_100-500_relative_bias": {
        "bias mean": 4.593060444238391,
        "bias sd": 2.544053845444982,
        "wasserstein mean": 0.02287337330132541,
        "wasserstein sd": 0.012438926804975044
    },
    "company_size_1000-4999_relative_bias": {
        "bias mean": 9.451906205734664,
        "bias sd": 6.547838092403863,
        "wasserstein mean": 0.03237101097919647,
        "wasserstein sd": 0.02229199256121721
    },
    "company_size_10000+_relative_bias": {
        "bias mean": 4.806579852577807,
        "bias sd": 3.705257311440478,
        "wasserstein mean": 0.020379646572460754,
        "wasserstein sd": 0.01475838409329919
    },
    "company_size_50-99_relative_bias": {
        "bias mean": 3.692994471176811,
        "bias sd": 2.8728526449826344,
        "wasserstein mean": 0.01983631096573701,
        "wasserstein sd": 0.015437464613649974
    },
    "company_size_500-999_relative_bias": {
        "bias mean": 9.229712971535465,
        "bias sd": 8.613869016538635,
        "wasserstein mean": 0.025420890233404474,
        "wasserstein sd": 0.025816431670900558
    },
    "company_size_5000-9999_relative_bias": {
        "bias mean": 12.351341744158505,
        "bias sd": 8.999544358278808,
        "wasserstein mean": 0.026223888128817256,
        "wasserstein sd": 0.018525079391014002
    },
    "company_size_<10_relative_bias": {
        "bias mean": 9.061446030216441,
        "bias sd": 6.0766394613308785,
        "wasserstein mean": 0.028807854318764564,
        "wasserstein sd": 0.017878566782221324
    },
    "company_type_Funded Startup_relative_bias": {
        "bias mean": 10.191994608182897,
        "bias sd": 6.197722488384129,
        "wasserstein mean": 0.031438319448073224,
        "wasserstein sd": 0.01877734797396108
    },
    "company_type_NGO_relative_bias": {
        "bias mean": 9.402501014710612,
        "bias sd": 4.347781902383681,
        "wasserstein mean": 0.018646689267487502,
        "wasserstein sd": 0.008241451587204055
    },
    "company_type_Other_relative_bias": {
        "bias mean": 39.990131340360755,
        "bias sd": 28.585945899418913,
        "wasserstein mean": 0.03504126881851225,
        "wasserstein sd": 0.01875344821420046
    },
    "company_type_Public Sector_relative_bias": {
        "bias mean": 6.256012494918417,
        "bias sd": 4.041783034282017,
        "wasserstein mean": 0.01641862117013716,
        "wasserstein sd": 0.010973586141009524
    },
    "company_type_Pvt Ltd_relative_bias": {
        "bias mean": 1.1323510395706529,
        "bias sd": 0.8767474902228778,
        "wasserstein mean": 0.020041469959286837,
        "wasserstein sd": 0.015472290338998667
    },
    "last_new_job_2_relative_bias": {
        "bias mean": 5.927485915677737,
        "bias sd": 4.274103978592975,
        "wasserstein mean": 0.02754103806703282,
        "wasserstein sd": 0.021059747014374523
    },
    "last_new_job_3_relative_bias": {
        "bias mean": 9.835623358597845,
        "bias sd": 8.066548533612552,
        "wasserstein mean": 0.02807498062464579,
        "wasserstein sd": 0.024912128576070197
    },
    "last_new_job_4_relative_bias": {
        "bias mean": 6.62405382507058,
        "bias sd": 5.67670868125171,
        "wasserstein mean": 0.017821198035201578,
        "wasserstein sd": 0.015129761512407037
    },
    "last_new_job_>4_relative_bias": {
        "bias mean": 6.7756619350952505,
        "bias sd": 3.7089162218361844,
        "wasserstein mean": 0.03528834876744584,
        "wasserstein sd": 0.018930951926715667
    },
    "last_new_job_never_relative_bias": {
        "bias mean": 12.340513549896475,
        "bias sd": 9.194536642113956,
        "wasserstein mean": 0.026582017069906642,
        "wasserstein sd": 0.02090912341761374
    }
}