{"MMDs": {"mean": 0.031650500193810986, "sd": 0.006228861549127945}, "auroc": {"mean": 0.9425717117566778, "sd": 0.019004537396294575}, "auprc": {"mean": 0.9523017039443418, "sd": 0.017251818967300114}, "remaining samples": {"mean": 208.3, "sd": 5.964059020499379}, "all_samples": 308, "clump_thickness_relative_bias": {"bias mean": 1.400586508852387, "bias sd": 0.7665333599690408, "wasserstein mean": 0.061898079702794595, "wasserstein sd": 0.02075577261086258}, "uniformity_of_cell_size_relative_bias": {"bias mean": 3.470714504106, "bias sd": 1.1798990259391535, "wasserstein mean": 0.05603753223318969, "wasserstein sd": 0.01822449964998323}, "uniformity_of_cell_shape_relative_bias": {"bias mean": 3.202187518204194, "bias sd": 1.292056038517039, "wasserstein mean": 0.05692849477221234, "wasserstein sd": 0.017049242872049387}, "marginal_adhesion_relative_bias": {"bias mean": 3.1104823029245967, "bias sd": 1.1517799322689117, "wasserstein mean": 0.053069955254374336, "wasserstein sd": 0.015214605125643859}, "single_epithelial_cell_size_relative_bias": {"bias mean": 3.191321306368451, "bias sd": 1.1635721118574835, "wasserstein mean": 0.09039831028541237, "wasserstein sd": 0.0324111251493749}, "bare_nuclei_relative_bias": {"bias mean": 1.4264410950592867, "bias sd": 1.10189864032063, "wasserstein mean": 0.039584936022872434, "wasserstein sd": 0.01363081726732248}, "bland_chromatin_relative_bias": {"bias mean": 2.31371631040239, "bias sd": 0.9753976751701781, "wasserstein mean": 0.07087134484286244, "wasserstein sd": 0.022256125192596437}, "normal_nucleoli_relative_bias": {"bias mean": 3.3684867316818004, "bias sd": 1.3667763873712235, "wasserstein mean": 0.053875656623444, "wasserstein sd": 0.015295340944383496}, "mitoses_relative_bias": {"bias mean": 7.287032557737751, "bias sd": 2.0696455455239797, "wasserstein mean": 0.11580148314587552, "wasserstein sd": 0.03819542917851968}, "class_relative_bias": {"bias mean": 2.2396775259022217, "bias sd": 1.5690802981753014, "wasserstein mean": 0.014480907676453787, "wasserstein sd": 0.010050000413222298}}