{
    "logistig regression p values": {
        "GBS": 0.4525927558155326,
        "Weighted mrs": 0.8949943250019292,
        "Weighted adaDeBoost": 0.8182079124295106
    }
}