{
    "logistig regression p values": {
        "GBS": 0.4525927558155326,
        "Weighted mrs": 0.3597763429349865,
        "Weighted adaDeBoost": 0.10845017333237088
    }
}