{
    "logistig regression p values": {
        "GBS": 0.4525927558155326,
        "Weighted mrs": 0.20457043384063545,
        "Weighted adaDeBoost": 0.7063873820725417
    }
}