{"logistig regression p values": {"GBS": 0.4525927558155326, "Weighted mrs": 0.789067536665137, "Weighted adaDeBoost": 0.14703839338881608}}