{
    "MMDs": {
        "mean": 0.012199025455923112,
        "sd": 0.0008642887659642845
    },
    "auroc": {
        "mean": 0.6116160199720302,
        "sd": 0.11279039212110124
    },
    "auprc": {
        "mean": 0.1647689888369602,
        "sd": 0.007620744534549302
    },
    "mse": {
        "mean": 0.0,
        "sd": 0.0
    },
    "remaining samples": {
        "mean": 2123.65,
        "sd": 11.883917704191662
    },
    "all_samples": 2093,
    "city_development_index_relative_bias": {
        "bias mean": 0.4372846851253415,
        "bias sd": 0.2028841478380653,
        "wasserstein mean": 0.03294138828862776,
        "wasserstein sd": 0.01377403885054908
    },
    "experience_relative_bias": {
        "bias mean": 3.0038789927178247,
        "bias sd": 1.0422056516811573,
        "wasserstein mean": 0.05337280715404361,
        "wasserstein sd": 0.018140562859658607
    },
    "training_hours_relative_bias": {
        "bias mean": 1.062052969889943,
        "bias sd": 1.2367363831893319,
        "wasserstein mean": 0.015495184619562105,
        "wasserstein sd": 0.011964389845732323
    },
    "target_relative_bias": {
        "bias mean": 82.75957410894513,
        "bias sd": 2.443480899589318,
        "wasserstein mean": 0.13578255970779415,
        "wasserstein sd": 0.008581947060348573
    },
    "gender_Male_relative_bias": {
        "bias mean": 0.19261819128952803,
        "bias sd": 0.16908007085174598,
        "wasserstein mean": 0.00582955876987611,
        "wasserstein sd": 0.005118402232275302
    },
    "gender_Other_relative_bias": {
        "bias mean": 7.628645388978688,
        "bias sd": 5.103926892630179,
        "wasserstein mean": 0.00740630195308663,
        "wasserstein sd": 0.005093255891956435
    },
    "relevent_experience_No relevent experience_relative_bias": {
        "bias mean": 2.6366807155380068,
        "bias sd": 1.5739162989317652,
        "wasserstein mean": 0.009855653467748271,
        "wasserstein sd": 0.006057836468122562
    },
    "enrolled_university_Part time course_relative_bias": {
        "bias mean": 6.310609546376323,
        "bias sd": 2.1914816121778853,
        "wasserstein mean": 0.015548669860463035,
        "wasserstein sd": 0.005564612140776741
    },
    "enrolled_university_no_enrollment_relative_bias": {
        "bias mean": 1.092404892290783,
        "bias sd": 0.3103701517147981,
        "wasserstein mean": 0.02583135554773248,
        "wasserstein sd": 0.007288844119873493
    },
    "education_level_Masters_relative_bias": {
        "bias mean": 1.2894366105415451,
        "bias sd": 0.8119145811869533,
        "wasserstein mean": 0.007841299125095848,
        "wasserstein sd": 0.0049642002138433885
    },
    "education_level_Phd_relative_bias": {
        "bias mean": 4.830608976326026,
        "bias sd": 3.1680930967008885,
        "wasserstein mean": 0.008370276864822982,
        "wasserstein sd": 0.005528043788259836
    },
    "major_discipline_Business Degree_relative_bias": {
        "bias mean": 4.745565471103866,
        "bias sd": 3.7438659690475853,
        "wasserstein mean": 0.006700884075254566,
        "wasserstein sd": 0.00557130521568931
    },
    "major_discipline_Humanities_relative_bias": {
        "bias mean": 3.2223698923778628,
        "bias sd": 2.9252234253416804,
        "wasserstein mean": 0.006895561161883024,
        "wasserstein sd": 0.0067099661670518935
    },
    "major_discipline_No Major_relative_bias": {
        "bias mean": 6.962048690017643,
        "bias sd": 4.610918511872364,
        "wasserstein mean": 0.007851519354282339,
        "wasserstein sd": 0.00519323211918904
    },
    "major_discipline_Other_relative_bias": {
        "bias mean": 3.7779779525638424,
        "bias sd": 3.161402217309397,
        "wasserstein mean": 0.005229928089326072,
        "wasserstein sd": 0.00427632117248093
    },
    "major_discipline_STEM_relative_bias": {
        "bias mean": 0.31513557240701906,
        "bias sd": 0.24778471554064826,
        "wasserstein mean": 0.009046527864126146,
        "wasserstein sd": 0.007097096867652669
    },
    "company_size_100-500_relative_bias": {
        "bias mean": 1.0654784696304973,
        "bias sd": 0.7909678798714791,
        "wasserstein mean": 0.005374837657754539,
        "wasserstein sd": 0.00399229779615661
    },
    "company_size_1000-4999_relative_bias": {
        "bias mean": 2.178801683129877,
        "bias sd": 1.6104932181329157,
        "wasserstein mean": 0.007474664190507009,
        "wasserstein sd": 0.005717682732596261
    },
    "company_size_10000+_relative_bias": {
        "bias mean": 1.1056354063991225,
        "bias sd": 1.3045334226091574,
        "wasserstein mean": 0.004772579389372229,
        "wasserstein sd": 0.005682886232674629
    },
    "company_size_50-99_relative_bias": {
        "bias mean": 1.3789219234435668,
        "bias sd": 0.8876971361574757,
        "wasserstein mean": 0.007377216031232985,
        "wasserstein sd": 0.004740073148488112
    },
    "company_size_500-999_relative_bias": {
        "bias mean": 1.9001400495939638,
        "bias sd": 1.2437832961497088,
        "wasserstein mean": 0.005089306483216056,
        "wasserstein sd": 0.00334442661132894
    },
    "company_size_5000-9999_relative_bias": {
        "bias mean": 3.066968211189962,
        "bias sd": 2.2157776573802446,
        "wasserstein mean": 0.006576260625657712,
        "wasserstein sd": 0.004850912566250783
    },
    "company_size_<10_relative_bias": {
        "bias mean": 1.887291007298884,
        "bias sd": 1.2269135434352672,
        "wasserstein mean": 0.00604801543933658,
        "wasserstein sd": 0.003907119958108579
    },
    "company_type_Funded Startup_relative_bias": {
        "bias mean": 2.6836251188428024,
        "bias sd": 2.7245860462845597,
        "wasserstein mean": 0.008380073825658387,
        "wasserstein sd": 0.008909037250555025
    },
    "company_type_NGO_relative_bias": {
        "bias mean": 2.829212526679915,
        "bias sd": 2.392317353097104,
        "wasserstein mean": 0.005846244418487988,
        "wasserstein sd": 0.0051641097990356615
    },
    "company_type_Other_relative_bias": {
        "bias mean": 7.183134022196756,
        "bias sd": 6.930835549729006,
        "wasserstein mean": 0.005957030959226028,
        "wasserstein sd": 0.005259096347601357
    },
    "company_type_Public Sector_relative_bias": {
        "bias mean": 3.0593545362696997,
        "bias sd": 2.141593775985321,
        "wasserstein mean": 0.008212914236234898,
        "wasserstein sd": 0.005831028666118502
    },
    "company_type_Pvt Ltd_relative_bias": {
        "bias mean": 0.8134465065112988,
        "bias sd": 0.8024982997165244,
        "wasserstein mean": 0.01436477959987735,
        "wasserstein sd": 0.014164831935348949
    },
    "last_new_job_2_relative_bias": {
        "bias mean": 1.3767821311545898,
        "bias sd": 1.2172446650173014,
        "wasserstein mean": 0.006342526338993594,
        "wasserstein sd": 0.0054654874448848804
    },
    "last_new_job_3_relative_bias": {
        "bias mean": 1.6543505061078982,
        "bias sd": 1.2000433566913635,
        "wasserstein mean": 0.004452081360181295,
        "wasserstein sd": 0.003276025969302995
    },
    "last_new_job_4_relative_bias": {
        "bias mean": 1.9661642049361974,
        "bias sd": 1.396616055453652,
        "wasserstein mean": 0.005178183725630138,
        "wasserstein sd": 0.0036823212632488837
    },
    "last_new_job_>4_relative_bias": {
        "bias mean": 5.150221082514194,
        "bias sd": 1.9577721397304464,
        "wasserstein mean": 0.026872213282827996,
        "wasserstein sd": 0.010139617853201248
    },
    "last_new_job_never_relative_bias": {
        "bias mean": 4.658289277502514,
        "bias sd": 2.455907659860009,
        "wasserstein mean": 0.009594487274287187,
        "wasserstein sd": 0.004984959037686548
    }
}