{
    "MMDs": {
        "mean": 0.04217799600208877,
        "sd": 0.0041935342869701756
    },
    "auroc": {
        "mean": 0.788507960643712,
        "sd": 0.021291805110708314
    },
    "auprc": {
        "mean": 0.6127744233865399,
        "sd": 0.01973843938038274
    },
    "mse": {
        "mean": 1.185510660449674,
        "sd": 0.040134337425169996
    },
    "remaining samples": {
        "mean": 2250.0,
        "sd": 0.0
    },
    "all_samples": 2250,
    "AGEP_relative_bias": {
        "bias mean": 0.2219658921462983,
        "bias sd": 0.1342360353070031,
        "wasserstein mean": 0.024300690869383784,
        "wasserstein sd": 0.004033947078807896
    },
    "WKHP_relative_bias": {
        "bias mean": 0.31441893407769783,
        "bias sd": 0.09989240499385453,
        "wasserstein mean": 0.029787334290024652,
        "wasserstein sd": 0.00594150903710451
    },
    "COW_Employee of a private for-profit company or business, or of an individual, for wages, salary, or commissions_relative_bias": {
        "bias mean": 0.38716550560034957,
        "bias sd": 0.1842169314897092,
        "wasserstein mean": 0.005335581204677451,
        "wasserstein sd": 0.002533603417878621
    },
    "COW_Employee of a private not-for-profit, tax-exempt, or charitable organization_relative_bias": {
        "bias mean": 1.3431511986022953,
        "bias sd": 0.8039149113209222,
        "wasserstein mean": 0.003695121335892869,
        "wasserstein sd": 0.002287444637023123
    },
    "COW_Federal government employee_relative_bias": {
        "bias mean": 1.858996282342949,
        "bias sd": 1.267854122696832,
        "wasserstein mean": 0.003018808376214215,
        "wasserstein sd": 0.0020579049130675198
    },
    "COW_Local government employee (city, county, etc.)_relative_bias": {
        "bias mean": 1.4746024787021983,
        "bias sd": 1.1329163106367948,
        "wasserstein mean": 0.004332035093950396,
        "wasserstein sd": 0.0034022399303494577
    },
    "COW_Self-employed in own incorporated business, professional practice or farm_relative_bias": {
        "bias mean": 1.439145319393523,
        "bias sd": 1.0130788954194476,
        "wasserstein mean": 0.0028543992964403905,
        "wasserstein sd": 0.0020479812046990853
    },
    "COW_Self-employed in own not incorporated business, professional practice, or farm_relative_bias": {
        "bias mean": 1.3151730566538657,
        "bias sd": 1.0585914742557054,
        "wasserstein mean": 0.00397107334022389,
        "wasserstein sd": 0.003216526896821842
    },
    "COW_State government employee_relative_bias": {
        "bias mean": 1.7781229278966921,
        "bias sd": 1.1293373982121901,
        "wasserstein mean": 0.003661513827158524,
        "wasserstein sd": 0.002499254122947666
    },
    "COW_Working without pay in family business or farm_relative_bias": {
        "bias mean": 100.0,
        "bias sd": 0.0,
        "wasserstein mean": 0.05130063794657831,
        "wasserstein sd": 0.015218809700018926
    },
    "SCHL_1 or more years of college credit, no degree_relative_bias": {
        "bias mean": 3.2538965178920094,
        "bias sd": 1.3593271497155104,
        "wasserstein mean": 0.014414156043070073,
        "wasserstein sd": 0.0061521721698950095
    },
    "SCHL_12th grade - no diploma_relative_bias": {
        "bias mean": 4.2548027913323825,
        "bias sd": 2.460400072623095,
        "wasserstein mean": 0.006542252028521019,
        "wasserstein sd": 0.004018284229885436
    },
    "SCHL_Associate's degree_relative_bias": {
        "bias mean": 3.112756725849079,
        "bias sd": 1.114020692382215,
        "wasserstein mean": 0.009310959558797237,
        "wasserstein sd": 0.0033441748466103917
    },
    "SCHL_Bachelor's degree_relative_bias": {
        "bias mean": 4.953427447621055,
        "bias sd": 0.7942647251391833,
        "wasserstein mean": 0.02753076547758382,
        "wasserstein sd": 0.004331950181761878
    },
    "SCHL_Doctorate degree_relative_bias": {
        "bias mean": 3.074694806596644,
        "bias sd": 1.6391084048740865,
        "wasserstein mean": 0.004117582966037264,
        "wasserstein sd": 0.002183453915295907
    },
    "SCHL_GED or alternative credential_relative_bias": {
        "bias mean": 4.860051253340783,
        "bias sd": 2.749176107440605,
        "wasserstein mean": 0.007066188080760591,
        "wasserstein sd": 0.004571756302265159
    },
    "SCHL_Grade 1_relative_bias": {
        "bias mean": 100.0,
        "bias sd": 0.0,
        "wasserstein mean": 0.025664612728570395,
        "wasserstein sd": 0.019129272892430705
    },
    "SCHL_Grade 10_relative_bias": {
        "bias mean": 72.07866180847154,
        "bias sd": 38.17153346753266,
        "wasserstein mean": 0.06817380177971011,
        "wasserstein sd": 0.041967299484719646
    },
    "SCHL_Grade 11_relative_bias": {
        "bias mean": 8.641592948986759,
        "bias sd": 3.8620984379477536,
        "wasserstein mean": 0.011182460625591056,
        "wasserstein sd": 0.005030255235467085
    },
    "SCHL_Grade 2_relative_bias": {
        "bias mean": 95.00000000000001,
        "bias sd": 21.79449471770337,
        "wasserstein mean": 0.036910511948876935,
        "wasserstein sd": 0.024371733473492672
    },
    "SCHL_Grade 3_relative_bias": {
        "bias mean": 100.0,
        "bias sd": 0.0,
        "wasserstein mean": 0.05371168544637796,
        "wasserstein sd": 0.018812924372957528
    },
    "SCHL_Grade 4_relative_bias": {
        "bias mean": 100.0,
        "bias sd": 0.0,
        "wasserstein mean": 0.0456806973101973,
        "wasserstein sd": 0.01876699804531887
    },
    "SCHL_Grade 5_relative_bias": {
        "bias mean": 100.0,
        "bias sd": 0.0,
        "wasserstein mean": 0.050453352831314524,
        "wasserstein sd": 0.01726948056630006
    },
    "SCHL_Grade 6_relative_bias": {
        "bias mean": 3.595096081877702,
        "bias sd": 1.8369520024316424,
        "wasserstein mean": 0.004715618964533962,
        "wasserstein sd": 0.0025558861738936398
    },
    "SCHL_Grade 7_relative_bias": {
        "bias mean": 100.0,
        "bias sd": 0.0,
        "wasserstein mean": 0.05287333824139566,
        "wasserstein sd": 0.02145077744166189
    },
    "SCHL_Grade 8_relative_bias": {
        "bias mean": 100.0,
        "bias sd": 0.0,
        "wasserstein mean": 0.08330538292729983,
        "wasserstein sd": 0.018854478437744928
    },
    "SCHL_Grade 9_relative_bias": {
        "bias mean": 6.901000446141978,
        "bias sd": 4.756188224862256,
        "wasserstein mean": 0.006781410474767109,
        "wasserstein sd": 0.004191974178323901
    },
    "SCHL_Kindergarten_relative_bias": {
        "bias mean": 100.0,
        "bias sd": 0.0,
        "wasserstein mean": 0.024398113350492412,
        "wasserstein sd": 0.0237817583245214
    },
    "SCHL_Master's degree_relative_bias": {
        "bias mean": 4.963093538519377,
        "bias sd": 0.8422448570832827,
        "wasserstein mean": 0.016875385957224983,
        "wasserstein sd": 0.002712002362004401
    },
    "SCHL_No schooling completed_relative_bias": {
        "bias mean": 5.875548795165561,
        "bias sd": 4.325975599056243,
        "wasserstein mean": 0.008099668412747823,
        "wasserstein sd": 0.006018759869410288
    },
    "SCHL_Nursery school, preschool_relative_bias": {
        "bias mean": 24.999999999999996,
        "bias sd": 43.301270189221924,
        "wasserstein mean": 0.00806350929701619,
        "wasserstein sd": 0.015063438066855103
    },
    "SCHL_Professional degree beyond a bachelor's degree_relative_bias": {
        "bias mean": 4.2556983883873425,
        "bias sd": 1.325841650887054,
        "wasserstein mean": 0.0072734948851824275,
        "wasserstein sd": 0.002379821678920497
    },
    "SCHL_Regular high school diploma_relative_bias": {
        "bias mean": 2.217973724988835,
        "bias sd": 1.0478807323375126,