{
    "MMDs": {
        "mean": 0.04325536551032104,
        "sd": 0.0038201581368856753
    },
    "auroc": {
        "mean": 0.7974534046819494,
        "sd": 0.011778884406697611
    },
    "auprc": {
        "mean": 0.7071450975349898,
        "sd": 0.021716063963177795
    },
    "remaining samples": {
        "mean": 2250.0,
        "sd": 0.0
    },
    "all_samples": 2250,
    "AGEP_relative_bias": {
        "bias mean": 0.1709862495095967,
        "bias sd": 0.10246717323002774,
        "wasserstein mean": 0.0242448145821661,
        "wasserstein sd": 0.0048553484833924795
    },
    "WKHP_relative_bias": {
        "bias mean": 0.28832943322112675,
        "bias sd": 0.139765374669281,
        "wasserstein mean": 0.030561461341916493,
        "wasserstein sd": 0.007922726075953916
    },
    "COW_Employee of a private for-profit company or business, or of an individual, for wages, salary, or commissions_relative_bias": {
        "bias mean": 0.361425863341994,
        "bias sd": 0.2457569399381351,
        "wasserstein mean": 0.004957255386945766,
        "wasserstein sd": 0.0033705785035855946
    },
    "COW_Employee of a private not-for-profit, tax-exempt, or charitable organization_relative_bias": {
        "bias mean": 1.803089235845092,
        "bias sd": 1.1497738080834032,
        "wasserstein mean": 0.004982457283867699,
        "wasserstein sd": 0.003177205955854594
    },
    "COW_Federal government employee_relative_bias": {
        "bias mean": 1.5123279310868056,
        "bias sd": 1.036538170607182,
        "wasserstein mean": 0.0023873412756407666,
        "wasserstein sd": 0.0015902168545075144
    },
    "COW_Local government employee (city, county, etc.)_relative_bias": {
        "bias mean": 1.5598939731126165,
        "bias sd": 0.9555511347662136,
        "wasserstein mean": 0.004615297542963182,
        "wasserstein sd": 0.002826985510379194
    },
    "COW_Self-employed in own incorporated business, professional practice or farm_relative_bias": {
        "bias mean": 1.4501047972569452,
        "bias sd": 1.0499702320114934,
        "wasserstein mean": 0.0029319239229514244,
        "wasserstein sd": 0.0021204674786000684
    },
    "COW_Self-employed in own not incorporated business, professional practice, or farm_relative_bias": {
        "bias mean": 1.6138229595398588,
        "bias sd": 0.9882131534791265,
        "wasserstein mean": 0.004946637118607596,
        "wasserstein sd": 0.0030947977703187765
    },
    "COW_State government employee_relative_bias": {
        "bias mean": 1.6829959204917848,
        "bias sd": 1.2099225729743206,
        "wasserstein mean": 0.0034954956052944968,
        "wasserstein sd": 0.002465783482860707
    },
    "COW_Working without pay in family business or farm_relative_bias": {
        "bias mean": 100.0,
        "bias sd": 0.0,
        "wasserstein mean": 0.05933030301647756,
        "wasserstein sd": 0.019070998018285882
    },
    "SCHL_1 or more years of college credit, no degree_relative_bias": {
        "bias mean": 3.3314123597430045,
        "bias sd": 1.1630163669133673,
        "wasserstein mean": 0.014730340863418467,
        "wasserstein sd": 0.00503575705152853
    },
    "SCHL_12th grade - no diploma_relative_bias": {
        "bias mean": 4.308460636271457,
        "bias sd": 2.290884597689004,
        "wasserstein mean": 0.006840592110613653,
        "wasserstein sd": 0.003717386505338186
    },
    "SCHL_Associate's degree_relative_bias": {
        "bias mean": 3.0508726444864145,
        "bias sd": 1.200088416711768,
        "wasserstein mean": 0.0087847938744804,
        "wasserstein sd": 0.0034364937386533513
    },
    "SCHL_Bachelor's degree_relative_bias": {
        "bias mean": 5.114672876369597,
        "bias sd": 0.8410196839207297,
        "wasserstein mean": 0.028127428317693628,
        "wasserstein sd": 0.0043781151687582905
    },
    "SCHL_Doctorate degree_relative_bias": {
        "bias mean": 3.1645516768143573,
        "bias sd": 1.6988560504925145,
        "wasserstein mean": 0.004452757341344599,
        "wasserstein sd": 0.0023312194247141196
    },
    "SCHL_GED or alternative credential_relative_bias": {
        "bias mean": 4.541182871566622,
        "bias sd": 2.560761253783419,
        "wasserstein mean": 0.0066802154321962195,
        "wasserstein sd": 0.0038701327924193798
    },
    "SCHL_Grade 1_relative_bias": {
        "bias mean": 100.0,
        "bias sd": 0.0,
        "wasserstein mean": 0.026349002401332394,
        "wasserstein sd": 0.024487860344678123
    },
    "SCHL_Grade 10_relative_bias": {
        "bias mean": 79.03328088257624,
        "bias sd": 35.43563489691711,
        "wasserstein mean": 0.07124971277901009,
        "wasserstein sd": 0.03492323885218156
    },
    "SCHL_Grade 11_relative_bias": {
        "bias mean": 8.25334587773976,
        "bias sd": 4.4712785149620915,
        "wasserstein mean": 0.01053912173756101,
        "wasserstein sd": 0.006158339251410515
    },
    "SCHL_Grade 2_relative_bias": {
        "bias mean": 100.00000000000001,
        "bias sd": 1.582453808973134e-14,
        "wasserstein mean": 0.03951595985115101,
        "wasserstein sd": 0.0188982300120274
    },
    "SCHL_Grade 3_relative_bias": {
        "bias mean": 100.0,
        "bias sd": 0.0,
        "wasserstein mean": 0.05553861352278562,
        "wasserstein sd": 0.02112927425222835
    },
    "SCHL_Grade 4_relative_bias": {
        "bias mean": 100.0,
        "bias sd": 0.0,
        "wasserstein mean": 0.04657639725745628,
        "wasserstein sd": 0.02369799309780408
    },
    "SCHL_Grade 5_relative_bias": {
        "bias mean": 100.0,
        "bias sd": 0.0,
        "wasserstein mean": 0.052626728030202054,
        "wasserstein sd": 0.018452804634509497
    },
    "SCHL_Grade 6_relative_bias": {
        "bias mean": 4.0968829927250825,
        "bias sd": 2.7669643600837146,
        "wasserstein mean": 0.005232953276400982,
        "wasserstein sd": 0.0034416320238038114
    },
    "SCHL_Grade 7_relative_bias": {
        "bias mean": 100.0,
        "bias sd": 0.0,
        "wasserstein mean": 0.05197162239541837,
        "wasserstein sd": 0.019092063499684314
    },
    "SCHL_Grade 8_relative_bias": {
        "bias mean": 100.0,
        "bias sd": 0.0,
        "wasserstein mean": 0.07707025610697428,
        "wasserstein sd": 0.021142490741630958
    },
    "SCHL_Grade 9_relative_bias": {
        "bias mean": 7.070025427373544,
        "bias sd": 4.47154513109698,
        "wasserstein mean": 0.00741588752172978,
        "wasserstein sd": 0.004757707240889805
    },
    "SCHL_Kindergarten_relative_bias": {
        "bias mean": 100.0,
        "bias sd": 0.0,
        "wasserstein mean": 0.017194860837489598,
        "wasserstein sd": 0.0190537647118135
    },
    "SCHL_Master's degree_relative_bias": {
        "bias mean": 5.119605639806315,
        "bias sd": 1.0458577714076016,
        "wasserstein mean": 0.01748784786731332,
        "wasserstein sd": 0.0034389080157693204
    },
    "SCHL_No schooling completed_relative_bias": {
        "bias mean": 6.428728779621634,
        "bias sd": 3.320351988502664,
        "wasserstein mean": 0.008950264646715644,
        "wasserstein sd": 0.005059685660985985
    },
    "SCHL_Nursery school, preschool_relative_bias": {
        "bias mean": 61.99999999999999,
        "bias sd": 48.53864439804639,
        "wasserstein mean": 0.022577826031645452,
        "wasserstein sd": 0.02233199647969483
    },
    "SCHL_Professional degree beyond a bachelor's degree_relative_bias": {
        "bias mean": 3.785130007378295,
        "bias sd": 1.4206452760533788,
        "wasserstein mean": 0.006477621440340885,
        "wasserstein sd": 0.0024507948914597993
    },
    "SCHL_Regular high school diploma_relative_bias": {
        "bias mean": 2.2981278920250583,
        "bias sd": 1.0342924161819962,
        "wasserstein mean": 0.010326069996970846,