{"MMDs": {"mean": 0.04246200839865854, "sd": 0.004070935478271719}, "auroc": {"mean": 0.7829582821534544, "sd": 0.023779088117934232}, "auprc": {"mean": 0.6863328608256211, "sd": 0.038264093218692216}, "remaining samples": {"mean": 2250.0, "sd": 0.0}, "all_samples": 2250, "AGEP_relative_bias": {"bias mean": 0.18603268866786124, "bias sd": 0.1257765901226117, "wasserstein mean": 0.02404804833117124, "wasserstein sd": 0.004805293629417188}, "WKHP_relative_bias": {"bias mean": 0.3012008808612796, "bias sd": 0.14499427918252597, "wasserstein mean": 0.030374108813760525, "wasserstein sd": 0.006694522716859069}, "COW_Employee of a private for-profit company or business, or of an individual, for wages, salary, or commissions_relative_bias": {"bias mean": 0.39182750476368816, "bias sd": 0.26127353281385, "wasserstein mean": 0.005379421051939272, "wasserstein sd": 0.0035913561497791335}, "COW_Employee of a private not-for-profit, tax-exempt, or charitable organization_relative_bias": {"bias mean": 1.6077128607468896, "bias sd": 1.0562839773929018, "wasserstein mean": 0.00443496569800761, "wasserstein sd": 0.0029214999110816343}, "COW_Federal government employee_relative_bias": {"bias mean": 1.728452002616731, "bias sd": 1.3156579745632797, "wasserstein mean": 0.002765610957320709, "wasserstein sd": 0.002084517796678635}, "COW_Local government employee (city, county, etc.)_relative_bias": {"bias mean": 1.573634732956298, "bias sd": 1.0006229310601038, "wasserstein mean": 0.004644387390597388, "wasserstein sd": 0.0029302399997117356}, "COW_Self-employed in own incorporated business, professional practice or farm_relative_bias": {"bias mean": 1.5712967757652132, "bias sd": 1.1063739030642286, "wasserstein mean": 0.003131237254336448, "wasserstein sd": 0.0021777497845821103}, "COW_Self-employed in own not incorporated business, professional practice, or farm_relative_bias": {"bias mean": 1.5512552214265738, "bias sd": 1.1833829637852131, "wasserstein mean": 0.004730871699986404, "wasserstein sd": 0.003656163658178554}, "COW_State government employee_relative_bias": {"bias mean": 1.6517953796319598, "bias sd": 1.32238160504897, "wasserstein mean": 0.0034853190777676723, "wasserstein sd": 0.0028082505930814654}, "COW_Working without pay in family business or farm_relative_bias": {"bias mean": 100.0, "bias sd": 0.0, "wasserstein mean": 0.05528573098126901, "wasserstein sd": 0.019310510420311323}, "SCHL_1 or more years of college credit, no degree_relative_bias": {"bias mean": 3.129477908501211, "bias sd": 1.05923474284914, "wasserstein mean": 0.013864457549215342, "wasserstein sd": 0.004668791683482282}, "SCHL_12th grade - no diploma_relative_bias": {"bias mean": 3.719033503046657, "bias sd": 2.5258274999805086, "wasserstein mean": 0.005758039336727055, "wasserstein sd": 0.003960030033717056}, "SCHL_Associate's degree_relative_bias": {"bias mean": 2.994326507713811, "bias sd": 1.3092565955983206, "wasserstein mean": 0.00879390554813781, "wasserstein sd": 0.0038337837064237527}, "SCHL_Bachelor's degree_relative_bias": {"bias mean": 5.027025449051654, "bias sd": 0.800891766478773, "wasserstein mean": 0.027991126788803708, "wasserstein sd": 0.0043757281576087825}, "SCHL_Doctorate degree_relative_bias": {"bias mean": 3.208668580355831, "bias sd": 1.57581788270988, "wasserstein mean": 0.004518121010705774, "wasserstein sd": 0.0022571342514059174}, "SCHL_GED or alternative credential_relative_bias": {"bias mean": 4.378063255999388, "bias sd": 2.8473402134197845, "wasserstein mean": 0.006512282217900472, "wasserstein sd": 0.004339674839359133}, "SCHL_Grade 1_relative_bias": {"bias mean": 100.0, "bias sd": 0.0, "wasserstein mean": 0.0232008099066276, "wasserstein sd": 0.01975611441097589}, "SCHL_Grade 10_relative_bias": {"bias mean": 76.15585239904719, "bias sd": 37.05872992481718, "wasserstein mean": 0.07010130787435023, "wasserstein sd": 0.03752601164530553}, "SCHL_Grade 11_relative_bias": {"bias mean": 8.167275524518793, "bias sd": 3.64205319125317, "wasserstein mean": 0.01050837039775157, "wasserstein sd": 0.00497569451983585}, "SCHL_Grade 2_relative_bias": {"bias mean": 97.2, "bias sd": 16.497272501840964, "wasserstein mean": 0.03773557045126356, "wasserstein sd": 0.01905666424288048}, "SCHL_Grade 3_relative_bias": {"bias mean": 100.0, "bias sd": 0.0, "wasserstein mean": 0.05372630087098943, "wasserstein sd": 0.018988941023160243}, "SCHL_Grade 4_relative_bias": {"bias mean": 100.0, "bias sd": 0.0, "wasserstein mean": 0.04553738531863623, "wasserstein sd": 0.02011029702471597}, "SCHL_Grade 5_relative_bias": {"bias mean": 100.0, "bias sd": 0.0, "wasserstein mean": 0.05171080562495675, "wasserstein sd": 0.019145317339806452}, "SCHL_Grade 6_relative_bias": {"bias mean": 4.141766390013256, "bias sd": 2.825838679774865, "wasserstein mean": 0.005461369947655592, "wasserstein sd": 0.0038199411559362087}, "SCHL_Grade 7_relative_bias": {"bias mean": 100.0, "bias sd": 0.0, "wasserstein mean": 0.047938493338865615, "wasserstein sd": 0.019654827770275322}, "SCHL_Grade 8_relative_bias": {"bias mean": 100.0, "bias sd": 0.0, "wasserstein mean": 0.07950297771883914, "wasserstein sd": 0.02007095212916899}, "SCHL_Grade 9_relative_bias": {"bias mean": 6.907328080780947, "bias sd": 4.175314090321338, "wasserstein mean": 0.0073545360526051234, "wasserstein sd": 0.004547188133046913}, "SCHL_Kindergarten_relative_bias": {"bias mean": 100.0, "bias sd": 0.0, "wasserstein mean": 0.018449620952657564, "wasserstein sd": 0.019819949635237193}, "SCHL_Master's degree_relative_bias": {"bias mean": 4.928619153042773, "bias sd": 0.9415624874682202, "wasserstein mean": 0.01647223528833517, "wasserstein sd": 0.003188928365551129}, "SCHL_No schooling completed_relative_bias": {"bias mean": 6.866715539609631, "bias sd": 3.343860465576406, "wasserstein mean": 0.00924514027475853, "wasserstein sd": 0.004775032671864521}, "SCHL_Nursery school, preschool_relative_bias": {"bias mean": 50.79999999999999, "bias sd": 49.99359959034748, "wasserstein mean": 0.01667994494582759, "wasserstein sd": 0.0194375874379096}, "SCHL_Professional degree beyond a bachelor's degree_relative_bias": {"bias mean": 3.7635923812428063, "bias sd": 1.4124642939324517, "wasserstein mean": 0.006489836277236084, "wasserstein sd": 0.0024916690698696367}, "SCHL_Regular high school diploma_relative_bias": {"bias mean": 2.322423191854327, "bias sd": 1.1356401295012628, "wasserstein mean": 0.01044343607400047, "wasserstein sd": 0.0050471941559019394}, "SCHL_Some college, but less than 1 year_relative_bias": {"bias mean": 1.6618316963305466, "bias sd": 1.1828222878324475, "wasserstein mean": 0.004405434504217939, "wasserstein sd": 0.0031611244043999423}, "MAR_Divorced_relative_bias": {"bias mean": 1.1315234903806382, "bias sd": 0.868658036129548, "wasserstein mean": 0.0035469338877812916, "wasserstein sd": 0.0027256520094312707}, "MAR_Married_relative_bias": {"bias mean": 1.649598419729414, "bias sd": 0.4269696022621744, "wasserstein mean": 0.017287226324416895, "wasserstein sd": 0.004445729634298432}, "MAR_Never married or under 15 years old_relative_bias": {"bias mean": 1.1538954145282114, "bias sd": 0.5949999199961157, "wasserstein mean": 0.008470553702096971, "wasserstein sd": 0.004367730383165109}, "MAR_Separated_relative_bias": {"bias mean": 12.242303572178537, "bias sd": 3.897774072685406, "wasserstein mean": 0.01720060187585039, "wasserstein sd": 0.005945573587992857}, "MAR_Widowed_relative_bias": {"bias mean": 10.996891839350917, "bias sd": 3.969131748929569, "wasserstein mean": 0.014360175991148385, "wasserstein sd": 0.005740483632408227}, "RELP_Adopted son or daughter_relative_bias": {"bias mean": 100.0, "bias sd": 0.0, "wasserstein mean": 0.050077241321571486, "wasserstein sd": 0.019777793042697923}, "RELP_Biological son or daughter_relative_bias": {"bias mean": 5.275861269306226, "bias sd": 1.1458322063366055, "wasserstein mean": 0.020479135848870924, "wasserstein sd": 0.004466068249587257},