{
    "MMDs": {
        "mean": 0.04225365309577667,
        "sd": 0.0036692521220501777
    },
    "auroc": {
        "mean": 0.7826391138110009,
        "sd": 0.02902563101042193
    },
    "auprc": {
        "mean": 0.6842562810829256,
        "sd": 0.04253783957429714
    },
    "remaining samples": {
        "mean": 2250.0,
        "sd": 0.0
    },
    "all_samples": 2250,
    "AGEP_relative_bias": {
        "bias mean": 0.1900488226682872,
        "bias sd": 0.11702596660399496,
        "wasserstein mean": 0.02487619101412428,
        "wasserstein sd": 0.004394836733341003
    },
    "WKHP_relative_bias": {
        "bias mean": 0.29404693845276425,
        "bias sd": 0.10991831296746321,
        "wasserstein mean": 0.03175650401626372,
        "wasserstein sd": 0.006868350793197433
    },
    "COW_Employee of a private for-profit company or business, or of an individual, for wages, salary, or commissions_relative_bias": {
        "bias mean": 0.3014498264438017,
        "bias sd": 0.2502170354164215,
        "wasserstein mean": 0.004129377089906457,
        "wasserstein sd": 0.003480971178186595
    },
    "COW_Employee of a private not-for-profit, tax-exempt, or charitable organization_relative_bias": {
        "bias mean": 1.7791689676929494,
        "bias sd": 1.1286254700281682,
        "wasserstein mean": 0.005085566808298625,
        "wasserstein sd": 0.0034021757957819736
    },
    "COW_Federal government employee_relative_bias": {
        "bias mean": 1.7685641501060414,
        "bias sd": 1.4030361252084977,
        "wasserstein mean": 0.0029342144722809367,
        "wasserstein sd": 0.002260233547765035
    },
    "COW_Local government employee (city, county, etc.)_relative_bias": {
        "bias mean": 1.4325995444342678,
        "bias sd": 1.063535131063916,
        "wasserstein mean": 0.004167734906970978,
        "wasserstein sd": 0.0029957164264430318
    },
    "COW_Self-employed in own incorporated business, professional practice or farm_relative_bias": {
        "bias mean": 2.187638660165794,
        "bias sd": 1.1903125219213686,
        "wasserstein mean": 0.0041634862073288885,
        "wasserstein sd": 0.0019359602558397537
    },
    "COW_Self-employed in own not incorporated business, professional practice, or farm_relative_bias": {
        "bias mean": 1.5763927650849259,
        "bias sd": 0.973362961139528,
        "wasserstein mean": 0.00484596776666358,
        "wasserstein sd": 0.003012410773183589
    },
    "COW_State government employee_relative_bias": {
        "bias mean": 1.5181183664389237,
        "bias sd": 1.4697382677666895,
        "wasserstein mean": 0.003133067644611743,
        "wasserstein sd": 0.0028451712670990448
    },
    "COW_Working without pay in family business or farm_relative_bias": {
        "bias mean": 100.0,
        "bias sd": 0.0,
        "wasserstein mean": 0.050185406686870014,
        "wasserstein sd": 0.013273907037466948
    },
    "SCHL_1 or more years of college credit, no degree_relative_bias": {
        "bias mean": 2.876688025292712,
        "bias sd": 1.2099072244269182,
        "wasserstein mean": 0.012506019622845421,
        "wasserstein sd": 0.004858044265011526
    },
    "SCHL_12th grade - no diploma_relative_bias": {
        "bias mean": 3.876340602817659,
        "bias sd": 2.2960310710266554,
        "wasserstein mean": 0.005983503914112567,
        "wasserstein sd": 0.0036786908129565225
    },
    "SCHL_Associate's degree_relative_bias": {
        "bias mean": 2.8233754147398398,
        "bias sd": 1.1401101607585276,
        "wasserstein mean": 0.008252650296000256,
        "wasserstein sd": 0.003512556489426697
    },
    "SCHL_Bachelor's degree_relative_bias": {
        "bias mean": 5.146440247191312,
        "bias sd": 0.6150837675662373,
        "wasserstein mean": 0.028852527181947925,
        "wasserstein sd": 0.0031697723310242826
    },
    "SCHL_Doctorate degree_relative_bias": {
        "bias mean": 2.840326041566775,
        "bias sd": 1.8174605840113933,
        "wasserstein mean": 0.004108930154286458,
        "wasserstein sd": 0.0026038464319036087
    },
    "SCHL_GED or alternative credential_relative_bias": {
        "bias mean": 4.527928462815505,
        "bias sd": 2.660279586896183,
        "wasserstein mean": 0.0064866154178160355,
        "wasserstein sd": 0.0039000024838680763
    },
    "SCHL_Grade 1_relative_bias": {
        "bias mean": 100.0,
        "bias sd": 0.0,
        "wasserstein mean": 0.018820716000951306,
        "wasserstein sd": 0.019432931122135302
    },
    "SCHL_Grade 10_relative_bias": {
        "bias mean": 71.8130083961368,
        "bias sd": 38.48114532875338,
        "wasserstein mean": 0.0650156629644058,
        "wasserstein sd": 0.03562353570531103
    },
    "SCHL_Grade 11_relative_bias": {
        "bias mean": 9.045997207605241,
        "bias sd": 4.1584872583003625,
        "wasserstein mean": 0.011925576466035655,
        "wasserstein sd": 0.005115225153342882
    },
    "SCHL_Grade 2_relative_bias": {
        "bias mean": 100.00000000000001,
        "bias sd": 1.6202867315927535e-14,
        "wasserstein mean": 0.05265175969178032,
        "wasserstein sd": 0.026652611040200832
    },
    "SCHL_Grade 3_relative_bias": {
        "bias mean": 100.0,
        "bias sd": 0.0,
        "wasserstein mean": 0.05517322790750403,
        "wasserstein sd": 0.016254527249486814
    },
    "SCHL_Grade 4_relative_bias": {
        "bias mean": 100.0,
        "bias sd": 0.0,
        "wasserstein mean": 0.04433714738930942,
        "wasserstein sd": 0.015377631712306406
    },
    "SCHL_Grade 5_relative_bias": {
        "bias mean": 100.0,
        "bias sd": 0.0,
        "wasserstein mean": 0.05511058540035898,
        "wasserstein sd": 0.01680982131061822
    },
    "SCHL_Grade 6_relative_bias": {
        "bias mean": 3.3520003306007005,
        "bias sd": 2.478102548372197,
        "wasserstein mean": 0.004342129023358075,
        "wasserstein sd": 0.00349093097915236
    },
    "SCHL_Grade 7_relative_bias": {
        "bias mean": 100.0,
        "bias sd": 0.0,
        "wasserstein mean": 0.051233854885073274,
        "wasserstein sd": 0.01774792794571162
    },
    "SCHL_Grade 8_relative_bias": {
        "bias mean": 100.0,
        "bias sd": 0.0,
        "wasserstein mean": 0.07691693331631058,
        "wasserstein sd": 0.023502549575653932
    },
    "SCHL_Grade 9_relative_bias": {
        "bias mean": 5.89395902393322,
        "bias sd": 5.0399413605541366,
        "wasserstein mean": 0.006189499711898937,
        "wasserstein sd": 0.005146794757086243
    },
    "SCHL_Kindergarten_relative_bias": {
        "bias mean": 100.0,
        "bias sd": 0.0,
        "wasserstein mean": 0.017427223821779976,
        "wasserstein sd": 0.027370544769848452
    },
    "SCHL_Master's degree_relative_bias": {
        "bias mean": 4.886791327249918,
        "bias sd": 1.0690079190580608,
        "wasserstein mean": 0.016488202317447864,
        "wasserstein sd": 0.0037815102592442676
    },
    "SCHL_No schooling completed_relative_bias": {
        "bias mean": 6.5776497139541465,
        "bias sd": 3.040773854250108,
        "wasserstein mean": 0.009001295083557329,
        "wasserstein sd": 0.004626353664996023
    },
    "SCHL_Nursery school, preschool_relative_bias": {
        "bias mean": 54.999999999999986,
        "bias sd": 49.74937185533099,
        "wasserstein mean": 0.01843087839318,
        "wasserstein sd": 0.018716645487171918
    },
    "SCHL_Professional degree beyond a bachelor's degree_relative_bias": {
        "bias mean": 3.749679573212556,
        "bias sd": 1.3962776023020664,
        "wasserstein mean": 0.006314119368792563,
        "wasserstein sd": 0.002165889288292688
    },
    "SCHL_Regular high school diploma_relative_bias": {
        "bias mean": 2.5023039988154627,
        "bias sd": 1.0890735668568372,
        "wasserstein mean": 0.01121696720743959,