{"MMDs": {"mean": 0.042822246363763944, "sd": 0.004226553078390823}, "auroc": {"mean": 0.7844498628881218, "sd": 0.02551649720172509}, "auprc": {"mean": 0.6898947846427, "sd": 0.03980831731998169}, "remaining samples": {"mean": 2250.0, "sd": 0.0}, "all_samples": 2250, "AGEP_relative_bias": {"bias mean": 0.17614389072001038, "bias sd": 0.11857409954498091, "wasserstein mean": 0.02400084713772719, "wasserstein sd": 0.0044151035680910266}, "WKHP_relative_bias": {"bias mean": 0.30829821007276104, "bias sd": 0.14202138038375112, "wasserstein mean": 0.029486957624144466, "wasserstein sd": 0.006813131868818222}, "COW_Employee of a private for-profit company or business, or of an individual, for wages, salary, or commissions_relative_bias": {"bias mean": 0.4044412891103482, "bias sd": 0.2684761785173246, "wasserstein mean": 0.005554110019142537, "wasserstein sd": 0.003704487264141596}, "COW_Employee of a private not-for-profit, tax-exempt, or charitable organization_relative_bias": {"bias mean": 1.5771112003508079, "bias sd": 1.024711995464139, "wasserstein mean": 0.004390066313994938, "wasserstein sd": 0.0029355109395793073}, "COW_Federal government employee_relative_bias": {"bias mean": 1.5997381803269612, "bias sd": 1.2199676113831057, "wasserstein mean": 0.002583752934251044, "wasserstein sd": 0.0020040865305222164}, "COW_Local government employee (city, county, etc.)_relative_bias": {"bias mean": 1.693701537942303, "bias sd": 1.0291210096050136, "wasserstein mean": 0.00500029393458672, "wasserstein sd": 0.0030381903718207505}, "COW_Self-employed in own incorporated business, professional practice or farm_relative_bias": {"bias mean": 1.8080401873175211, "bias sd": 1.1898988550930907, "wasserstein mean": 0.003566321037738772, "wasserstein sd": 0.002266402515623631}, "COW_Self-employed in own not incorporated business, professional practice, or farm_relative_bias": {"bias mean": 1.5497216732293908, "bias sd": 1.1148880877918184, "wasserstein mean": 0.0047071439354866235, "wasserstein sd": 0.003381172382962392}, "COW_State government employee_relative_bias": {"bias mean": 1.8068927938163843, "bias sd": 1.53779770304809, "wasserstein mean": 0.0038180799204451665, "wasserstein sd": 0.0032314947424399616}, "COW_Working without pay in family business or farm_relative_bias": {"bias mean": 100.0, "bias sd": 0.0, "wasserstein mean": 0.05724853799835555, "wasserstein sd": 0.01852761318912909}, "SCHL_1 or more years of college credit, no degree_relative_bias": {"bias mean": 3.1516811896059456, "bias sd": 1.094583339249139, "wasserstein mean": 0.013948954682350046, "wasserstein sd": 0.004773608945342751}, "SCHL_12th grade - no diploma_relative_bias": {"bias mean": 3.553217608688489, "bias sd": 2.507229632560158, "wasserstein mean": 0.0054917068712148, "wasserstein sd": 0.004020713262153245}, "SCHL_Associate's degree_relative_bias": {"bias mean": 2.981074534311195, "bias sd": 1.3393624578073295, "wasserstein mean": 0.008709994291943522, "wasserstein sd": 0.00391396237971915}, "SCHL_Bachelor's degree_relative_bias": {"bias mean": 5.063840300449303, "bias sd": 0.8222505727473365, "wasserstein mean": 0.028323977897090048, "wasserstein sd": 0.004536087708978932}, "SCHL_Doctorate degree_relative_bias": {"bias mean": 3.307602532393964, "bias sd": 1.7742837001495624, "wasserstein mean": 0.004631657924836195, "wasserstein sd": 0.0024563143930169304}, "SCHL_GED or alternative credential_relative_bias": {"bias mean": 4.382861531823428, "bias sd": 2.5103764548782417, "wasserstein mean": 0.0066539791429666905, "wasserstein sd": 0.003997268023759901}, "SCHL_Grade 1_relative_bias": {"bias mean": 100.0, "bias sd": 0.0, "wasserstein mean": 0.0196762030919038, "wasserstein sd": 0.0168294120217625}, "SCHL_Grade 10_relative_bias": {"bias mean": 76.91633084700601, "bias sd": 37.10261244323227, "wasserstein mean": 0.06973666656702043, "wasserstein sd": 0.037996605014356845}, "SCHL_Grade 11_relative_bias": {"bias mean": 8.517357389001235, "bias sd": 4.144943134670095, "wasserstein mean": 0.010892222766655633, "wasserstein sd": 0.0053783479087569745}, "SCHL_Grade 2_relative_bias": {"bias mean": 99.0, "bias sd": 9.949874371066201, "wasserstein mean": 0.04179572676564027, "wasserstein sd": 0.021514400488602856}, "SCHL_Grade 3_relative_bias": {"bias mean": 100.0, "bias sd": 0.0, "wasserstein mean": 0.05203091161608334, "wasserstein sd": 0.019007920209483983}, "SCHL_Grade 4_relative_bias": {"bias mean": 100.0, "bias sd": 0.0, "wasserstein mean": 0.043262307452598944, "wasserstein sd": 0.018790708998119996}, "SCHL_Grade 5_relative_bias": {"bias mean": 100.0, "bias sd": 0.0, "wasserstein mean": 0.05185052260202793, "wasserstein sd": 0.018657369434090458}, "SCHL_Grade 6_relative_bias": {"bias mean": 3.8016484770846684, "bias sd": 2.6337693852718425, "wasserstein mean": 0.005134296650606955, "wasserstein sd": 0.003869675618451193}, "SCHL_Grade 7_relative_bias": {"bias mean": 100.0, "bias sd": 0.0, "wasserstein mean": 0.05049608737472824, "wasserstein sd": 0.019664234297326617}, "SCHL_Grade 8_relative_bias": {"bias mean": 100.0, "bias sd": 0.0, "wasserstein mean": 0.07753022447896565, "wasserstein sd": 0.019582347768558765}, "SCHL_Grade 9_relative_bias": {"bias mean": 6.805350659801859, "bias sd": 4.397012863978585, "wasserstein mean": 0.0072026313243725324, "wasserstein sd": 0.0045169474666492855}, "SCHL_Kindergarten_relative_bias": {"bias mean": 100.0, "bias sd": 0.0, "wasserstein mean": 0.01998321664897418, "wasserstein sd": 0.022292319074843758}, "SCHL_Master's degree_relative_bias": {"bias mean": 4.990370001340177, "bias sd": 0.9381184033425428, "wasserstein mean": 0.016787218344069824, "wasserstein sd": 0.003254949200743553}, "SCHL_No schooling completed_relative_bias": {"bias mean": 6.900231466439106, "bias sd": 3.455724568965377, "wasserstein mean": 0.009059608313340661, "wasserstein sd": 0.004674996311554249}, "SCHL_Nursery school, preschool_relative_bias": {"bias mean": 56.99999999999999, "bias sd": 49.50757517794625, "wasserstein mean": 0.019813194272668432, "wasserstein sd": 0.02008986881073931}, "SCHL_Professional degree beyond a bachelor's degree_relative_bias": {"bias mean": 3.8211039622362786, "bias sd": 1.4228431499998384, "wasserstein mean": 0.00656877557623233, "wasserstein sd": 0.0023998159431003704}, "SCHL_Regular high school diploma_relative_bias": {"bias mean": 2.1739903054889367, "bias sd": 1.0575966456940613, "wasserstein mean": 0.009743782514008465, "wasserstein sd": 0.004631967274665174}, "SCHL_Some college, but less than 1 year_relative_bias": {"bias mean": 1.7113518751265309, "bias sd": 1.1841784859219955, "wasserstein mean": 0.004478492406762835, "wasserstein sd": 0.003036025223277484}, "MAR_Divorced_relative_bias": {"bias mean": 1.0973453019803943, "bias sd": 0.7906904387318638, "wasserstein mean": 0.0034118567251037444, "wasserstein sd": 0.00245817569309161}, "MAR_Married_relative_bias": {"bias mean": 1.6793038667978917, "bias sd": 0.4034616260458979, "wasserstein mean": 0.017621265618215608, "wasserstein sd": 0.0042346764032321835}, "MAR_Never married or under 15 years old_relative_bias": {"bias mean": 1.2155857376008365, "bias sd": 0.5768426317378311, "wasserstein mean": 0.008935242097738378, "wasserstein sd": 0.004240875564648055}, "MAR_Separated_relative_bias": {"bias mean": 12.713277732512228, "bias sd": 3.801337257445498, "wasserstein mean": 0.017615009543090684, "wasserstein sd": 0.005658830978026121}, "MAR_Widowed_relative_bias": {"bias mean": 11.056626529973107, "bias sd": 3.9181293929383054, "wasserstein mean": 0.014458067653068018, "wasserstein sd": 0.006036204207244774}, "RELP_Adopted son or daughter_relative_bias": {"bias mean": 100.0, "bias sd": 0.0, "wasserstein mean": 0.05067435957129687, "wasserstein sd": 0.019735008092407278}, "RELP_Biological son or daughter_relative_bias": {"bias mean": 5.279031547653946, "bias sd": 1.1135237064489782, "wasserstein mean": 0.020503508923846326, "wasserstein sd": 0.004358943741039487},