{
    "MMDs": {
        "mean": 0.005992224942655404,
        "sd": 0.0003128462149817924
    },
    "auroc": {
        "mean": 0.6941827695009148,
        "sd": 0.06975336671471455
    },
    "auprc": {
        "mean": 0.3639359130138806,
        "sd": 0.0686867266576757
    },
    "remaining samples": {
        "mean": 2396.84,
        "sd": 4.0117826461561945
    },
    "all_samples": 2396,
    "city_development_index_relative_bias": {
        "bias mean": 0.03858615728728808,
        "bias sd": 0.023001587614084808,
        "wasserstein mean": 0.010234443856904356,
        "wasserstein sd": 0.001990778036583898
    },
    "experience_relative_bias": {
        "bias mean": 0.1661081668531086,
        "bias sd": 0.1339542747056866,
        "wasserstein mean": 0.010186433969020352,
        "wasserstein sd": 0.0018418363925551608
    },
    "training_hours_relative_bias": {
        "bias mean": 0.32412176501358786,
        "bias sd": 0.1993561092479354,
        "wasserstein mean": 0.015973605404153112,
        "wasserstein sd": 0.0023882271716861763
    },
    "target_relative_bias": {
        "bias mean": 18.494191145635224,
        "bias sd": 4.5850946768592955,
        "wasserstein mean": 0.03106226671575457,
        "wasserstein sd": 0.008540336978111178
    },
    "gender_Male_relative_bias": {
        "bias mean": 0.08983221731027256,
        "bias sd": 0.07585733420742351,
        "wasserstein mean": 0.0027142342344294284,
        "wasserstein sd": 0.0022860730888471254
    },
    "gender_Other_relative_bias": {
        "bias mean": 5.9541286422931305,
        "bias sd": 4.181598690334561,
        "wasserstein mean": 0.0054348359972068916,
        "wasserstein sd": 0.0038024668197517036
    },
    "relevent_experience_No relevent experience_relative_bias": {
        "bias mean": 0.7506888668872533,
        "bias sd": 0.6806440685800202,
        "wasserstein mean": 0.002779022497466868,
        "wasserstein sd": 0.0025079136961400307
    },
    "enrolled_university_Part time course_relative_bias": {
        "bias mean": 1.217005838819683,
        "bias sd": 1.0113789566641218,
        "wasserstein mean": 0.003089907882957556,
        "wasserstein sd": 0.002622638478709982
    },
    "enrolled_university_no_enrollment_relative_bias": {
        "bias mean": 0.11412410878008884,
        "bias sd": 0.10087458191301356,
        "wasserstein mean": 0.0026897366971035917,
        "wasserstein sd": 0.002369722521252386
    },
    "education_level_Masters_relative_bias": {
        "bias mean": 0.3211613464366133,
        "bias sd": 0.24940429762433797,
        "wasserstein mean": 0.0019795211347301174,
        "wasserstein sd": 0.0015527150888174843
    },
    "education_level_Phd_relative_bias": {
        "bias mean": 1.5060496875326135,
        "bias sd": 1.1457039872150163,
        "wasserstein mean": 0.0025269137865635435,
        "wasserstein sd": 0.001876587794691248
    },
    "major_discipline_Business Degree_relative_bias": {
        "bias mean": 2.9130845658642617,
        "bias sd": 1.9253620814281236,
        "wasserstein mean": 0.004104954738018546,
        "wasserstein sd": 0.0026526904435159424
    },
    "major_discipline_Humanities_relative_bias": {
        "bias mean": 1.4777017851314513,
        "bias sd": 1.209083376228507,
        "wasserstein mean": 0.0030374753723259474,
        "wasserstein sd": 0.002401060223768339
    },
    "major_discipline_No Major_relative_bias": {
        "bias mean": 3.9194995848359198,
        "bias sd": 2.3712709598885007,
        "wasserstein mean": 0.004449522437748837,
        "wasserstein sd": 0.0028674330144810045
    },
    "major_discipline_Other_relative_bias": {
        "bias mean": 2.7174498223534727,
        "bias sd": 1.8300972034614895,
        "wasserstein mean": 0.0038134698587845984,
        "wasserstein sd": 0.0024886350873055945
    },
    "major_discipline_STEM_relative_bias": {
        "bias mean": 0.1054260267021626,
        "bias sd": 0.08364047070217069,
        "wasserstein mean": 0.003029734669057504,
        "wasserstein sd": 0.0024015627161494517
    },
    "company_size_100-500_relative_bias": {
        "bias mean": 0.4006481939158909,
        "bias sd": 0.3194663479406961,
        "wasserstein mean": 0.0020070665089381157,
        "wasserstein sd": 0.0015840891085061968
    },
    "company_size_1000-4999_relative_bias": {
        "bias mean": 0.7642670155403635,
        "bias sd": 0.5886205083620746,
        "wasserstein mean": 0.002547178696612294,
        "wasserstein sd": 0.001923666639003721
    },
    "company_size_10000+_relative_bias": {
        "bias mean": 0.5852028586962451,
        "bias sd": 0.4143883829955557,
        "wasserstein mean": 0.0025658075861575095,
        "wasserstein sd": 0.0018356223199505375
    },
    "company_size_50-99_relative_bias": {
        "bias mean": 0.3554437300291866,
        "bias sd": 0.30689511012983967,
        "wasserstein mean": 0.0018992125578089958,
        "wasserstein sd": 0.0016478057553604554
    },
    "company_size_500-999_relative_bias": {
        "bias mean": 1.0289420695532732,
        "bias sd": 0.9759284784503002,
        "wasserstein mean": 0.002701632774072858,
        "wasserstein sd": 0.0024363013161666043
    },
    "company_size_5000-9999_relative_bias": {
        "bias mean": 1.646560654257713,
        "bias sd": 1.169972178025836,
        "wasserstein mean": 0.0036121098720684917,
        "wasserstein sd": 0.0027267010706446535
    },
    "company_size_<10_relative_bias": {
        "bias mean": 0.8435652967023151,
        "bias sd": 0.6227632102487214,
        "wasserstein mean": 0.002709211787228879,
        "wasserstein sd": 0.0019561509407479065
    },
    "company_type_Funded Startup_relative_bias": {
        "bias mean": 0.7665591044534591,
        "bias sd": 0.5922371277145976,
        "wasserstein mean": 0.0023761580965687913,
        "wasserstein sd": 0.001861440785655702
    },
    "company_type_NGO_relative_bias": {
        "bias mean": 1.698694936919181,
        "bias sd": 1.3850377537326912,
        "wasserstein mean": 0.0033528950220568722,
        "wasserstein sd": 0.0027675689877152744
    },
    "company_type_Other_relative_bias": {
        "bias mean": 6.0326403621644795,
        "bias sd": 3.257896670573529,
        "wasserstein mean": 0.005448019657792927,
        "wasserstein sd": 0.0030352484416356893
    },
    "company_type_Public Sector_relative_bias": {
        "bias mean": 0.8547758408226948,
        "bias sd": 0.5544857594780709,
        "wasserstein mean": 0.0022047345314472637,
        "wasserstein sd": 0.001421530477970279
    },
    "company_type_Pvt Ltd_relative_bias": {
        "bias mean": 0.12833410197317185,
        "bias sd": 0.12184466514221189,
        "wasserstein mean": 0.00227185283270016,
        "wasserstein sd": 0.002155482041118219
    },
    "last_new_job_2_relative_bias": {
        "bias mean": 0.34676186981276547,
        "bias sd": 0.3336527113842308,
        "wasserstein mean": 0.0016092804061033728,
        "wasserstein sd": 0.0015826776739526261
    },
    "last_new_job_3_relative_bias": {
        "bias mean": 0.9602645370976223,
        "bias sd": 0.7303959234547222,
        "wasserstein mean": 0.0026155663573268987,
        "wasserstein sd": 0.0020365222440273455
    },
    "last_new_job_4_relative_bias": {
        "bias mean": 1.275873057421022,
        "bias sd": 0.7772869993963484,
        "wasserstein mean": 0.003434670932807895,
        "wasserstein sd": 0.0020931843812267694
    },
    "last_new_job_>4_relative_bias": {
        "bias mean": 0.3882182757476087,
        "bias sd": 0.28792848255955683,
        "wasserstein mean": 0.0020551372342923545,
        "wasserstein sd": 0.0015334666485558519
    },
    "last_new_job_never_relative_bias": {
        "bias mean": 1.2867812674707984,
        "bias sd": 0.9634866215332406,
        "wasserstein mean": 0.0027248090031009586,
        "wasserstein sd": 0.002051662205920596
    }
}