{
    "MMDs": {
        "mean": 0.03915452680950088,
        "sd": 0.005124846858505978
    },
    "auroc": {
        "mean": 0.6545886117088544,
        "sd": 0.08022289675294947
    },
    "auprc": {
        "mean": 0.7703097702414269,
        "sd": 0.04159264255311977
    },
    "remaining samples": {
        "mean": 216.0,
        "sd": 0.0
    },
    "all_samples": 216,
    "Dependents_relative_bias": {
        "bias mean": 1.6604600490593124,
        "bias sd": 1.476993489921301,
        "wasserstein mean": 0.055324846058383524,
        "wasserstein sd": 0.024084104818953244
    },
    "ApplicantIncome_relative_bias": {
        "bias mean": 7.786676584522391,
        "bias sd": 3.7930059495987507,
        "wasserstein mean": 0.1255424886264424,
        "wasserstein sd": 0.035974296675274034
    },
    "CoapplicantIncome_relative_bias": {
        "bias mean": 5.9859513522046885,
        "bias sd": 3.940627715070729,
        "wasserstein mean": 0.09932177582802074,
        "wasserstein sd": 0.03891655401807898
    },
    "LoanAmount_relative_bias": {
        "bias mean": 2.4864699833439783,
        "bias sd": 1.4218580595154104,
        "wasserstein mean": 0.13478379336558913,
        "wasserstein sd": 0.041964934361134264
    },
    "Loan_Amount_Term_relative_bias": {
        "bias mean": 0.6146464734452941,
        "bias sd": 0.4329110615542563,
        "wasserstein mean": 0.0857985976789557,
        "wasserstein sd": 0.02927984490810699
    },
    "Credit_History_relative_bias": {
        "bias mean": 0.9786932353623475,
        "bias sd": 0.8428903828542951,
        "wasserstein mean": 0.023732301590972473,
        "wasserstein sd": 0.02027448224726875
    },
    "Loan_Status_relative_bias": {
        "bias mean": 4.2677455893684515,
        "bias sd": 3.8286698069070604,
        "wasserstein mean": 0.028971570168185957,
        "wasserstein sd": 0.024725918081708438
    },
    "Gender_Male_relative_bias": {
        "bias mean": 0.6784292833572131,
        "bias sd": 0.6324188474797632,
        "wasserstein mean": 0.01418604768335419,
        "wasserstein sd": 0.013021873718985591
    },
    "Married_Yes_relative_bias": {
        "bias mean": 0.9776973968520464,
        "bias sd": 0.9797337690307755,
        "wasserstein mean": 0.012840223666988232,
        "wasserstein sd": 0.012538609073277043
    },
    "Education_Not Graduate_relative_bias": {
        "bias mean": 3.097999597902482,
        "bias sd": 2.9283257747664027,
        "wasserstein mean": 0.015374001628934004,
        "wasserstein sd": 0.014817322340369731
    },
    "Self_Employed_Yes_relative_bias": {
        "bias mean": 7.026662305289987,
        "bias sd": 3.812346629154213,
        "wasserstein mean": 0.028614947297024896,
        "wasserstein sd": 0.016489501193922146
    },
    "Property_Area_Semiurban_relative_bias": {
        "bias mean": 1.5250756384135271,
        "bias sd": 1.0568555193947111,
        "wasserstein mean": 0.012755304382902719,
        "wasserstein sd": 0.009014848191504518
    },
    "Property_Area_Urban_relative_bias": {
        "bias mean": 2.2091918080109485,
        "bias sd": 1.7102904033208925,
        "wasserstein mean": 0.014250383016420762,
        "wasserstein sd": 0.009984303770570057
    }
}