{
    "MMDs": {
        "mean": 0.039438466537186634,
        "sd": 0.005161266676664101
    },
    "auroc": {
        "mean": 0.6815608178151678,
        "sd": 0.06557092217882249
    },
    "auprc": {
        "mean": 0.784188199713486,
        "sd": 0.03924105199214757
    },
    "remaining samples": {
        "mean": 216.0,
        "sd": 0.0
    },
    "all_samples": 216,
    "Dependents_relative_bias": {
        "bias mean": 2.059797108673524,
        "bias sd": 1.513342656406301,
        "wasserstein mean": 0.05057556538959125,
        "wasserstein sd": 0.023590368661468703
    },
    "ApplicantIncome_relative_bias": {
        "bias mean": 7.628429269564363,
        "bias sd": 4.162290031438777,
        "wasserstein mean": 0.12674123021453088,
        "wasserstein sd": 0.03659349378057518
    },
    "CoapplicantIncome_relative_bias": {
        "bias mean": 6.25504355646782,
        "bias sd": 4.757196397006912,
        "wasserstein mean": 0.10354957903031708,
        "wasserstein sd": 0.038977216189165206
    },
    "LoanAmount_relative_bias": {
        "bias mean": 2.630930102523672,
        "bias sd": 1.5951336622154595,
        "wasserstein mean": 0.13466611870062498,
        "wasserstein sd": 0.04065663820044015
    },
    "Loan_Amount_Term_relative_bias": {
        "bias mean": 0.4912088895824105,
        "bias sd": 0.4150569978554121,
        "wasserstein mean": 0.08168107357756528,
        "wasserstein sd": 0.03208601873524095
    },
    "Credit_History_relative_bias": {
        "bias mean": 0.9257530510545857,
        "bias sd": 0.6923841645527637,
        "wasserstein mean": 0.022316235536453635,
        "wasserstein sd": 0.016433555985933962
    },
    "Loan_Status_relative_bias": {
        "bias mean": 4.877073547692404,
        "bias sd": 3.7450040560572257,
        "wasserstein mean": 0.033489259075576754,
        "wasserstein sd": 0.025083386720559243
    },
    "Gender_Male_relative_bias": {
        "bias mean": 0.7803613267147891,
        "bias sd": 0.6127281570584155,
        "wasserstein mean": 0.016587377804943924,
        "wasserstein sd": 0.01294463750601202
    },
    "Married_Yes_relative_bias": {
        "bias mean": 1.1219791776432535,
        "bias sd": 0.9964613838609899,
        "wasserstein mean": 0.015187069569712077,
        "wasserstein sd": 0.013429779196573566
    },
    "Education_Not Graduate_relative_bias": {
        "bias mean": 3.2310301004386526,
        "bias sd": 2.4024077090366713,
        "wasserstein mean": 0.016059711852372812,
        "wasserstein sd": 0.012066859364076364
    },
    "Self_Employed_Yes_relative_bias": {
        "bias mean": 7.352260270240751,
        "bias sd": 4.354008386525404,
        "wasserstein mean": 0.02923657777055346,
        "wasserstein sd": 0.01757668497666849
    },
    "Property_Area_Semiurban_relative_bias": {
        "bias mean": 1.8555439387858588,
        "bias sd": 1.3035831655547092,
        "wasserstein mean": 0.015196762009008666,
        "wasserstein sd": 0.010611409593196992
    },
    "Property_Area_Urban_relative_bias": {
        "bias mean": 2.1982092685511874,
        "bias sd": 1.7677014239601432,
        "wasserstein mean": 0.014761644052261642,
        "wasserstein sd": 0.011877574805506733
    }
}