{
    "MMDs": {
        "mean": 0.02137562393562493,
        "sd": 0.0022564140474257456
    },
    "auroc": {
        "mean": 0.807958387137354,
        "sd": 0.011699646759948024
    },
    "auprc": {
        "mean": 0.7207220782269356,
        "sd": 0.02095034145423528
    },
    "remaining samples": {
        "mean": 2144.14,
        "sd": 5.50276294237722
    },
    "all_samples": 2149,
    "AGEP_relative_bias": {
        "bias mean": 1.0785161695768506,
        "bias sd": 0.7530614798519709,
        "wasserstein mean": 0.040638435221448145,
        "wasserstein sd": 0.015974627110665534
    },
    "WKHP_relative_bias": {
        "bias mean": 1.9589759030405427,
        "bias sd": 0.7879439139227792,
        "wasserstein mean": 0.06526113282964835,
        "wasserstein sd": 0.017743835388665263
    },
    "COW_Employee of a private for-profit company or business, or of an individual, for wages, salary, or commissions_relative_bias": {
        "bias mean": 1.713715368294964,
        "bias sd": 1.4324102211767098,
        "wasserstein mean": 0.023604696959360457,
        "wasserstein sd": 0.01992356939085929
    },
    "COW_Employee of a private not-for-profit, tax-exempt, or charitable organization_relative_bias": {
        "bias mean": 7.086087920736741,
        "bias sd": 6.5520500811018465,
        "wasserstein mean": 0.019307925131108614,
        "wasserstein sd": 0.017601476869226234
    },
    "COW_Federal government employee_relative_bias": {
        "bias mean": 14.54848654097877,
        "bias sd": 11.384683779978529,
        "wasserstein mean": 0.023527244806817296,
        "wasserstein sd": 0.01703404032960193
    },
    "COW_Local government employee (city, county, etc.)_relative_bias": {
        "bias mean": 7.48149230611896,
        "bias sd": 5.512188709495154,
        "wasserstein mean": 0.021355919321686317,
        "wasserstein sd": 0.015148283357626077
    },
    "COW_Self-employed in own incorporated business, professional practice or farm_relative_bias": {
        "bias mean": 10.233434997830223,
        "bias sd": 7.479238186120636,
        "wasserstein mean": 0.020635096933705303,
        "wasserstein sd": 0.014728314136124776
    },
    "COW_Self-employed in own not incorporated business, professional practice, or farm_relative_bias": {
        "bias mean": 9.07411065784689,
        "bias sd": 6.563225449398082,
        "wasserstein mean": 0.028124426306645425,
        "wasserstein sd": 0.020599972215388094
    },
    "COW_State government employee_relative_bias": {
        "bias mean": 8.573115223880732,
        "bias sd": 5.989146682895596,
        "wasserstein mean": 0.017811619117106853,
        "wasserstein sd": 0.012012252286891132
    },
    "COW_Working without pay in family business or farm_relative_bias": {
        "bias mean": 65.0692483082367,
        "bias sd": 125.83936608075417,
        "wasserstein mean": 0.023354094833986268,
        "wasserstein sd": 0.016618612195585438
    },
    "SCHL_1 or more years of college credit, no degree_relative_bias": {
        "bias mean": 5.211558415520371,
        "bias sd": 4.07477563001977,
        "wasserstein mean": 0.023161922641341252,
        "wasserstein sd": 0.018491363520555453
    },
    "SCHL_12th grade - no diploma_relative_bias": {
        "bias mean": 15.566302307606495,
        "bias sd": 11.03960464554374,
        "wasserstein mean": 0.023835965916096116,
        "wasserstein sd": 0.017076389243549813
    },
    "SCHL_Associate's degree_relative_bias": {
        "bias mean": 7.428253421678433,
        "bias sd": 6.102239272204341,
        "wasserstein mean": 0.021511943960586963,
        "wasserstein sd": 0.017564472112561614
    },
    "SCHL_Bachelor's degree_relative_bias": {
        "bias mean": 5.814554202335378,
        "bias sd": 3.831893508773299,
        "wasserstein mean": 0.03233861207220663,
        "wasserstein sd": 0.020753375942993695
    },
    "SCHL_Doctorate degree_relative_bias": {
        "bias mean": 18.351287971905162,
        "bias sd": 13.713279258924915,
        "wasserstein mean": 0.025116587831103217,
        "wasserstein sd": 0.017537057347816687
    },
    "SCHL_GED or alternative credential_relative_bias": {
        "bias mean": 17.104888778885698,
        "bias sd": 12.629375417877137,
        "wasserstein mean": 0.02514401207742502,
        "wasserstein sd": 0.019252273809145966
    },
    "SCHL_Grade 1_relative_bias": {
        "bias mean": Infinity,
        "bias sd": NaN,
        "wasserstein mean": 0.02576460495712112,
        "wasserstein sd": 0.018202167669862875
    },
    "SCHL_Grade 10_relative_bias": {
        "bias mean": 25.730985460124693,
        "bias sd": 26.228316966260966,
        "wasserstein mean": 0.021399618325491625,
        "wasserstein sd": 0.015099396645215719
    },
    "SCHL_Grade 11_relative_bias": {
        "bias mean": 17.921820070712407,
        "bias sd": 13.040144242873835,
        "wasserstein mean": 0.02322738106223451,
        "wasserstein sd": 0.01740182564240187
    },
    "SCHL_Grade 2_relative_bias": {
        "bias mean": -8587869680497870.0,
        "bias sd": 6.011508776348553e+16,
        "wasserstein mean": 0.023332289334034396,
        "wasserstein sd": 0.01693898165616863
    },
    "SCHL_Grade 3_relative_bias": {
        "bias mean": 39.10863288306143,
        "bias sd": 38.91353606068749,
        "wasserstein mean": 0.019163308397864984,
        "wasserstein sd": 0.015171067421473266
    },
    "SCHL_Grade 4_relative_bias": {
        "bias mean": 47.852074398341685,
        "bias sd": 34.348851839189194,
        "wasserstein mean": 0.020122045875501576,
        "wasserstein sd": 0.014093596276847276
    },
    "SCHL_Grade 5_relative_bias": {
        "bias mean": 63.74968201815857,
        "bias sd": 62.331806447486215,
        "wasserstein mean": 0.02571225825515419,
        "wasserstein sd": 0.01960944455502555
    },
    "SCHL_Grade 6_relative_bias": {
        "bias mean": 17.512972885984542,
        "bias sd": 13.541734681223652,
        "wasserstein mean": 0.022203174493737977,
        "wasserstein sd": 0.0169511788043363
    },
    "SCHL_Grade 7_relative_bias": {
        "bias mean": 47.122668305169725,
        "bias sd": 34.49019716328741,
        "wasserstein mean": 0.023933225777815415,
        "wasserstein sd": 0.017859079136132164
    },
    "SCHL_Grade 8_relative_bias": {
        "bias mean": 28.157290957549257,
        "bias sd": 20.06627406517603,
        "wasserstein mean": 0.021956921102536175,
        "wasserstein sd": 0.01674730911736783
    },
    "SCHL_Grade 9_relative_bias": {
        "bias mean": 20.170188842107535,
        "bias sd": 13.9847315141924,
        "wasserstein mean": 0.02147978908425893,
        "wasserstein sd": 0.015575279704744005
    },
    "SCHL_Kindergarten_relative_bias": {
        "bias mean": Infinity,
        "bias sd": NaN,
        "wasserstein mean": 0.018590286718824466,
        "wasserstein sd": 0.01737977911667536
    },
    "SCHL_Master's degree_relative_bias": {
        "bias mean": 8.689106258831517,
        "bias sd": 6.569126568411219,
        "wasserstein mean": 0.028396046707310524,
        "wasserstein sd": 0.020463211561466063
    },
    "SCHL_No schooling completed_relative_bias": {
        "bias mean": 18.15879002006528,
        "bias sd": 12.15712065300785,
        "wasserstein mean": 0.024494946921113717,
        "wasserstein sd": 0.016450881512370612
    },
    "SCHL_Nursery school, preschool_relative_bias": {
        "bias mean": 2.578857755592084e+17,
        "bias sd": 4.9403343115035757e+17,
        "wasserstein mean": 0.021040261712893145,
        "wasserstein sd": 0.020146287266547252
    },
    "SCHL_Professional degree beyond a bachelor's degree_relative_bias": {
        "bias mean": 15.670081606257249,
        "bias sd": 13.476507211664686,
        "wasserstein mean": 0.026452946490860562,
        "wasserstein sd": 0.020960802019144496
    },