{
    "MMDs": {
        "mean": 0.0334630945151356,
        "sd": 0.0036121820350375317
    },
    "auroc": {
        "mean": 0.7970516815061773,
        "sd": 0.016369693389607552
    },
    "auprc": {
        "mean": 0.699366090063847,
        "sd": 0.02973464214688089
    },
    "remaining samples": {
        "mean": 1791.06,
        "sd": 9.904362675104341
    },
    "all_samples": 1799,
    "AGEP_relative_bias": {
        "bias mean": 2.842435683607559,
        "bias sd": 0.9777382886288633,
        "wasserstein mean": 0.0876980484961991,
        "wasserstein sd": 0.02259986236886941
    },
    "WKHP_relative_bias": {
        "bias mean": 4.43209402002066,
        "bias sd": 0.8529726130045824,
        "wasserstein mean": 0.13305965421079605,
        "wasserstein sd": 0.022316800278984587
    },
    "COW_Employee of a private for-profit company or business, or of an individual, for wages, salary, or commissions_relative_bias": {
        "bias mean": 2.325330913389583,
        "bias sd": 1.985477909976824,
        "wasserstein mean": 0.03206861983968879,
        "wasserstein sd": 0.027683901881450635
    },
    "COW_Employee of a private not-for-profit, tax-exempt, or charitable organization_relative_bias": {
        "bias mean": 7.851516930201118,
        "bias sd": 7.331948634754531,
        "wasserstein mean": 0.02127171751295277,
        "wasserstein sd": 0.019338360971483476
    },
    "COW_Federal government employee_relative_bias": {
        "bias mean": 16.909403995869305,
        "bias sd": 13.746262561403706,
        "wasserstein mean": 0.027020025107568724,
        "wasserstein sd": 0.020334953728219304
    },
    "COW_Local government employee (city, county, etc.)_relative_bias": {
        "bias mean": 10.726660029772296,
        "bias sd": 7.898903797187803,
        "wasserstein mean": 0.030524843532174346,
        "wasserstein sd": 0.021771625349280083
    },
    "COW_Self-employed in own incorporated business, professional practice or farm_relative_bias": {
        "bias mean": 14.397060388880753,
        "bias sd": 9.89479911326407,
        "wasserstein mean": 0.029144080044367634,
        "wasserstein sd": 0.019312833155863827
    },
    "COW_Self-employed in own not incorporated business, professional practice, or farm_relative_bias": {
        "bias mean": 10.837872198628874,
        "bias sd": 7.376056350017924,
        "wasserstein mean": 0.03388185210698486,
        "wasserstein sd": 0.023823819998465695
    },
    "COW_State government employee_relative_bias": {
        "bias mean": 13.275521677929842,
        "bias sd": 8.32385876764789,
        "wasserstein mean": 0.027805127796587836,
        "wasserstein sd": 0.016979040574208574
    },
    "COW_Working without pay in family business or farm_relative_bias": {
        "bias mean": 63.03178165365092,
        "bias sd": 106.1266526975697,
        "wasserstein mean": 0.023951396610917972,
        "wasserstein sd": 0.017084412619262995
    },
    "SCHL_1 or more years of college credit, no degree_relative_bias": {
        "bias mean": 7.98425400495984,
        "bias sd": 5.456675515483774,
        "wasserstein mean": 0.035605212080318964,
        "wasserstein sd": 0.025124858385077383
    },
    "SCHL_12th grade - no diploma_relative_bias": {
        "bias mean": 17.276325621995117,
        "bias sd": 12.352528181715808,
        "wasserstein mean": 0.027708505552885322,
        "wasserstein sd": 0.021578423126357677
    },
    "SCHL_Associate's degree_relative_bias": {
        "bias mean": 8.77672862313709,
        "bias sd": 6.743399996154547,
        "wasserstein mean": 0.025383592188666954,
        "wasserstein sd": 0.018868076703745035
    },
    "SCHL_Bachelor's degree_relative_bias": {
        "bias mean": 11.455369398597862,
        "bias sd": 5.444366526895941,
        "wasserstein mean": 0.06376686016717721,
        "wasserstein sd": 0.02937324677743863
    },
    "SCHL_Doctorate degree_relative_bias": {
        "bias mean": 31.170137090717635,
        "bias sd": 20.554331831754535,
        "wasserstein mean": 0.042275196740143135,
        "wasserstein sd": 0.025923700913292432
    },
    "SCHL_GED or alternative credential_relative_bias": {
        "bias mean": 18.459347066320117,
        "bias sd": 12.522700721606794,
        "wasserstein mean": 0.02743949677406702,
        "wasserstein sd": 0.019204242782519768
    },
    "SCHL_Grade 1_relative_bias": {
        "bias mean": Infinity,
        "bias sd": NaN,
        "wasserstein mean": 0.026481380608970123,
        "wasserstein sd": 0.02039406614994038
    },
    "SCHL_Grade 10_relative_bias": {
        "bias mean": 32.128892886880315,
        "bias sd": 23.309641267259604,
        "wasserstein mean": 0.02854032715175289,
        "wasserstein sd": 0.01829352673227756
    },
    "SCHL_Grade 11_relative_bias": {
        "bias mean": 24.45541580454108,
        "bias sd": 15.26550770437881,
        "wasserstein mean": 0.032590019351092285,
        "wasserstein sd": 0.022516728848835568
    },
    "SCHL_Grade 2_relative_bias": {
        "bias mean": -1.0259590697279998e+16,
        "bias sd": 7.1817134880960424e+16,
        "wasserstein mean": 0.023410480821151443,
        "wasserstein sd": 0.01894860346574046
    },
    "SCHL_Grade 3_relative_bias": {
        "bias mean": 41.02174171707233,
        "bias sd": 30.117196009882353,
        "wasserstein mean": 0.022289629059447952,
        "wasserstein sd": 0.01614308356553665
    },
    "SCHL_Grade 4_relative_bias": {
        "bias mean": 45.95077521374114,
        "bias sd": 29.89735430780535,
        "wasserstein mean": 0.021285673457605177,
        "wasserstein sd": 0.0176809968234503
    },
    "SCHL_Grade 5_relative_bias": {
        "bias mean": 53.71197745985244,
        "bias sd": 49.73948403840581,
        "wasserstein mean": 0.022789175201272008,
        "wasserstein sd": 0.019061419624265403
    },
    "SCHL_Grade 6_relative_bias": {
        "bias mean": 22.037636446275474,
        "bias sd": 15.261068484344767,
        "wasserstein mean": 0.028615115875730814,
        "wasserstein sd": 0.02097041055841679
    },
    "SCHL_Grade 7_relative_bias": {
        "bias mean": 54.91324298283388,
        "bias sd": 31.407623413147682,
        "wasserstein mean": 0.028310705979636818,
        "wasserstein sd": 0.01745280626209082
    },
    "SCHL_Grade 8_relative_bias": {
        "bias mean": 35.32913745831163,
        "bias sd": 20.527952285748825,
        "wasserstein mean": 0.027390434233730786,
        "wasserstein sd": 0.017007267905853683
    },
    "SCHL_Grade 9_relative_bias": {
        "bias mean": 26.36085103861028,
        "bias sd": 14.591454977907846,
        "wasserstein mean": 0.028874886641673682,
        "wasserstein sd": 0.018057810275652602
    },
    "SCHL_Kindergarten_relative_bias": {
        "bias mean": Infinity,
        "bias sd": NaN,
        "wasserstein mean": 0.020788729974992613,
        "wasserstein sd": 0.01922841502268698
    },
    "SCHL_Master's degree_relative_bias": {
        "bias mean": 20.951804647727823,
        "bias sd": 8.774406344466719,
        "wasserstein mean": 0.06916097377146689,
        "wasserstein sd": 0.026619448719957455
    },
    "SCHL_No schooling completed_relative_bias": {
        "bias mean": 23.353251965785308,
        "bias sd": 14.531373480592809,
        "wasserstein mean": 0.03225753307620961,
        "wasserstein sd": 0.021242422865126925
    },
    "SCHL_Nursery school, preschool_relative_bias": {
        "bias mean": 2.67361904249098e+17,
        "bias sd": 5.364304163514601e+17,
        "wasserstein mean": 0.022911786425790864,
        "wasserstein sd": 0.02095748489229348
    },
    "SCHL_Professional degree beyond a bachelor's degree_relative_bias": {
        "bias mean": 26.831378939186507,
        "bias sd": 18.249724488391166,
        "wasserstein mean": 0.04534864455750545,
        "wasserstein sd": 0.028778788147706662
    },