{
    "MMDs": {
        "mean": 0.06486211478764921,
        "sd": 0.008602673319367293
    },
    "auroc": {
        "mean": 0.6646074412905126,
        "sd": 0.0489141003246415
    },
    "auprc": {
        "mean": 0.48187543964750096,
        "sd": 0.03204117696941721
    },
    "mse": {
        "mean": 1.294582352131399,
        "sd": 0.047954296975250756
    },
    "remaining samples": {
        "mean": 970.7,
        "sd": 148.76394052323298
    },
    "all_samples": 1214,
    "AGEP_relative_bias": {
        "bias mean": 7.418596503443132,
        "bias sd": 1.0583408504325669,
        "wasserstein mean": 0.2141763085820602,
        "wasserstein sd": 0.030305994485563266
    },
    "WKHP_relative_bias": {
        "bias mean": 9.365094940356162,
        "bias sd": 1.7522482887866224,
        "wasserstein mean": 0.2750384054130398,
        "wasserstein sd": 0.048234754657060855
    },
    "COW_Employee of a private for-profit company or business, or of an individual, for wages, salary, or commissions_relative_bias": {
        "bias mean": 7.396002470642545,
        "bias sd": 2.0977109802865135,
        "wasserstein mean": 0.1022712975258598,
        "wasserstein sd": 0.030023125003944797
    },
    "COW_Employee of a private not-for-profit, tax-exempt, or charitable organization_relative_bias": {
        "bias mean": 15.597189768473047,
        "bias sd": 10.861774067425678,
        "wasserstein mean": 0.04135567737125143,
        "wasserstein sd": 0.027704310840983914
    },
    "COW_Federal government employee_relative_bias": {
        "bias mean": 23.829978992443575,
        "bias sd": 17.00176752902508,
        "wasserstein mean": 0.03650933162398785,
        "wasserstein sd": 0.022984699107545827
    },
    "COW_Local government employee (city, county, etc.)_relative_bias": {
        "bias mean": 20.804625148230592,
        "bias sd": 9.915188497925467,
        "wasserstein mean": 0.06042943006294173,
        "wasserstein sd": 0.028243511493672258
    },
    "COW_Self-employed in own incorporated business, professional practice or farm_relative_bias": {
        "bias mean": 34.572185133102145,
        "bias sd": 16.799180081066172,
        "wasserstein mean": 0.06806433631823477,
        "wasserstein sd": 0.030608686798517137
    },
    "COW_Self-employed in own not incorporated business, professional practice, or farm_relative_bias": {
        "bias mean": 8.33865169970986,
        "bias sd": 6.8331253155379015,
        "wasserstein mean": 0.026125310361040644,
        "wasserstein sd": 0.022623063439250544
    },
    "COW_State government employee_relative_bias": {
        "bias mean": 21.106921659437145,
        "bias sd": 13.45212982625828,
        "wasserstein mean": 0.0436901115201007,
        "wasserstein sd": 0.027025748902218583
    },
    "COW_Working without pay in family business or farm_relative_bias": {
        "bias mean": 42.51044761908873,
        "bias sd": 29.96320255875587,
        "wasserstein mean": 0.0226197087805294,
        "wasserstein sd": 0.021523650516568505
    },
    "SCHL_1 or more years of college credit, no degree_relative_bias": {
        "bias mean": 14.323026998136333,
        "bias sd": 5.8812548022488755,
        "wasserstein mean": 0.0638261492162237,
        "wasserstein sd": 0.026691512080539437
    },
    "SCHL_12th grade - no diploma_relative_bias": {
        "bias mean": 38.81092085483747,
        "bias sd": 19.373998591683996,
        "wasserstein mean": 0.059205916422955376,
        "wasserstein sd": 0.03116364166673256
    },
    "SCHL_Associate's degree_relative_bias": {
        "bias mean": 7.316741376746803,
        "bias sd": 5.2768140205037515,
        "wasserstein mean": 0.021383296679576592,
        "wasserstein sd": 0.015134877181430986
    },
    "SCHL_Bachelor's degree_relative_bias": {
        "bias mean": 27.07021421850962,
        "bias sd": 8.209605637473457,
        "wasserstein mean": 0.14950535660580752,
        "wasserstein sd": 0.04163103972516521
    },
    "SCHL_Doctorate degree_relative_bias": {
        "bias mean": 69.07524182178518,
        "bias sd": 33.09238565577611,
        "wasserstein mean": 0.09161028474950964,
        "wasserstein sd": 0.03808771578631303
    },
    "SCHL_GED or alternative credential_relative_bias": {
        "bias mean": 25.43644538200399,
        "bias sd": 12.074095344125867,
        "wasserstein mean": 0.040291363032143326,
        "wasserstein sd": 0.0225105920557435
    },
    "SCHL_Grade 1_relative_bias": {
        "bias mean": Infinity,
        "bias sd": NaN,
        "wasserstein mean": 0.024424519110292815,
        "wasserstein sd": 0.01809736477857419
    },
    "SCHL_Grade 10_relative_bias": {
        "bias mean": 44.38368990485155,
        "bias sd": 21.35583242340728,
        "wasserstein mean": 0.04021290664771416,
        "wasserstein sd": 0.019101005760748392
    },
    "SCHL_Grade 11_relative_bias": {
        "bias mean": 50.123319101518234,
        "bias sd": 14.203921163446024,
        "wasserstein mean": 0.0624192059263924,
        "wasserstein sd": 0.021096108846605156
    },
    "SCHL_Grade 2_relative_bias": {
        "bias mean": -4.966992816783932e+16,
        "bias sd": 1.491905954128748e+17,
        "wasserstein mean": 0.030629954920767772,
        "wasserstein sd": 0.018038799139268546
    },
    "SCHL_Grade 3_relative_bias": {
        "bias mean": 61.23872136718491,
        "bias sd": 27.69081979839622,
        "wasserstein mean": 0.03966715476567203,
        "wasserstein sd": 0.024806351122004182
    },
    "SCHL_Grade 4_relative_bias": {
        "bias mean": 73.49776164849467,
        "bias sd": 34.11680656698319,
        "wasserstein mean": 0.029273181171007606,
        "wasserstein sd": 0.020253381679711753
    },
    "SCHL_Grade 5_relative_bias": {
        "bias mean": 58.03559486916107,
        "bias sd": 35.11760363380947,
        "wasserstein mean": 0.03011311000389153,
        "wasserstein sd": 0.021246633370579058
    },
    "SCHL_Grade 6_relative_bias": {
        "bias mean": 56.423159462828934,
        "bias sd": 14.183557315142426,
        "wasserstein mean": 0.07535995537803268,
        "wasserstein sd": 0.023285075062168207
    },
    "SCHL_Grade 7_relative_bias": {
        "bias mean": 62.637657136782266,
        "bias sd": 32.545265281563815,
        "wasserstein mean": 0.032385245254318976,
        "wasserstein sd": 0.022042705921126095
    },
    "SCHL_Grade 8_relative_bias": {
        "bias mean": 38.58957527374228,
        "bias sd": 27.177555035273418,
        "wasserstein mean": 0.030255397289220626,
        "wasserstein sd": 0.02490410841087537
    },
    "SCHL_Grade 9_relative_bias": {
        "bias mean": 47.387447636725945,
        "bias sd": 20.45077157022254,
        "wasserstein mean": 0.05253232585210325,
        "wasserstein sd": 0.024960322935608743
    },
    "SCHL_Kindergarten_relative_bias": {
        "bias mean": Infinity,
        "bias sd": NaN,
        "wasserstein mean": 0.02542369338273489,
        "wasserstein sd": 0.020425066361475966
    },
    "SCHL_Master's degree_relative_bias": {
        "bias mean": 49.32222652870759,
        "bias sd": 12.43588683547873,
        "wasserstein mean": 0.16225907397966244,
        "wasserstein sd": 0.03525829602130612
    },
    "SCHL_No schooling completed_relative_bias": {
        "bias mean": 48.45162542649806,
        "bias sd": 19.274772500419154,
        "wasserstein mean": 0.06326192500470208,
        "wasserstein sd": 0.027129788158493207
    },
    "SCHL_Nursery school, preschool_relative_bias": {
        "bias mean": 54.98049924384206,
        "bias sd": 54.1766578531299,
        "wasserstein mean": 0.015269507541587199,
        "wasserstein sd": 0.01570478964186987
    },
    "SCHL_Professional degree beyond a bachelor's degree_relative_bias": {
        "bias mean": 57.84660681546146,
        "bias sd": 29.142078855174464,
        "wasserstein mean": 0.09512796768200464,
        "wasserstein sd": 0.03898586969381101
    },