{"MMDs": {"mean": 0.02493110932319662, "sd": 0.00229857493392243}, "auroc": {"mean": 0.833243653004826, "sd": 0.01913578643474185}, "auprc": {"mean": 0.7279992065297742, "sd": 0.029374090226701226}, "remaining samples": {"mean": 2250.0, "sd": 0.0}, "all_samples": 2250, "AGEP_relative_bias": {"bias mean": 1.7448456299962238, "bias sd": 0.4478397141012452, "wasserstein mean": 0.040101485249174826, "wasserstein sd": 0.007503198824588511}, "SCHL_1 or more years of college credit, no degree_relative_bias": {"bias mean": 3.5448954097614984, "bias sd": 2.0366718850876566, "wasserstein mean": 0.013743515992341398, "wasserstein sd": 0.007868740628156201}, "SCHL_12th grade - no diploma_relative_bias": {"bias mean": 3.6991624200042263, "bias sd": 2.806906548023449, "wasserstein mean": 0.005649063326914771, "wasserstein sd": 0.00442930396628583}, "SCHL_Associate's degree_relative_bias": {"bias mean": 3.0427830074122935, "bias sd": 2.092264737338499, "wasserstein mean": 0.0077975207745609, "wasserstein sd": 0.00536835944492908}, "SCHL_Bachelor's degree_relative_bias": {"bias mean": 5.143496239719079, "bias sd": 1.9335341292061585, "wasserstein mean": 0.022873509735649125, "wasserstein sd": 0.008559967926919577}, "SCHL_Doctorate degree_relative_bias": {"bias mean": 3.0954841315247354, "bias sd": 2.2884053147453316, "wasserstein mean": 0.0035541615842276907, "wasserstein sd": 0.0026529213120573313}, "SCHL_GED or alternative credential_relative_bias": {"bias mean": 3.571265900510389, "bias sd": 2.7922400399118534, "wasserstein mean": 0.005059118767590811, "wasserstein sd": 0.0040382824602954275}, "SCHL_Grade 1_relative_bias": {"bias mean": 9.570956487082501, "bias sd": 5.942684791961569, "wasserstein mean": 0.010395026991580984, "wasserstein sd": 0.006708494387711378}, "SCHL_Grade 10_relative_bias": {"bias mean": 5.583728780206247, "bias sd": 4.421219260962317, "wasserstein mean": 0.00827634421726995, "wasserstein sd": 0.006824802073557877}, "SCHL_Grade 11_relative_bias": {"bias mean": 4.4138085154737485, "bias sd": 3.843465081162837, "wasserstein mean": 0.007283848146663541, "wasserstein sd": 0.006390386072796218}, "SCHL_Grade 2_relative_bias": {"bias mean": 8.318748831373355, "bias sd": 5.522694596604859, "wasserstein mean": 0.009562754280181938, "wasserstein sd": 0.006751737478092307}, "SCHL_Grade 3_relative_bias": {"bias mean": 7.997317743121515, "bias sd": 5.133817924195134, "wasserstein mean": 0.00972493288876125, "wasserstein sd": 0.006498675253398597}, "SCHL_Grade 4_relative_bias": {"bias mean": 7.489951124446408, "bias sd": 5.02733674042205, "wasserstein mean": 0.00879851322361945, "wasserstein sd": 0.006085657852412878}, "SCHL_Grade 5_relative_bias": {"bias mean": 7.318499297758751, "bias sd": 4.755642613856915, "wasserstein mean": 0.009086404394296818, "wasserstein sd": 0.0062281337710947396}, "SCHL_Grade 6_relative_bias": {"bias mean": 4.766801819674118, "bias sd": 4.055802031514039, "wasserstein mean": 0.008055058514062212, "wasserstein sd": 0.0069874674938445675}, "SCHL_Grade 7_relative_bias": {"bias mean": 7.639687187817864, "bias sd": 4.896726383136843, "wasserstein mean": 0.00931095726254514, "wasserstein sd": 0.006248646339029344}, "SCHL_Grade 8_relative_bias": {"bias mean": 6.115994399426479, "bias sd": 5.736015760690838, "wasserstein mean": 0.008414530526024058, "wasserstein sd": 0.007590795759434507}, "SCHL_Grade 9_relative_bias": {"bias mean": 5.3553168792783685, "bias sd": 4.096880178651684, "wasserstein mean": 0.008222375778010133, "wasserstein sd": 0.006574192349318747}, "SCHL_Kindergarten_relative_bias": {"bias mean": 8.136487751731725, "bias sd": 5.201889562838745, "wasserstein mean": 0.009259106587109524, "wasserstein sd": 0.006256741595515556}, "SCHL_Master's degree_relative_bias": {"bias mean": 3.737541091527643, "bias sd": 2.489333778557285, "wasserstein mean": 0.010183872299596655, "wasserstein sd": 0.006767474946792598}, "SCHL_N/A (less than 3 years old)_relative_bias": {"bias mean": 34.959303750792486, "bias sd": 6.04779999877362, "wasserstein mean": 0.06017384329750076, "wasserstein sd": 0.012718740747310579}, "SCHL_No schooling completed_relative_bias": {"bias mean": 4.112605241079727, "bias sd": 3.1023962594774375, "wasserstein mean": 0.008463773773919183, "wasserstein sd": 0.006488903563111843}, "SCHL_Nursery school, preschool_relative_bias": {"bias mean": 6.830536353139765, "bias sd": 4.711417559301086, "wasserstein mean": 0.008055376071087141, "wasserstein sd": 0.005860211141714211}, "SCHL_Professional degree beyond a bachelor's degree_relative_bias": {"bias mean": 2.752541558578848, "bias sd": 1.9621079741152334, "wasserstein mean": 0.0038703281088059743, "wasserstein sd": 0.0027992754629536922}, "SCHL_Regular high school diploma_relative_bias": {"bias mean": 2.7248052932468703, "bias sd": 1.87964077629603, "wasserstein mean": 0.011371913989543906, "wasserstein sd": 0.007899842161253084}, "SCHL_Some college, but less than 1 year_relative_bias": {"bias mean": 2.5535054997847495, "bias sd": 1.8955108725812215, "wasserstein mean": 0.006157079132316202, "wasserstein sd": 0.004649785917710503}, "MAR_Divorced_relative_bias": {"bias mean": 2.1784243534018355, "bias sd": 1.623911570551759, "wasserstein mean": 0.006382494814552882, "wasserstein sd": 0.004828882001220918}, "MAR_Married_relative_bias": {"bias mean": 3.4595104543690387, "bias sd": 0.9002736379583967, "wasserstein mean": 0.028805873160456453, "wasserstein sd": 0.00743555898846325}, "MAR_Never married or under 15 years old_relative_bias": {"bias mean": 2.7619226002863972, "bias sd": 0.829398184398363, "wasserstein mean": 0.025069398086387265, "wasserstein sd": 0.007548030977460978}, "MAR_Separated_relative_bias": {"bias mean": 5.1232455916651505, "bias sd": 3.904024678875578, "wasserstein mean": 0.006199688963077921, "wasserstein sd": 0.004779661373641951}, "MAR_Widowed_relative_bias": {"bias mean": 4.54158055853558, "bias sd": 3.049986916410963, "wasserstein mean": 0.009858350472452275, "wasserstein sd": 0.006649835807625851}, "RELP_Adopted son or daughter_relative_bias": {"bias mean": 100.0, "bias sd": 0.0, "wasserstein mean": 0.06966101560697194, "wasserstein sd": 0.020538459148489036}, "RELP_Biological son or daughter_relative_bias": {"bias mean": 1.5401394429970987, "bias sd": 0.9775244988767785, "wasserstein mean": 0.009075461853198503, "wasserstein sd": 0.005776538079090713}, "RELP_Brother or sister_relative_bias": {"bias mean": 3.486360170264144, "bias sd": 2.7360186746552326, "wasserstein mean": 0.0042779153851504395, "wasserstein sd": 0.0033661060125431794}, "RELP_Father or mother_relative_bias": {"bias mean": 4.214854698621205, "bias sd": 3.0659507818901037, "wasserstein mean": 0.0058437774692285775, "wasserstein sd": 0.004403404012611624}, "RELP_Foster child_relative_bias": {"bias mean": 100.0, "bias sd": 0.0, "wasserstein mean": 0.02550238177205298, "wasserstein sd": 0.019817636079242567}, "RELP_Grandchild_relative_bias": {"bias mean": 14.50326200615229, "bias sd": 5.780085220862873, "wasserstein mean": 0.022957032093548962, "wasserstein sd": 0.009763122953099921}, "RELP_Housemate or roommate_relative_bias": {"bias mean": 2.6841174658548597, "bias sd": 2.0773126388168675, "wasserstein mean": 0.003702491509620633, "wasserstein sd": 0.002859276298924074}, "RELP_Husband/wife_relative_bias": {"bias mean": 4.561471296464103, "bias sd": 1.4966867058219184, "wasserstein mean": 0.02149306818279052, "wasserstein sd": 0.007072012260767863}, "RELP_Institutionalized group quarters population_relative_bias": {"bias mean": 4.421080163811062, "bias sd": 3.3757600232294593, "wasserstein mean": 0.006615923591689055, "wasserstein sd": 0.005186473941977772}, "RELP_Noninstitutionalized group quarters population_relative_bias": {"bias mean": 10.246121403690807, "bias sd": 5.071711583589623, "wasserstein mean": 0.015782391292520813, "wasserstein sd": 0.008094338041349972}, "RELP_Other nonrelative_relative_bias": {"bias mean": 4.786060772722573, "bias sd": 3.7987510440893595,