{
    "MMDs": {
        "mean": 0.05075220255741737,
        "sd": 0.004630739014698912
    },
    "auroc": {
        "mean": 0.6954394612298783,
        "sd": 0.08290361469838484
    },
    "auprc": {
        "mean": 0.34352412586072745,
        "sd": 0.08134329417480472
    },
    "mse": {
        "mean": 0.0,
        "sd": 0.0
    },
    "remaining samples": {
        "mean": 2244.25,
        "sd": 4.678407848830625
    },
    "all_samples": 2250,
    "city_development_index_relative_bias": {
        "bias mean": 0.403859144777545,
        "bias sd": 0.2948543511324535,
        "wasserstein mean": 0.03416953052836939,
        "wasserstein sd": 0.019671067107867608
    },
    "experience_relative_bias": {
        "bias mean": 1.2076731747086593,
        "bias sd": 0.9259173361900893,
        "wasserstein mean": 0.03237143761794388,
        "wasserstein sd": 0.013688739220857605
    },
    "training_hours_relative_bias": {
        "bias mean": 2.378900757496005,
        "bias sd": 1.6152608336605934,
        "wasserstein mean": 0.03544862399198195,
        "wasserstein sd": 0.012485007336175491
    },
    "target_relative_bias": {
        "bias mean": 5.313212231955722,
        "bias sd": 4.283300176662059,
        "wasserstein mean": 0.008672837655997323,
        "wasserstein sd": 0.006603971199522285
    },
    "gender_Male_relative_bias": {
        "bias mean": 1.978382386949658,
        "bias sd": 0.8764102530773883,
        "wasserstein mean": 0.059635351208449774,
        "wasserstein sd": 0.026206473834228992
    },
    "gender_Other_relative_bias": {
        "bias mean": 100.0,
        "bias sd": 0.0,
        "wasserstein mean": 0.09448866103595106,
        "wasserstein sd": 0.020531090014577463
    },
    "relevent_experience_No relevent experience_relative_bias": {
        "bias mean": 15.399572000193027,
        "bias sd": 6.752142234446056,
        "wasserstein mean": 0.05851074023157403,
        "wasserstein sd": 0.02672866686636414
    },
    "enrolled_university_Part time course_relative_bias": {
        "bias mean": 9.207561889832897,
        "bias sd": 6.2021362427612035,
        "wasserstein mean": 0.022600180140460707,
        "wasserstein sd": 0.014879473442266233
    },
    "enrolled_university_no_enrollment_relative_bias": {
        "bias mean": 0.7299601980567094,
        "bias sd": 0.594041632440278,
        "wasserstein mean": 0.017205823647828293,
        "wasserstein sd": 0.013943527855531572
    },
    "education_level_Masters_relative_bias": {
        "bias mean": 4.136078873518288,
        "bias sd": 3.1107800535472103,
        "wasserstein mean": 0.02549273253731855,
        "wasserstein sd": 0.019044568195470332
    },
    "education_level_Phd_relative_bias": {
        "bias mean": 42.159659122479326,
        "bias sd": 9.192158268371427,
        "wasserstein mean": 0.07181112388362174,
        "wasserstein sd": 0.023177971604052338
    },
    "major_discipline_Business Degree_relative_bias": {
        "bias mean": 98.0453178287172,
        "bias sd": 2.5480898439051494,
        "wasserstein mean": 0.13471009652551932,
        "wasserstein sd": 0.013551888114159851
    },
    "major_discipline_Humanities_relative_bias": {
        "bias mean": 25.50989901279205,
        "bias sd": 10.434718869591642,
        "wasserstein mean": 0.05563088220024435,
        "wasserstein sd": 0.025200973099109677
    },
    "major_discipline_No Major_relative_bias": {
        "bias mean": 100.0,
        "bias sd": 0.0,
        "wasserstein mean": 0.11013825317244237,
        "wasserstein sd": 0.014460007654771933
    },
    "major_discipline_Other_relative_bias": {
        "bias mean": 95.61941862007745,
        "bias sd": 3.4519749117381657,
        "wasserstein mean": 0.13629370458549248,
        "wasserstein sd": 0.018297771246621696
    },
    "major_discipline_STEM_relative_bias": {
        "bias mean": 6.7121590458784315,
        "bias sd": 0.9867717797667422,
        "wasserstein mean": 0.19283792380388962,
        "wasserstein sd": 0.027346537259403735
    },
    "company_size_100-500_relative_bias": {
        "bias mean": 4.4167663392191265,
        "bias sd": 4.128056055273843,
        "wasserstein mean": 0.022048334458046354,
        "wasserstein sd": 0.020475586004950273
    },
    "company_size_1000-4999_relative_bias": {
        "bias mean": 8.691625746305846,
        "bias sd": 5.37363704121517,
        "wasserstein mean": 0.030152645265511285,
        "wasserstein sd": 0.01929118468880098
    },
    "company_size_10000+_relative_bias": {
        "bias mean": 7.925205267220056,
        "bias sd": 5.272634992470411,
        "wasserstein mean": 0.03405409245389972,
        "wasserstein sd": 0.021900823111042262
    },
    "company_size_50-99_relative_bias": {
        "bias mean": 5.6066778708588965,
        "bias sd": 4.238947863200353,
        "wasserstein mean": 0.02929398601976495,
        "wasserstein sd": 0.02111953481581933
    },
    "company_size_500-999_relative_bias": {
        "bias mean": 8.209248265913168,
        "bias sd": 8.276567400713178,
        "wasserstein mean": 0.022835207611961547,
        "wasserstein sd": 0.025486018901131793
    },
    "company_size_5000-9999_relative_bias": {
        "bias mean": 13.080829375158682,
        "bias sd": 9.20424503580691,
        "wasserstein mean": 0.028620679769571878,
        "wasserstein sd": 0.0211024035609651
    },
    "company_size_<10_relative_bias": {
        "bias mean": 7.2869510218599105,
        "bias sd": 4.740988041132804,
        "wasserstein mean": 0.023488284597710452,
        "wasserstein sd": 0.015395180344052703
    },
    "company_type_Funded Startup_relative_bias": {
        "bias mean": 8.059694602840285,
        "bias sd": 6.074890804886399,
        "wasserstein mean": 0.02432208132967123,
        "wasserstein sd": 0.017526424437821077
    },
    "company_type_NGO_relative_bias": {
        "bias mean": 24.59217182343621,
        "bias sd": 11.13324621553055,
        "wasserstein mean": 0.051394707066663735,
        "wasserstein sd": 0.025799654962976114
    },
    "company_type_Other_relative_bias": {
        "bias mean": 100.0,
        "bias sd": 0.0,
        "wasserstein mean": 0.09249101772566402,
        "wasserstein sd": 0.018964411391940283
    },
    "company_type_Public Sector_relative_bias": {
        "bias mean": 21.949922998690592,
        "bias sd": 6.941019721619521,
        "wasserstein mean": 0.058886846418849934,
        "wasserstein sd": 0.020613076543093606
    },
    "company_type_Pvt Ltd_relative_bias": {
        "bias mean": 3.6552495496261415,
        "bias sd": 1.1383875052215602,
        "wasserstein mean": 0.06460802721812023,
        "wasserstein sd": 0.01993289998101805
    },
    "last_new_job_2_relative_bias": {
        "bias mean": 5.377853216481379,
        "bias sd": 4.823288931912389,
        "wasserstein mean": 0.02432305976043492,
        "wasserstein sd": 0.02081576556847288
    },
    "last_new_job_3_relative_bias": {
        "bias mean": 7.725656409635791,
        "bias sd": 4.861112442042356,
        "wasserstein mean": 0.020994498174072083,
        "wasserstein sd": 0.013063761175308605
    },
    "last_new_job_4_relative_bias": {
        "bias mean": 8.97815430238138,
        "bias sd": 6.095144025964931,
        "wasserstein mean": 0.023650976015682466,
        "wasserstein sd": 0.014602296166125251
    },
    "last_new_job_>4_relative_bias": {
        "bias mean": 5.364421510993547,
        "bias sd": 3.64052059005148,
        "wasserstein mean": 0.028629074114589082,
        "wasserstein sd": 0.01991008321357673
    },
    "last_new_job_never_relative_bias": {
        "bias mean": 13.491215828162023,
        "bias sd": 8.453058886950918,
        "wasserstein mean": 0.02859160300343807,
        "wasserstein sd": 0.018395383196790273
    }
}