{"MMDs": {"mean": 0.05161108083676159, "sd": 0.0043356383291700135}, "auroc": {"mean": 0.6947007498016461, "sd": 0.0825540444305607}, "auprc": {"mean": 0.3562907067141985, "sd": 0.08171879753022249}, "remaining samples": {"mean": 2244.34, "sd": 6.436178990674513}, "all_samples": 2250, "city_development_index_relative_bias": {"bias mean": 0.46374555650720134, "bias sd": 0.32047194156340014, "wasserstein mean": 0.038750932406154105, "wasserstein sd": 0.021169483045238854}, "experience_relative_bias": {"bias mean": 1.1784343839180789, "bias sd": 0.9216291979440003, "wasserstein mean": 0.03222533167819829, "wasserstein sd": 0.013468808238656973}, "training_hours_relative_bias": {"bias mean": 2.0635373688836927, "bias sd": 1.4096902890218341, "wasserstein mean": 0.03219845909556942, "wasserstein sd": 0.01099848924904901}, "target_relative_bias": {"bias mean": 5.084142075838796, "bias sd": 3.8129984330968196, "wasserstein mean": 0.00833257512915792, "wasserstein sd": 0.006152208810031191}, "gender_Male_relative_bias": {"bias mean": 1.9603738428990127, "bias sd": 0.8523684318863549, "wasserstein mean": 0.059160313101728895, "wasserstein sd": 0.025482860556511756}, "gender_Other_relative_bias": {"bias mean": 100.0, "bias sd": 0.0, "wasserstein mean": 0.09414428322807523, "wasserstein sd": 0.016823206193022237}, "relevent_experience_No relevent experience_relative_bias": {"bias mean": 16.447131084639185, "bias sd": 7.030976851272627, "wasserstein mean": 0.06253918838522507, "wasserstein sd": 0.028720294739172612}, "enrolled_university_Part time course_relative_bias": {"bias mean": 11.921946477610446, "bias sd": 7.091542481007924, "wasserstein mean": 0.030468917677192748, "wasserstein sd": 0.01891315774728992}, "enrolled_university_no_enrollment_relative_bias": {"bias mean": 1.0195117350552152, "bias sd": 0.883579539579792, "wasserstein mean": 0.023995682074171874, "wasserstein sd": 0.020671107170018587}, "education_level_Masters_relative_bias": {"bias mean": 3.619701428527133, "bias sd": 2.964482268722982, "wasserstein mean": 0.02187237465245815, "wasserstein sd": 0.017500134917195872}, "education_level_Phd_relative_bias": {"bias mean": 42.1860199088074, "bias sd": 12.033249934343699, "wasserstein mean": 0.07348067091530976, "wasserstein sd": 0.025078009609206083}, "major_discipline_Business Degree_relative_bias": {"bias mean": 98.57584377915182, "bias sd": 1.9729793052184292, "wasserstein mean": 0.13486958945806898, "wasserstein sd": 0.016729206299087505}, "major_discipline_Humanities_relative_bias": {"bias mean": 26.91250452554486, "bias sd": 12.110323824598574, "wasserstein mean": 0.05863126134572006, "wasserstein sd": 0.0300054080015964}, "major_discipline_No Major_relative_bias": {"bias mean": 100.0, "bias sd": 0.0, "wasserstein mean": 0.11586112319022634, "wasserstein sd": 0.017423646199882358}, "major_discipline_Other_relative_bias": {"bias mean": 96.57897644227785, "bias sd": 3.4843900942826673, "wasserstein mean": 0.1369048473201046, "wasserstein sd": 0.017639116828871825}, "major_discipline_STEM_relative_bias": {"bias mean": 6.933429596864306, "bias sd": 0.9408706379231271, "wasserstein mean": 0.1991759466048082, "wasserstein sd": 0.026146013017043945}, "company_size_100-500_relative_bias": {"bias mean": 4.698452268784143, "bias sd": 3.114538810520813, "wasserstein mean": 0.023624351336300288, "wasserstein sd": 0.015585946513907937}, "company_size_1000-4999_relative_bias": {"bias mean": 8.858458748765297, "bias sd": 5.924339303759144, "wasserstein mean": 0.030637928952754533, "wasserstein sd": 0.021226013261622757}, "company_size_10000+_relative_bias": {"bias mean": 5.497192529208592, "bias sd": 3.7582196324595323, "wasserstein mean": 0.023863392109380963, "wasserstein sd": 0.015883206916105327}, "company_size_50-99_relative_bias": {"bias mean": 4.597958122187713, "bias sd": 3.4042899783941887, "wasserstein mean": 0.024375718753540623, "wasserstein sd": 0.017691233244890064}, "company_size_500-999_relative_bias": {"bias mean": 9.032505875359256, "bias sd": 6.795284974394462, "wasserstein mean": 0.02398242332059168, "wasserstein sd": 0.017655476970867355}, "company_size_5000-9999_relative_bias": {"bias mean": 12.466633326856256, "bias sd": 8.704032111995534, "wasserstein mean": 0.027546087833388917, "wasserstein sd": 0.02079432906186771}, "company_size_<10_relative_bias": {"bias mean": 7.124892247820807, "bias sd": 5.853961048411538, "wasserstein mean": 0.023057273584170434, "wasserstein sd": 0.018834688123924893}, "company_type_Funded Startup_relative_bias": {"bias mean": 7.9580221097784385, "bias sd": 6.106722775908317, "wasserstein mean": 0.024652618366500453, "wasserstein sd": 0.01828099349776719}, "company_type_NGO_relative_bias": {"bias mean": 24.53518932541699, "bias sd": 10.789224059440015, "wasserstein mean": 0.051188166672450575, "wasserstein sd": 0.02538925209876886}, "company_type_Other_relative_bias": {"bias mean": 100.0, "bias sd": 0.0, "wasserstein mean": 0.09060984448378599, "wasserstein sd": 0.017563728759381725}, "company_type_Public Sector_relative_bias": {"bias mean": 19.044711441944585, "bias sd": 8.474527731803576, "wasserstein mean": 0.05030679861538334, "wasserstein sd": 0.02420916687581169}, "company_type_Pvt Ltd_relative_bias": {"bias mean": 3.7364214322334375, "bias sd": 1.6756016295403393, "wasserstein mean": 0.06593287912947057, "wasserstein sd": 0.02913541987323541}, "last_new_job_2_relative_bias": {"bias mean": 4.694752953686878, "bias sd": 3.1567424936740256, "wasserstein mean": 0.02164740683859213, "wasserstein sd": 0.014213833181145396}, "last_new_job_3_relative_bias": {"bias mean": 9.604123539301831, "bias sd": 6.599753700145193, "wasserstein mean": 0.025874844635477907, "wasserstein sd": 0.01797146132712512}, "last_new_job_4_relative_bias": {"bias mean": 8.286650101957852, "bias sd": 6.648182566542846, "wasserstein mean": 0.02219622267239618, "wasserstein sd": 0.017764658671811043}, "last_new_job_>4_relative_bias": {"bias mean": 3.846197113993101, "bias sd": 2.993300650225957, "wasserstein mean": 0.0204576901037019, "wasserstein sd": 0.016223177232515245}, "last_new_job_never_relative_bias": {"bias mean": 13.164867397049616, "bias sd": 8.764210323244237, "wasserstein mean": 0.02779603195901876, "wasserstein sd": 0.01975556765959935}}