{
    "MMDs": {
        "mean": 0.051495309708016475,
        "sd": 0.00424240818898603
    },
    "auroc": {
        "mean": 0.7082892223796776,
        "sd": 0.07021383823008559
    },
    "auprc": {
        "mean": 0.371227825509844,
        "sd": 0.07032886525328319
    },
    "remaining samples": {
        "mean": 2244.042,
        "sd": 9.281607403892927
    },
    "all_samples": 2250,
    "city_development_index_relative_bias": {
        "bias mean": 0.4628434587078899,
        "bias sd": 0.3230476256087836,
        "wasserstein mean": 0.03861682306833005,
        "wasserstein sd": 0.02107073324796559
    },
    "experience_relative_bias": {
        "bias mean": 1.2788686623362837,
        "bias sd": 0.9691135960836743,
        "wasserstein mean": 0.03276790742741009,
        "wasserstein sd": 0.014187763450306081
    },
    "training_hours_relative_bias": {
        "bias mean": 2.116263351621765,
        "bias sd": 1.5611783169213476,
        "wasserstein mean": 0.033330497604203944,
        "wasserstein sd": 0.013235224196038078
    },
    "target_relative_bias": {
        "bias mean": 5.710682379059094,
        "bias sd": 4.405230274976136,
        "wasserstein mean": 0.009364967441167405,
        "wasserstein sd": 0.007061243148940506
    },
    "gender_Male_relative_bias": {
        "bias mean": 1.9097361542633746,
        "bias sd": 0.8752942549588432,
        "wasserstein mean": 0.05766798530953939,
        "wasserstein sd": 0.026203199026972105
    },
    "gender_Other_relative_bias": {
        "bias mean": 100.0,
        "bias sd": 0.0,
        "wasserstein mean": 0.09410123600209086,
        "wasserstein sd": 0.016818414017798752
    },
    "relevent_experience_No relevent experience_relative_bias": {
        "bias mean": 16.318510030569357,
        "bias sd": 6.729601010147675,
        "wasserstein mean": 0.061996262454766186,
        "wasserstein sd": 0.027402168451762656
    },
    "enrolled_university_Part time course_relative_bias": {
        "bias mean": 11.823577522329277,
        "bias sd": 7.92377486821048,
        "wasserstein mean": 0.030576432725675787,
        "wasserstein sd": 0.021934240016619776
    },
    "enrolled_university_no_enrollment_relative_bias": {
        "bias mean": 1.0560889995162495,
        "bias sd": 0.7993652705548446,
        "wasserstein mean": 0.02489345561208402,
        "wasserstein sd": 0.018739381441467032
    },
    "education_level_Masters_relative_bias": {
        "bias mean": 4.015251112816109,
        "bias sd": 3.0454678507738686,
        "wasserstein mean": 0.024491275439505054,
        "wasserstein sd": 0.018310469431864866
    },
    "education_level_Phd_relative_bias": {
        "bias mean": 42.69946624522324,
        "bias sd": 11.502157769277593,
        "wasserstein mean": 0.07427229860168189,
        "wasserstein sd": 0.02461106617934558
    },
    "major_discipline_Business Degree_relative_bias": {
        "bias mean": 98.96752110075423,
        "bias sd": 1.758011539877396,
        "wasserstein mean": 0.1379170978429665,
        "wasserstein sd": 0.0170265609972744
    },
    "major_discipline_Humanities_relative_bias": {
        "bias mean": 25.629414724135582,
        "bias sd": 10.659335978615527,
        "wasserstein mean": 0.055182863240571506,
        "wasserstein sd": 0.025694809043057917
    },
    "major_discipline_No Major_relative_bias": {
        "bias mean": 100.0,
        "bias sd": 0.0,
        "wasserstein mean": 0.11295289742018176,
        "wasserstein sd": 0.01768129621136711
    },
    "major_discipline_Other_relative_bias": {
        "bias mean": 96.73002743794406,
        "bias sd": 3.2270608873106457,
        "wasserstein mean": 0.13819081376873724,
        "wasserstein sd": 0.017351279329024194
    },
    "major_discipline_STEM_relative_bias": {
        "bias mean": 6.902380117724241,
        "bias sd": 0.8600700767416731,
        "wasserstein mean": 0.1982931745366838,
        "wasserstein sd": 0.0237712690671557
    },
    "company_size_100-500_relative_bias": {
        "bias mean": 4.831507859195489,
        "bias sd": 3.7389908870678847,
        "wasserstein mean": 0.02417399310266272,
        "wasserstein sd": 0.01834938386364809
    },
    "company_size_1000-4999_relative_bias": {
        "bias mean": 7.678484634748741,
        "bias sd": 5.439584250815736,
        "wasserstein mean": 0.026679719613531248,
        "wasserstein sd": 0.019860947124445475
    },
    "company_size_10000+_relative_bias": {
        "bias mean": 5.575934514592804,
        "bias sd": 4.253294636721506,
        "wasserstein mean": 0.024178170088570372,
        "wasserstein sd": 0.017849828212523868
    },
    "company_size_50-99_relative_bias": {
        "bias mean": 4.621781157945061,
        "bias sd": 3.4512036095521155,
        "wasserstein mean": 0.02445918856206074,
        "wasserstein sd": 0.017866771410489885
    },
    "company_size_500-999_relative_bias": {
        "bias mean": 8.177083558525677,
        "bias sd": 6.483077060808822,
        "wasserstein mean": 0.021688598086667815,
        "wasserstein sd": 0.017161435712019526
    },
    "company_size_5000-9999_relative_bias": {
        "bias mean": 12.992389165173382,
        "bias sd": 8.323899253655515,
        "wasserstein mean": 0.028640197161625393,
        "wasserstein sd": 0.01966654518851414
    },
    "company_size_<10_relative_bias": {
        "bias mean": 6.804304076979359,
        "bias sd": 5.132987374478497,
        "wasserstein mean": 0.02211115867857348,
        "wasserstein sd": 0.016916313843734758
    },
    "company_type_Funded Startup_relative_bias": {
        "bias mean": 7.422686445990884,
        "bias sd": 5.721909380754217,
        "wasserstein mean": 0.022913905698076994,
        "wasserstein sd": 0.017359424280106416
    },
    "company_type_NGO_relative_bias": {
        "bias mean": 25.104533113308925,
        "bias sd": 10.953711902004844,
        "wasserstein mean": 0.0522053868553989,
        "wasserstein sd": 0.025412693645081474
    },
    "company_type_Other_relative_bias": {
        "bias mean": 100.0,
        "bias sd": 0.0,
        "wasserstein mean": 0.08968717379848422,
        "wasserstein sd": 0.016720127921830943
    },
    "company_type_Public Sector_relative_bias": {
        "bias mean": 19.376809923583902,
        "bias sd": 8.961975016312989,
        "wasserstein mean": 0.0514679547433487,
        "wasserstein sd": 0.025825012461709172
    },
    "company_type_Pvt Ltd_relative_bias": {
        "bias mean": 3.6640439903869835,
        "bias sd": 1.6147499099223535,
        "wasserstein mean": 0.06473120960141195,
        "wasserstein sd": 0.028084903636913596
    },
    "last_new_job_2_relative_bias": {
        "bias mean": 5.455519201801128,
        "bias sd": 3.941767883538324,
        "wasserstein mean": 0.024894733787074297,
        "wasserstein sd": 0.01759097834907653
    },
    "last_new_job_3_relative_bias": {
        "bias mean": 8.631815778684,
        "bias sd": 6.296249993509272,
        "wasserstein mean": 0.02359576657118397,
        "wasserstein sd": 0.017983096386614227
    },
    "last_new_job_4_relative_bias": {
        "bias mean": 8.779480649852392,
        "bias sd": 6.728456656793415,
        "wasserstein mean": 0.02343329387808972,
        "wasserstein sd": 0.017755547315992937
    },
    "last_new_job_>4_relative_bias": {
        "bias mean": 4.286183276954893,
        "bias sd": 3.2514068846054007,
        "wasserstein mean": 0.022732870329840723,
        "wasserstein sd": 0.017409982503280515
    },
    "last_new_job_never_relative_bias": {
        "bias mean": 13.44443755388135,
        "bias sd": 9.13601289822537,
        "wasserstein mean": 0.029013306502999638,
        "wasserstein sd": 0.021056686855850812
    }
}