{
    "MMDs": {
        "mean": 0.050283573589162286,
        "sd": 0.004739687004581563
    },
    "auroc": {
        "mean": 0.7317058312771273,
        "sd": 0.014515338099945678
    },
    "auprc": {
        "mean": 0.39429939254656576,
        "sd": 0.02276651997240703
    },
    "remaining samples": {
        "mean": 1921.92,
        "sd": 367.549879064053
    },
    "all_samples": 2250,
    "city_development_index_relative_bias": {
        "bias mean": 0.407134427231875,
        "bias sd": 0.2280915700992055,
        "wasserstein mean": 0.033309272718284905,
        "wasserstein sd": 0.015159398149262284
    },
    "experience_relative_bias": {
        "bias mean": 0.9877082379249167,
        "bias sd": 0.8613724250247196,
        "wasserstein mean": 0.029010164791760266,
        "wasserstein sd": 0.012435695353123478
    },
    "training_hours_relative_bias": {
        "bias mean": 2.040449892118332,
        "bias sd": 1.560151346031038,
        "wasserstein mean": 0.03207203805544606,
        "wasserstein sd": 0.012850306041918946
    },
    "target_relative_bias": {
        "bias mean": 5.118995296540669,
        "bias sd": 4.285102495183885,
        "wasserstein mean": 0.008310727539380405,
        "wasserstein sd": 0.006728347791141233
    },
    "gender_Male_relative_bias": {
        "bias mean": 1.9865113973190183,
        "bias sd": 0.7076238105028818,
        "wasserstein mean": 0.05993687466991103,
        "wasserstein sd": 0.021181858076195242
    },
    "gender_Other_relative_bias": {
        "bias mean": 100.0,
        "bias sd": 0.0,
        "wasserstein mean": 0.09625359730131516,
        "wasserstein sd": 0.017596998342598192
    },
    "relevent_experience_No relevent experience_relative_bias": {
        "bias mean": 13.600917147431257,
        "bias sd": 6.308045896235836,
        "wasserstein mean": 0.051460993804036195,
        "wasserstein sd": 0.026121046369143586
    },
    "enrolled_university_Part time course_relative_bias": {
        "bias mean": 9.493660854585421,
        "bias sd": 7.465170461484841,
        "wasserstein mean": 0.02445905532469596,
        "wasserstein sd": 0.02045203943226183
    },
    "enrolled_university_no_enrollment_relative_bias": {
        "bias mean": 0.8210047803860436,
        "bias sd": 0.6195072404868389,
        "wasserstein mean": 0.01939947375351362,
        "wasserstein sd": 0.014625697882581725
    },
    "education_level_Masters_relative_bias": {
        "bias mean": 3.5182380010685304,
        "bias sd": 2.7752349320908634,
        "wasserstein mean": 0.02156836881001551,
        "wasserstein sd": 0.016873050568149913
    },
    "education_level_Phd_relative_bias": {
        "bias mean": 41.7017626520463,
        "bias sd": 11.187895814780903,
        "wasserstein mean": 0.07282702856145155,
        "wasserstein sd": 0.023070718554271664
    },
    "major_discipline_Business Degree_relative_bias": {
        "bias mean": 98.76654550080015,
        "bias sd": 1.9422617634043633,
        "wasserstein mean": 0.1394026178183927,
        "wasserstein sd": 0.019247327609793478
    },
    "major_discipline_Humanities_relative_bias": {
        "bias mean": 26.07765346823719,
        "bias sd": 11.351145492120043,
        "wasserstein mean": 0.05605483491691734,
        "wasserstein sd": 0.026366558745679596
    },
    "major_discipline_No Major_relative_bias": {
        "bias mean": 100.0,
        "bias sd": 0.0,
        "wasserstein mean": 0.10905846637663429,
        "wasserstein sd": 0.015593689917906155
    },
    "major_discipline_Other_relative_bias": {
        "bias mean": 96.27865535067856,
        "bias sd": 3.5918989966517065,
        "wasserstein mean": 0.13700338886465846,
        "wasserstein sd": 0.01838839119669791
    },
    "major_discipline_STEM_relative_bias": {
        "bias mean": 6.83723336076614,
        "bias sd": 1.0125572631137005,
        "wasserstein mean": 0.19627444033507743,
        "wasserstein sd": 0.028136476490049193
    },
    "company_size_100-500_relative_bias": {
        "bias mean": 3.9645069215648823,
        "bias sd": 2.757421996108589,
        "wasserstein mean": 0.019744454327250794,
        "wasserstein sd": 0.013736657183736109
    },
    "company_size_1000-4999_relative_bias": {
        "bias mean": 8.204993084670898,
        "bias sd": 5.1757721158187415,
        "wasserstein mean": 0.028492718344298656,
        "wasserstein sd": 0.01865552045461463
    },
    "company_size_10000+_relative_bias": {
        "bias mean": 5.064376099331836,
        "bias sd": 4.250627318818689,
        "wasserstein mean": 0.02201361092746593,
        "wasserstein sd": 0.018036714412130866
    },
    "company_size_50-99_relative_bias": {
        "bias mean": 4.185288359772864,
        "bias sd": 2.868971499081222,
        "wasserstein mean": 0.02238810933889054,
        "wasserstein sd": 0.015178788451595003
    },
    "company_size_500-999_relative_bias": {
        "bias mean": 7.972406440241133,
        "bias sd": 6.009320999464353,
        "wasserstein mean": 0.02128237269964626,
        "wasserstein sd": 0.015544132900561438
    },
    "company_size_5000-9999_relative_bias": {
        "bias mean": 11.380576751180138,
        "bias sd": 6.988447680825394,
        "wasserstein mean": 0.025169170562632254,
        "wasserstein sd": 0.016357462727292903
    },
    "company_size_<10_relative_bias": {
        "bias mean": 5.634683510221294,
        "bias sd": 4.243248777933435,
        "wasserstein mean": 0.018184627699902294,
        "wasserstein sd": 0.013875142175433659
    },
    "company_type_Funded Startup_relative_bias": {
        "bias mean": 5.495485737435006,
        "bias sd": 5.462905703889681,
        "wasserstein mean": 0.017438665222613878,
        "wasserstein sd": 0.017936160362614865
    },
    "company_type_NGO_relative_bias": {
        "bias mean": 25.098347190457467,
        "bias sd": 10.343172332023979,
        "wasserstein mean": 0.05263093552637776,
        "wasserstein sd": 0.024287953959797666
    },
    "company_type_Other_relative_bias": {
        "bias mean": 100.0,
        "bias sd": 0.0,
        "wasserstein mean": 0.08796724397733852,
        "wasserstein sd": 0.01691989156877457
    },
    "company_type_Public Sector_relative_bias": {
        "bias mean": 17.20314771701013,
        "bias sd": 7.982136258058764,
        "wasserstein mean": 0.045553011173784984,
        "wasserstein sd": 0.022848661086637762
    },
    "company_type_Pvt Ltd_relative_bias": {
        "bias mean": 3.6066120523991363,
        "bias sd": 1.52701346128158,
        "wasserstein mean": 0.06362804261387482,
        "wasserstein sd": 0.026536784884497917
    },
    "last_new_job_2_relative_bias": {
        "bias mean": 4.623298543749619,
        "bias sd": 4.252265262492477,
        "wasserstein mean": 0.0207382205049205,
        "wasserstein sd": 0.018462934022030347
    },
    "last_new_job_3_relative_bias": {
        "bias mean": 8.565180731819572,
        "bias sd": 6.922036506894124,
        "wasserstein mean": 0.02341798531224359,
        "wasserstein sd": 0.019936595687619022
    },
    "last_new_job_4_relative_bias": {
        "bias mean": 7.417527174257285,
        "bias sd": 6.163598605064137,
        "wasserstein mean": 0.019937744773860008,
        "wasserstein sd": 0.01642544062476187
    },
    "last_new_job_>4_relative_bias": {
        "bias mean": 3.7090753708173,
        "bias sd": 2.9543466745098304,
        "wasserstein mean": 0.01982891466689277,
        "wasserstein sd": 0.016029959413744
    },
    "last_new_job_never_relative_bias": {
        "bias mean": 10.137970636449014,
        "bias sd": 6.691980214795458,
        "wasserstein mean": 0.02135185036249011,
        "wasserstein sd": 0.014988126064173223
    }
}