{
    "MMDs": {
        "mean": 0.0037643858589438807,
        "sd": 0.0002857857815662074
    },
    "auroc": {
        "mean": 0.5398560645574862,
        "sd": 0.08550321910867306
    },
    "auprc": {
        "mean": 0.20680668103193636,
        "sd": 0.08568451856576645
    },
    "remaining samples": {
        "mean": 2293.54,
        "sd": 8.17119330330644
    },
    "all_samples": 2291,
    "city_development_index_relative_bias": {
        "bias mean": 0.0280716801902185,
        "bias sd": 0.020054161736561747,
        "wasserstein mean": 0.01580508880697575,
        "wasserstein sd": 0.004834995771567026
    },
    "experience_relative_bias": {
        "bias mean": 0.10048470554157005,
        "bias sd": 0.06724559178198439,
        "wasserstein mean": 0.017441529228664633,
        "wasserstein sd": 0.004456997491996374
    },
    "training_hours_relative_bias": {
        "bias mean": 0.19406226033214405,
        "bias sd": 0.13028109607365188,
        "wasserstein mean": 0.022258614681474623,
        "wasserstein sd": 0.004892357050769478
    },
    "target_relative_bias": {
        "bias mean": 39.303769582600246,
        "bias sd": 4.690735638124759,
        "wasserstein mean": 0.06568854030690773,
        "wasserstein sd": 0.009097831986708108
    },
    "gender_Male_relative_bias": {
        "bias mean": 0.13573725790326802,
        "bias sd": 0.06185826398953592,
        "wasserstein mean": 0.004102583872884493,
        "wasserstein sd": 0.001862530842064836
    },
    "gender_Other_relative_bias": {
        "bias mean": 7.932981288224718,
        "bias sd": 3.85536080222314,
        "wasserstein mean": 0.007739016013567584,
        "wasserstein sd": 0.004447728265698851
    },
    "relevent_experience_No relevent experience_relative_bias": {
        "bias mean": 0.9466495433241059,
        "bias sd": 0.5300521301563291,
        "wasserstein mean": 0.003537286974340682,
        "wasserstein sd": 0.001986661487832536
    },
    "enrolled_university_Part time course_relative_bias": {
        "bias mean": 1.8541544606172053,
        "bias sd": 0.8604881140822435,
        "wasserstein mean": 0.004688500794267155,
        "wasserstein sd": 0.0021960267959094423
    },
    "enrolled_university_no_enrollment_relative_bias": {
        "bias mean": 0.18569002972776613,
        "bias sd": 0.09110979812111036,
        "wasserstein mean": 0.004372624259042778,
        "wasserstein sd": 0.0021337348201911906
    },
    "education_level_Masters_relative_bias": {
        "bias mean": 0.2737218288430801,
        "bias sd": 0.22710943255311253,
        "wasserstein mean": 0.001688600453714731,
        "wasserstein sd": 0.0013956676445695173
    },
    "education_level_Phd_relative_bias": {
        "bias mean": 1.5566111859599376,
        "bias sd": 0.8204193836325893,
        "wasserstein mean": 0.002662792985128555,
        "wasserstein sd": 0.001415199633075115
    },
    "major_discipline_Business Degree_relative_bias": {
        "bias mean": 2.72879172600651,
        "bias sd": 1.8416372968531114,
        "wasserstein mean": 0.0039241967389887986,
        "wasserstein sd": 0.002724106587462289
    },
    "major_discipline_Humanities_relative_bias": {
        "bias mean": 1.0385076355330107,
        "bias sd": 0.7306708920077295,
        "wasserstein mean": 0.0021777218413135207,
        "wasserstein sd": 0.0015618038276127252
    },
    "major_discipline_No Major_relative_bias": {
        "bias mean": 4.06738403292724,
        "bias sd": 2.5661168117541924,
        "wasserstein mean": 0.004578616570825852,
        "wasserstein sd": 0.003136066058107918
    },
    "major_discipline_Other_relative_bias": {
        "bias mean": 3.0388964860193317,
        "bias sd": 1.7719413968507778,
        "wasserstein mean": 0.00433728730129922,
        "wasserstein sd": 0.0024944929742015047
    },
    "major_discipline_STEM_relative_bias": {
        "bias mean": 0.21054335197405677,
        "bias sd": 0.07895566607885819,
        "wasserstein mean": 0.0060501829369017405,
        "wasserstein sd": 0.0022627919837163585
    },
    "company_size_100-500_relative_bias": {
        "bias mean": 0.29056130960694004,
        "bias sd": 0.22538349883436226,
        "wasserstein mean": 0.0014627227938095735,
        "wasserstein sd": 0.0011217026258602426
    },
    "company_size_1000-4999_relative_bias": {
        "bias mean": 0.5242692004300262,
        "bias sd": 0.40628381926024104,
        "wasserstein mean": 0.0017642810881491609,
        "wasserstein sd": 0.001373090463197479
    },
    "company_size_10000+_relative_bias": {
        "bias mean": 0.37428800945794655,
        "bias sd": 0.32217568995762247,
        "wasserstein mean": 0.0016369542811694646,
        "wasserstein sd": 0.0014041432569170465
    },
    "company_size_50-99_relative_bias": {
        "bias mean": 0.29706979045744275,
        "bias sd": 0.2190378526006111,
        "wasserstein mean": 0.0015803397152761695,
        "wasserstein sd": 0.0011618568890364607
    },
    "company_size_500-999_relative_bias": {
        "bias mean": 0.9198115421361251,
        "bias sd": 0.7296807613637895,
        "wasserstein mean": 0.00245819186470999,
        "wasserstein sd": 0.0019418908573614754
    },
    "company_size_5000-9999_relative_bias": {
        "bias mean": 1.9263250983248656,
        "bias sd": 1.356415566611232,
        "wasserstein mean": 0.004182870806024259,
        "wasserstein sd": 0.0030110579916983295
    },
    "company_size_<10_relative_bias": {
        "bias mean": 0.6461069464357485,
        "bias sd": 0.5045591780512515,
        "wasserstein mean": 0.0020890199320056286,
        "wasserstein sd": 0.0016306621385391998
    },
    "company_type_Funded Startup_relative_bias": {
        "bias mean": 0.5401652083394582,
        "bias sd": 0.441809448191606,
        "wasserstein mean": 0.0016828769175765096,
        "wasserstein sd": 0.0013516576188719767
    },
    "company_type_NGO_relative_bias": {
        "bias mean": 1.6463078858878992,
        "bias sd": 1.0803834076664858,
        "wasserstein mean": 0.0033638853462582704,
        "wasserstein sd": 0.002290534144007598
    },
    "company_type_Other_relative_bias": {
        "bias mean": 7.519614939175675,
        "bias sd": 3.626679592270975,
        "wasserstein mean": 0.00699321260414679,
        "wasserstein sd": 0.003925532215464706
    },
    "company_type_Public Sector_relative_bias": {
        "bias mean": 0.8889175556833703,
        "bias sd": 0.6335433439440719,
        "wasserstein mean": 0.002303750639883628,
        "wasserstein sd": 0.0016368719997041188
    },
    "company_type_Pvt Ltd_relative_bias": {
        "bias mean": 0.2210160817679521,
        "bias sd": 0.10938349627954683,
        "wasserstein mean": 0.003906775755853802,
        "wasserstein sd": 0.0019157432798202023
    },
    "last_new_job_2_relative_bias": {
        "bias mean": 0.31077003371754996,
        "bias sd": 0.21895996751262034,
        "wasserstein mean": 0.0014332293788010687,
        "wasserstein sd": 0.0010298574683986724
    },
    "last_new_job_3_relative_bias": {
        "bias mean": 1.0175427124436822,
        "bias sd": 0.7227357995550233,
        "wasserstein mean": 0.0027495501343788977,
        "wasserstein sd": 0.001989704926026174
    },
    "last_new_job_4_relative_bias": {
        "bias mean": 1.1504816767373964,
        "bias sd": 0.8326528952602271,
        "wasserstein mean": 0.0031099569605574145,
        "wasserstein sd": 0.002292919375083077
    },
    "last_new_job_>4_relative_bias": {
        "bias mean": 0.22899206078112827,
        "bias sd": 0.15583848281081142,
        "wasserstein mean": 0.001205543866975661,
        "wasserstein sd": 0.0008201289600643115
    },
    "last_new_job_never_relative_bias": {
        "bias mean": 1.6162177980451355,
        "bias sd": 0.9688937419831158,
        "wasserstein mean": 0.003483887929041898,
        "wasserstein sd": 0.0021636195802638603
    }
}