{
    "MMDs": {
        "mean": 0.003670034966947107,
        "sd": 0.0002784790594541742
    },
    "auroc": {
        "mean": 0.694841380802213,
        "sd": 0.07410259073181094
    },
    "auprc": {
        "mean": 0.3586702699512155,
        "sd": 0.07412753674917606
    },
    "remaining samples": {
        "mean": 2396.84,
        "sd": 4.0117826461561945
    },
    "all_samples": 2396,
    "city_development_index_relative_bias": {
        "bias mean": 0.02317029283412707,
        "bias sd": 0.01615136074815488,
        "wasserstein mean": 0.014139944041458193,
        "wasserstein sd": 0.00410572297866812
    },
    "experience_relative_bias": {
        "bias mean": 0.09734214933591386,
        "bias sd": 0.0649226056512794,
        "wasserstein mean": 0.017122926608086488,
        "wasserstein sd": 0.004738944453056836
    },
    "training_hours_relative_bias": {
        "bias mean": 0.19607303239273915,
        "bias sd": 0.13348390417675826,
        "wasserstein mean": 0.02208189755228313,
        "wasserstein sd": 0.004875626563085239
    },
    "target_relative_bias": {
        "bias mean": 18.65798530314474,
        "bias sd": 5.434327940845667,
        "wasserstein mean": 0.031301232273050095,
        "wasserstein sd": 0.009684193780541889
    },
    "gender_Male_relative_bias": {
        "bias mean": 0.13218001052158898,
        "bias sd": 0.05968593580634579,
        "wasserstein mean": 0.003995155396804551,
        "wasserstein sd": 0.0017978126125752342
    },
    "gender_Other_relative_bias": {
        "bias mean": 7.645646847297943,
        "bias sd": 3.8840273278678996,
        "wasserstein mean": 0.007461360509336907,
        "wasserstein sd": 0.004423875046894917
    },
    "relevent_experience_No relevent experience_relative_bias": {
        "bias mean": 0.9025472550561524,
        "bias sd": 0.5105408356287912,
        "wasserstein mean": 0.003374047514090912,
        "wasserstein sd": 0.0019234175683219806
    },
    "enrolled_university_Part time course_relative_bias": {
        "bias mean": 1.705107482860104,
        "bias sd": 0.8631060538461811,
        "wasserstein mean": 0.004303014238063545,
        "wasserstein sd": 0.0021757327412550704
    },
    "enrolled_university_no_enrollment_relative_bias": {
        "bias mean": 0.1717125987713764,
        "bias sd": 0.0870585108449433,
        "wasserstein mean": 0.004042991567351718,
        "wasserstein sd": 0.0020366435859295305
    },
    "education_level_Masters_relative_bias": {
        "bias mean": 0.2654841819974424,
        "bias sd": 0.213799202314157,
        "wasserstein mean": 0.0016409341631676724,
        "wasserstein sd": 0.001324002652019099
    },
    "education_level_Phd_relative_bias": {
        "bias mean": 1.532863634738567,
        "bias sd": 0.8165913980986738,
        "wasserstein mean": 0.0026212079930477378,
        "wasserstein sd": 0.0014071431462598343
    },
    "major_discipline_Business Degree_relative_bias": {
        "bias mean": 2.66017841862108,
        "bias sd": 1.8164447680359288,
        "wasserstein mean": 0.003821176085504159,
        "wasserstein sd": 0.0026719787928489273
    },
    "major_discipline_Humanities_relative_bias": {
        "bias mean": 1.0278387613560498,
        "bias sd": 0.7194511114803581,
        "wasserstein mean": 0.0021545354479978363,
        "wasserstein sd": 0.0015345707983584497
    },
    "major_discipline_No Major_relative_bias": {
        "bias mean": 3.896550587803473,
        "bias sd": 2.452789840833744,
        "wasserstein mean": 0.004370735994778196,
        "wasserstein sd": 0.0029946002601537324
    },
    "major_discipline_Other_relative_bias": {
        "bias mean": 2.935299499210822,
        "bias sd": 1.7205687160853804,
        "wasserstein mean": 0.004195766497053193,
        "wasserstein sd": 0.0024360926315168674
    },
    "major_discipline_STEM_relative_bias": {
        "bias mean": 0.2014180910619591,
        "bias sd": 0.07707219480689194,
        "wasserstein mean": 0.005788137179416366,
        "wasserstein sd": 0.002210364401332366
    },
    "company_size_100-500_relative_bias": {
        "bias mean": 0.29103723007990967,
        "bias sd": 0.2136109508543977,
        "wasserstein mean": 0.0014669390442298763,
        "wasserstein sd": 0.0010664639938954355
    },
    "company_size_1000-4999_relative_bias": {
        "bias mean": 0.5140250767562022,
        "bias sd": 0.3953892154736216,
        "wasserstein mean": 0.0017277750769040573,
        "wasserstein sd": 0.001323758654850415
    },
    "company_size_10000+_relative_bias": {
        "bias mean": 0.3683935406465274,
        "bias sd": 0.3185705946423703,
        "wasserstein mean": 0.001608185448071152,
        "wasserstein sd": 0.0013789433763332247
    },
    "company_size_50-99_relative_bias": {
        "bias mean": 0.28022937632767475,
        "bias sd": 0.2199548880939908,
        "wasserstein mean": 0.0014910045953582757,
        "wasserstein sd": 0.0011704200489067594
    },
    "company_size_500-999_relative_bias": {
        "bias mean": 0.9060672983551042,
        "bias sd": 0.7214909939330563,
        "wasserstein mean": 0.002425151738738332,
        "wasserstein sd": 0.0019141457887112087
    },
    "company_size_5000-9999_relative_bias": {
        "bias mean": 1.856713112270817,
        "bias sd": 1.337876577468585,
        "wasserstein mean": 0.004030990600020077,
        "wasserstein sd": 0.002973971423206917
    },
    "company_size_<10_relative_bias": {
        "bias mean": 0.6168676485892362,
        "bias sd": 0.48744873220171236,
        "wasserstein mean": 0.001992763995995203,
        "wasserstein sd": 0.0015744957619433905
    },
    "company_type_Funded Startup_relative_bias": {
        "bias mean": 0.525149260216944,
        "bias sd": 0.44224158661080376,
        "wasserstein mean": 0.0016320905375712491,
        "wasserstein sd": 0.001346962796499038
    },
    "company_type_NGO_relative_bias": {
        "bias mean": 1.6233386254049789,
        "bias sd": 1.0494383039406927,
        "wasserstein mean": 0.003305300132596127,
        "wasserstein sd": 0.002208755006556514
    },
    "company_type_Other_relative_bias": {
        "bias mean": 7.237835567640326,
        "bias sd": 3.5236588118819507,
        "wasserstein mean": 0.006756934538719317,
        "wasserstein sd": 0.003857095667587408
    },
    "company_type_Public Sector_relative_bias": {
        "bias mean": 0.865248167996598,
        "bias sd": 0.6428259730188659,
        "wasserstein mean": 0.0022465813262844544,
        "wasserstein sd": 0.0016741549317222243
    },
    "company_type_Pvt Ltd_relative_bias": {
        "bias mean": 0.21515116435734943,
        "bias sd": 0.10628645596166271,
        "wasserstein mean": 0.0038033714170490275,
        "wasserstein sd": 0.0018633844542345751
    },
    "last_new_job_2_relative_bias": {
        "bias mean": 0.3001517045390631,
        "bias sd": 0.22487446052139048,
        "wasserstein mean": 0.0013832551184001533,
        "wasserstein sd": 0.0010554418787472838
    },
    "last_new_job_3_relative_bias": {
        "bias mean": 0.9472703317264252,
        "bias sd": 0.698402020057125,
        "wasserstein mean": 0.002555378119390378,
        "wasserstein sd": 0.001917539054171083
    },
    "last_new_job_4_relative_bias": {
        "bias mean": 1.1403287341450596,
        "bias sd": 0.8427644678969525,
        "wasserstein mean": 0.003083208704218074,
        "wasserstein sd": 0.0023209001065953795
    },
    "last_new_job_>4_relative_bias": {
        "bias mean": 0.23697082203466915,
        "bias sd": 0.16213604064542403,
        "wasserstein mean": 0.0012482503330698887,
        "wasserstein sd": 0.0008497745061154846
    },
    "last_new_job_never_relative_bias": {
        "bias mean": 1.5941114914340904,
        "bias sd": 0.9789818778055928,
        "wasserstein mean": 0.0034383334439373344,
        "wasserstein sd": 0.002189675225180745
    }
}