{
    "MMDs": {
        "mean": 0.25709874418874873,
        "sd": 0.01855881164747462
    },
    "auroc": {
        "mean": 0.8175820298573221,
        "sd": 0.0882870055320224
    },
    "auprc": {
        "mean": 0.8517019993868356,
        "sd": 0.051662151288467746
    },
    "mse": {
        "mean": 0.0,
        "sd": 0.0
    },
    "remaining samples": {
        "mean": 218.5,
        "sd": 6.568865959965997
    },
    "all_samples": 238,
    "clump_thickness_relative_bias": {
        "bias mean": 28.182234221024306,
        "bias sd": 3.2068788494335916,
        "wasserstein mean": 0.442216094015932,
        "wasserstein sd": 0.05639367089379636
    },
    "uniformity_of_cell_size_relative_bias": {
        "bias mean": 48.58982098849719,
        "bias sd": 2.950193486253009,
        "wasserstein mean": 0.49441844731101847,
        "wasserstein sd": 0.0431379640590174
    },
    "uniformity_of_cell_shape_relative_bias": {
        "bias mean": 46.49442278035629,
        "bias sd": 2.7671705743045916,
        "wasserstein mean": 0.49569620672500003,
        "wasserstein sd": 0.04249732342715239
    },
    "marginal_adhesion_relative_bias": {
        "bias mean": 44.17861456813375,
        "bias sd": 3.5867720709645914,
        "wasserstein mean": 0.4367782839526398,
        "wasserstein sd": 0.049050828691907244
    },
    "single_epithelial_cell_size_relative_bias": {
        "bias mean": 27.800895717752844,
        "bias sd": 3.36630808098722,
        "wasserstein mean": 0.40331477550113154,
        "wasserstein sd": 0.05667901844629648
    },
    "bare_nuclei_relative_bias": {
        "bias mean": 51.394785704144866,
        "bias sd": 2.853603685032332,
        "wasserstein mean": 0.494601070451835,
        "wasserstein sd": 0.038631126340628937
    },
    "bland_chromatin_relative_bias": {
        "bias mean": 32.30446065572239,
        "bias sd": 3.2317371530618333,
        "wasserstein mean": 0.4507698706419269,
        "wasserstein sd": 0.05615978939018755
    },
    "normal_nucleoli_relative_bias": {
        "bias mean": 46.47979098267251,
        "bias sd": 3.7103167430106803,
        "wasserstein mean": 0.43439877680363087,
        "wasserstein sd": 0.04794594014497148
    },
    "mitoses_relative_bias": {
        "bias mean": 26.130928906718555,
        "bias sd": 4.76249645016502,
        "wasserstein mean": 0.2395511691265651,
        "wasserstein sd": 0.052463887845616466
    },
    "class_relative_bias": {
        "bias mean": 43.61592240089609,
        "bias sd": 3.6428064725859337,
        "wasserstein mean": 0.28625410645537575,
        "wasserstein sd": 0.017530557188767372
    }
}