{
    "MMDs": {
        "mean": 0.12489050984708848,
        "sd": 0.030524270078672453
    },
    "auroc": {
        "mean": 0.9256510235296801,
        "sd": 0.027873094798562315
    },
    "auprc": {
        "mean": 0.9350570835530532,
        "sd": 0.02240086858569837
    },
    "remaining samples": {
        "mean": 274.06,
        "sd": 6.592146843024661
    },
    "all_samples": 284,
    "clump_thickness_relative_bias": {
        "bias mean": 11.59854086423984,
        "bias sd": 4.269365563398779,
        "wasserstein mean": 0.18583682354025557,
        "wasserstein sd": 0.06934914244813903
    },
    "uniformity_of_cell_size_relative_bias": {
        "bias mean": 21.600126276034185,
        "bias sd": 6.6603851876377185,
        "wasserstein mean": 0.22560039348716912,
        "wasserstein sd": 0.0733696511119095
    },
    "uniformity_of_cell_shape_relative_bias": {
        "bias mean": 21.16411624216904,
        "bias sd": 5.9764789981959066,
        "wasserstein mean": 0.23129088936018757,
        "wasserstein sd": 0.07035744783115079
    },
    "marginal_adhesion_relative_bias": {
        "bias mean": 19.339968533958995,
        "bias sd": 7.128434769158177,
        "wasserstein mean": 0.1955103991356707,
        "wasserstein sd": 0.0769132961075528
    },
    "single_epithelial_cell_size_relative_bias": {
        "bias mean": 13.369467684294452,
        "bias sd": 4.269196721011603,
        "wasserstein mean": 0.2004436634756992,
        "wasserstein sd": 0.0658747276929134
    },
    "bare_nuclei_relative_bias": {
        "bias mean": 23.534625824237363,
        "bias sd": 6.254840131622473,
        "wasserstein mean": 0.23210174114720325,
        "wasserstein sd": 0.07025529357932779
    },
    "bland_chromatin_relative_bias": {
        "bias mean": 15.177356972375728,
        "bias sd": 4.563287976826397,
        "wasserstein mean": 0.21817585596077937,
        "wasserstein sd": 0.06701124619865234
    },
    "normal_nucleoli_relative_bias": {
        "bias mean": 20.88244170542994,
        "bias sd": 6.940955908741904,
        "wasserstein mean": 0.19955157560401038,
        "wasserstein sd": 0.07115107545812796
    },
    "mitoses_relative_bias": {
        "bias mean": 12.555050978129346,
        "bias sd": 7.56836581732227,
        "wasserstein mean": 0.12615934918218236,
        "wasserstein sd": 0.0693403583827266
    },
    "class_relative_bias": {
        "bias mean": 20.66175739786253,
        "bias sd": 5.228265240486317,
        "wasserstein mean": 0.1332529264592239,
        "wasserstein sd": 0.03040560068491565
    }
}