{"MMDs": {"mean": 0.06178604491068378, "sd": 0.025282392211511382}, "auroc": {"mean": 0.9347712973652768, "sd": 0.022369740718981318}, "auprc": {"mean": 0.9432374803251355, "sd": 0.019555633999650924}, "remaining samples": {"mean": 295.28, "sd": 13.382137347972485}, "all_samples": 313, "clump_thickness_relative_bias": {"bias mean": 4.8236933009884835, "bias sd": 3.8476757806634128, "wasserstein mean": 0.09331991757298534, "wasserstein sd": 0.053201299705704155}, "uniformity_of_cell_size_relative_bias": {"bias mean": 9.311310151273434, "bias sd": 5.822991060769166, "wasserstein mean": 0.1051237402904363, "wasserstein sd": 0.057655251590528665}, "uniformity_of_cell_shape_relative_bias": {"bias mean": 9.549747676625346, "bias sd": 5.423295694154915, "wasserstein mean": 0.11106173463891439, "wasserstein sd": 0.05670596516515447}, "marginal_adhesion_relative_bias": {"bias mean": 9.112752075523797, "bias sd": 6.195230277781906, "wasserstein mean": 0.10096680784835678, "wasserstein sd": 0.06033604336197487}, "single_epithelial_cell_size_relative_bias": {"bias mean": 6.143041035202751, "bias sd": 4.352670613444386, "wasserstein mean": 0.10720119160639481, "wasserstein sd": 0.05751414158132619}, "bare_nuclei_relative_bias": {"bias mean": 10.446015941635705, "bias sd": 6.25531147721579, "wasserstein mean": 0.1061934017263032, "wasserstein sd": 0.06397595778562562}, "bland_chromatin_relative_bias": {"bias mean": 7.060669270093626, "bias sd": 4.241045297606908, "wasserstein mean": 0.11281555923803194, "wasserstein sd": 0.052396307010512434}, "normal_nucleoli_relative_bias": {"bias mean": 9.302123385149129, "bias sd": 6.2345432586977, "wasserstein mean": 0.0969711150804968, "wasserstein sd": 0.05709765932371553}, "mitoses_relative_bias": {"bias mean": 8.74794436878369, "bias sd": 5.9835271030998864, "wasserstein mean": 0.09058458651362798, "wasserstein sd": 0.05417584783030275}, "class_relative_bias": {"bias mean": 8.807823906829787, "bias sd": 5.0360835222099025, "wasserstein mean": 0.05633672404064485, "wasserstein sd": 0.030947044632443726}}