{
    "MMDs": {
        "mean": 0.008643598878574455,
        "sd": 0.0005271794211470455
    },
    "auroc": {
        "mean": 0.7953085493902009,
        "sd": 0.017030932926118632
    },
    "auprc": {
        "mean": 0.695120497551123,
        "sd": 0.031941686936811854
    },
    "remaining samples": {
        "mean": 1793.08,
        "sd": 10.063478523850488
    },
    "all_samples": 1799,
    "AGEP_relative_bias": {
        "bias mean": 0.20247999244675513,
        "bias sd": 0.12679879800377047,
        "wasserstein mean": 0.017785883669685854,
        "wasserstein sd": 0.0029957889076740623
    },
    "WKHP_relative_bias": {
        "bias mean": 0.16219975227027972,
        "bias sd": 0.1528093823611365,
        "wasserstein mean": 0.022851056087673415,
        "wasserstein sd": 0.006264206569222141
    },
    "COW_Employee of a private for-profit company or business, or of an individual, for wages, salary, or commissions_relative_bias": {
        "bias mean": 0.19573198613288198,
        "bias sd": 0.13773049027253043,
        "wasserstein mean": 0.0026835834417981486,
        "wasserstein sd": 0.0018891786422365192
    },
    "COW_Employee of a private not-for-profit, tax-exempt, or charitable organization_relative_bias": {
        "bias mean": 1.0256795352893553,
        "bias sd": 0.9399764629612845,
        "wasserstein mean": 0.0027986069401798926,
        "wasserstein sd": 0.002501569901419552
    },
    "COW_Federal government employee_relative_bias": {
        "bias mean": 2.5443446245525996,
        "bias sd": 1.8765038773532727,
        "wasserstein mean": 0.004174964381618848,
        "wasserstein sd": 0.003030731684964996
    },
    "COW_Local government employee (city, county, etc.)_relative_bias": {
        "bias mean": 1.2673110804970638,
        "bias sd": 0.9405664032044754,
        "wasserstein mean": 0.0036833961325199744,
        "wasserstein sd": 0.0027430761109534982
    },
    "COW_Self-employed in own incorporated business, professional practice or farm_relative_bias": {
        "bias mean": 1.5568688680528195,
        "bias sd": 1.267468641818606,
        "wasserstein mean": 0.0032062583406685173,
        "wasserstein sd": 0.0026175394097461436
    },
    "COW_Self-employed in own not incorporated business, professional practice, or farm_relative_bias": {
        "bias mean": 1.3988410704241827,
        "bias sd": 1.1211930357069133,
        "wasserstein mean": 0.004292438181166692,
        "wasserstein sd": 0.0033836341225525783
    },
    "COW_State government employee_relative_bias": {
        "bias mean": 1.5008906246791331,
        "bias sd": 1.0538178950393151,
        "wasserstein mean": 0.0032152742572556787,
        "wasserstein sd": 0.002206981224061827
    },
    "COW_Working without pay in family business or farm_relative_bias": {
        "bias mean": 49.37999713754059,
        "bias sd": 117.10532462709561,
        "wasserstein mean": 0.01566249362108349,
        "wasserstein sd": 0.013851842690031193
    },
    "SCHL_1 or more years of college credit, no degree_relative_bias": {
        "bias mean": 0.5830377920544317,
        "bias sd": 0.40374062117406395,
        "wasserstein mean": 0.0025649562305345725,
        "wasserstein sd": 0.001778969729404498
    },
    "SCHL_12th grade - no diploma_relative_bias": {
        "bias mean": 3.445244671939969,
        "bias sd": 1.9979318577144087,
        "wasserstein mean": 0.005239039680641814,
        "wasserstein sd": 0.0030241536447164607
    },
    "SCHL_Associate's degree_relative_bias": {
        "bias mean": 1.111222020478161,
        "bias sd": 0.8702157600831297,
        "wasserstein mean": 0.0032624760142694787,
        "wasserstein sd": 0.0025798343235632786
    },
    "SCHL_Bachelor's degree_relative_bias": {
        "bias mean": 0.39845042549645304,
        "bias sd": 0.36030440854177354,
        "wasserstein mean": 0.002242099848030028,
        "wasserstein sd": 0.002033620041877533
    },
    "SCHL_Doctorate degree_relative_bias": {
        "bias mean": 2.9363931603272233,
        "bias sd": 2.2518838947295965,
        "wasserstein mean": 0.004166784684713395,
        "wasserstein sd": 0.003137993153106901
    },
    "SCHL_GED or alternative credential_relative_bias": {
        "bias mean": 3.338657102978185,
        "bias sd": 2.704691223422548,
        "wasserstein mean": 0.004785977007259314,
        "wasserstein sd": 0.003684211827572839
    },
    "SCHL_Grade 1_relative_bias": {
        "bias mean": Infinity,
        "bias sd": NaN,
        "wasserstein mean": 0.0282186764656051,
        "wasserstein sd": 0.02043913850046249
    },
    "SCHL_Grade 10_relative_bias": {
        "bias mean": 10.112699685019807,
        "bias sd": 7.49860331867658,
        "wasserstein mean": 0.008189904185204183,
        "wasserstein sd": 0.004376224742432613
    },
    "SCHL_Grade 11_relative_bias": {
        "bias mean": 4.6817715210829105,
        "bias sd": 3.1615129827474244,
        "wasserstein mean": 0.005976763555152839,
        "wasserstein sd": 0.00437996159141834
    },
    "SCHL_Grade 2_relative_bias": {
        "bias mean": -1.299338027387063e+16,
        "bias sd": 9.09536619170948e+16,
        "wasserstein mean": 0.026467268599159474,
        "wasserstein sd": 0.01809961046615511
    },
    "SCHL_Grade 3_relative_bias": {
        "bias mean": 31.61156739636294,
        "bias sd": 31.60357885675141,
        "wasserstein mean": 0.014430486453708188,
        "wasserstein sd": 0.010117106820954774
    },
    "SCHL_Grade 4_relative_bias": {
        "bias mean": 47.240358916815154,
        "bias sd": 35.3501791530445,
        "wasserstein mean": 0.020350713208057633,
        "wasserstein sd": 0.017161612143138428
    },
    "SCHL_Grade 5_relative_bias": {
        "bias mean": 46.362254378102115,
        "bias sd": 46.085717399430216,
        "wasserstein mean": 0.01680245469812839,
        "wasserstein sd": 0.013556515671768484
    },
    "SCHL_Grade 6_relative_bias": {
        "bias mean": 4.091473859964721,
        "bias sd": 2.8254898737438716,
        "wasserstein mean": 0.00508924941797828,
        "wasserstein sd": 0.003451243149024722
    },
    "SCHL_Grade 7_relative_bias": {
        "bias mean": 43.304160857370995,
        "bias sd": 34.72713545340253,
        "wasserstein mean": 0.019983601566849002,
        "wasserstein sd": 0.013253713662048939
    },
    "SCHL_Grade 8_relative_bias": {
        "bias mean": 10.364072618660689,
        "bias sd": 7.154513935167265,
        "wasserstein mean": 0.007412490462001376,
        "wasserstein sd": 0.004657106545232813
    },
    "SCHL_Grade 9_relative_bias": {
        "bias mean": 5.050858765490974,
        "bias sd": 3.111440902099623,
        "wasserstein mean": 0.005431372041930438,
        "wasserstein sd": 0.003428600002142334
    },
    "SCHL_Kindergarten_relative_bias": {
        "bias mean": Infinity,
        "bias sd": NaN,
        "wasserstein mean": 0.023954116705437678,
        "wasserstein sd": 0.022328844135710926
    },
    "SCHL_Master's degree_relative_bias": {
        "bias mean": 0.6222940396016992,
        "bias sd": 0.45745931066975626,
        "wasserstein mean": 0.002090320893043725,
        "wasserstein sd": 0.0015494799630210872
    },
    "SCHL_No schooling completed_relative_bias": {
        "bias mean": 4.248785852184674,
        "bias sd": 3.054353316761671,
        "wasserstein mean": 0.005614629540482856,
        "wasserstein sd": 0.003986977512313047
    },
    "SCHL_Nursery school, preschool_relative_bias": {
        "bias mean": 2.977284218249194e+17,
        "bias sd": 5.970937906129047e+17,
        "wasserstein mean": 0.023577174061942992,
        "wasserstein sd": 0.022438050063371396
    },
    "SCHL_Professional degree beyond a bachelor's degree_relative_bias": {
        "bias mean": 1.7356222446619844,
        "bias sd": 1.3730911673786286,
        "wasserstein mean": 0.0029858819711984274,
        "wasserstein sd": 0.0022936340869358835
    },