{
    "MMDs": {
        "mean": 0.007587574533708053,
        "sd": 0.00037968569496888853
    },
    "auroc": {
        "mean": 0.8054752107006271,
        "sd": 0.015671110905027923
    },
    "auprc": {
        "mean": 0.718068867403333,
        "sd": 0.027601171218328065
    },
    "remaining samples": {
        "mean": 2146.56,
        "sd": 5.083935483461607
    },
    "all_samples": 2149,
    "AGEP_relative_bias": {
        "bias mean": 0.17735174993922553,
        "bias sd": 0.1243218336002494,
        "wasserstein mean": 0.017055977207492,
        "wasserstein sd": 0.002860965671918951
    },
    "WKHP_relative_bias": {
        "bias mean": 0.15562586376658083,
        "bias sd": 0.13615741886990965,
        "wasserstein mean": 0.020972542832103338,
        "wasserstein sd": 0.005444257926348422
    },
    "COW_Employee of a private for-profit company or business, or of an individual, for wages, salary, or commissions_relative_bias": {
        "bias mean": 0.16068189685478823,
        "bias sd": 0.1300644451723714,
        "wasserstein mean": 0.002204732362570523,
        "wasserstein sd": 0.0017880266478390036
    },
    "COW_Employee of a private not-for-profit, tax-exempt, or charitable organization_relative_bias": {
        "bias mean": 0.9892275558898872,
        "bias sd": 0.7583840300609882,
        "wasserstein mean": 0.0027530536111679336,
        "wasserstein sd": 0.002149715781124241
    },
    "COW_Federal government employee_relative_bias": {
        "bias mean": 2.019795417126809,
        "bias sd": 1.4268475395669118,
        "wasserstein mean": 0.0033280907428424058,
        "wasserstein sd": 0.002286332285279937
    },
    "COW_Local government employee (city, county, etc.)_relative_bias": {
        "bias mean": 1.3140989759481534,
        "bias sd": 0.7496948724672077,
        "wasserstein mean": 0.0037867476899279755,
        "wasserstein sd": 0.002101559947377668
    },
    "COW_Self-employed in own incorporated business, professional practice or farm_relative_bias": {
        "bias mean": 1.4815670475514966,
        "bias sd": 1.1384050116072513,
        "wasserstein mean": 0.0030323147620754426,
        "wasserstein sd": 0.0023817493828622496
    },
    "COW_Self-employed in own not incorporated business, professional practice, or farm_relative_bias": {
        "bias mean": 1.179104367872583,
        "bias sd": 0.9447044067193533,
        "wasserstein mean": 0.0036429673609559097,
        "wasserstein sd": 0.0029327807807615425
    },
    "COW_State government employee_relative_bias": {
        "bias mean": 1.5306663266909322,
        "bias sd": 1.0777900891790142,
        "wasserstein mean": 0.0033078244856619018,
        "wasserstein sd": 0.002387667213217655
    },
    "COW_Working without pay in family business or farm_relative_bias": {
        "bias mean": 39.02408928122875,
        "bias sd": 75.20826761323636,
        "wasserstein mean": 0.013259705608032787,
        "wasserstein sd": 0.010707050723456483
    },
    "SCHL_1 or more years of college credit, no degree_relative_bias": {
        "bias mean": 0.6396543886126119,
        "bias sd": 0.4332670635593702,
        "wasserstein mean": 0.0028055029120821473,
        "wasserstein sd": 0.0018826414514913521
    },
    "SCHL_12th grade - no diploma_relative_bias": {
        "bias mean": 2.7237852302747876,
        "bias sd": 2.079877216135178,
        "wasserstein mean": 0.004142161548170874,
        "wasserstein sd": 0.0031189641351058177
    },
    "SCHL_Associate's degree_relative_bias": {
        "bias mean": 0.8048249993923214,
        "bias sd": 0.6108982547215306,
        "wasserstein mean": 0.002358066731088884,
        "wasserstein sd": 0.0018346221857888847
    },
    "SCHL_Bachelor's degree_relative_bias": {
        "bias mean": 0.4199635075585965,
        "bias sd": 0.36993271935871946,
        "wasserstein mean": 0.0023580166651366126,
        "wasserstein sd": 0.0020558627760348994
    },
    "SCHL_Doctorate degree_relative_bias": {
        "bias mean": 2.411044248549791,
        "bias sd": 2.005190779002722,
        "wasserstein mean": 0.0034210226307957313,
        "wasserstein sd": 0.0028201982534777166
    },
    "SCHL_GED or alternative credential_relative_bias": {
        "bias mean": 2.9182249715036055,
        "bias sd": 2.309343254354151,
        "wasserstein mean": 0.004290710389933467,
        "wasserstein sd": 0.003392939396147303
    },
    "SCHL_Grade 1_relative_bias": {
        "bias mean": Infinity,
        "bias sd": NaN,
        "wasserstein mean": 0.025499854096558215,
        "wasserstein sd": 0.016242405985843675
    },
    "SCHL_Grade 10_relative_bias": {
        "bias mean": 8.260856813740748,
        "bias sd": 7.1405517332881265,
        "wasserstein mean": 0.006665124591070731,
        "wasserstein sd": 0.0044430012184981625
    },
    "SCHL_Grade 11_relative_bias": {
        "bias mean": 4.356815310928862,
        "bias sd": 2.7882924409537297,
        "wasserstein mean": 0.005579607189685362,
        "wasserstein sd": 0.0036342375984624504
    },
    "SCHL_Grade 2_relative_bias": {
        "bias mean": -1.0650304340992412e+16,
        "bias sd": 7.45521303869473e+16,
        "wasserstein mean": 0.02310264393152924,
        "wasserstein sd": 0.015416108309375183
    },
    "SCHL_Grade 3_relative_bias": {
        "bias mean": 27.051456923294285,
        "bias sd": 33.78849116882449,
        "wasserstein mean": 0.0113205199671649,
        "wasserstein sd": 0.008373053739291408
    },
    "SCHL_Grade 4_relative_bias": {
        "bias mean": 40.978473818058575,
        "bias sd": 34.88942733724068,
        "wasserstein mean": 0.015496942300397902,
        "wasserstein sd": 0.012209875463626344
    },
    "SCHL_Grade 5_relative_bias": {
        "bias mean": 41.057902505481145,
        "bias sd": 42.53607289659259,
        "wasserstein mean": 0.014596158344388826,
        "wasserstein sd": 0.010272177369902363
    },
    "SCHL_Grade 6_relative_bias": {
        "bias mean": 3.6009384365093093,
        "bias sd": 2.753668720965165,
        "wasserstein mean": 0.004555219830242388,
        "wasserstein sd": 0.0035723938495690554
    },
    "SCHL_Grade 7_relative_bias": {
        "bias mean": 32.06772969803483,
        "bias sd": 24.482430697842826,
        "wasserstein mean": 0.014866903651994254,
        "wasserstein sd": 0.010764691993173111
    },
    "SCHL_Grade 8_relative_bias": {
        "bias mean": 8.832418797454316,
        "bias sd": 7.407165436716805,
        "wasserstein mean": 0.006165886464659479,
        "wasserstein sd": 0.004216344060035993
    },
    "SCHL_Grade 9_relative_bias": {
        "bias mean": 4.408366237748183,
        "bias sd": 3.0320180970890824,
        "wasserstein mean": 0.004668179135224972,
        "wasserstein sd": 0.0033107921595092187
    },
    "SCHL_Kindergarten_relative_bias": {
        "bias mean": Infinity,
        "bias sd": NaN,
        "wasserstein mean": 0.02081173994851936,
        "wasserstein sd": 0.018831923250141092
    },
    "SCHL_Master's degree_relative_bias": {
        "bias mean": 0.6110793207796219,
        "bias sd": 0.5235392854363216,
        "wasserstein mean": 0.0020280858233529702,
        "wasserstein sd": 0.0017098125698858273
    },
    "SCHL_No schooling completed_relative_bias": {
        "bias mean": 3.2048200063359915,
        "bias sd": 2.4751080516164308,
        "wasserstein mean": 0.004274924436166813,
        "wasserstein sd": 0.0032107803197872556
    },
    "SCHL_Nursery school, preschool_relative_bias": {
        "bias mean": 2.7526361572321616e+17,
        "bias sd": 5.450359202688197e+17,
        "wasserstein mean": 0.021895634927634113,
        "wasserstein sd": 0.020626657158345267
    },
    "SCHL_Professional degree beyond a bachelor's degree_relative_bias": {
        "bias mean": 1.7572671627774088,
        "bias sd": 1.0445415097354842,
        "wasserstein mean": 0.0030836569149313713,
        "wasserstein sd": 0.00176859794302314
    },