{
    "MMDs": {
        "mean": 0.009301826425080376,
        "sd": 0.0004037192049775666
    },
    "auroc": {
        "mean": 0.790475135771244,
        "sd": 0.017028837509066
    },
    "auprc": {
        "mean": 0.7143786546554132,
        "sd": 0.019636161011276857
    },
    "remaining samples": {
        "mean": 1956.92,
        "sd": 10.063478523850488
    },
    "all_samples": 1951,
    "AGEP_relative_bias": {
        "bias mean": 0.13882697033287325,
        "bias sd": 0.09348940074918591,
        "wasserstein mean": 0.025798404570552852,
        "wasserstein sd": 0.006489076952426033
    },
    "WKHP_relative_bias": {
        "bias mean": 0.16971283509752438,
        "bias sd": 0.11015341104217523,
        "wasserstein mean": 0.03787998379243896,
        "wasserstein sd": 0.011185234365309247
    },
    "COW_Employee of a private for-profit company or business, or of an individual, for wages, salary, or commissions_relative_bias": {
        "bias mean": 0.28853771497677666,
        "bias sd": 0.215986416736623,
        "wasserstein mean": 0.00395772155491085,
        "wasserstein sd": 0.002966614444916711
    },
    "COW_Employee of a private not-for-profit, tax-exempt, or charitable organization_relative_bias": {
        "bias mean": 1.3193187239666824,
        "bias sd": 1.19396555836581,
        "wasserstein mean": 0.003697264609101676,
        "wasserstein sd": 0.0034600084441855183
    },
    "COW_Federal government employee_relative_bias": {
        "bias mean": 1.935392478765032,
        "bias sd": 1.5423769765214237,
        "wasserstein mean": 0.0031872953777362656,
        "wasserstein sd": 0.002585305738467252
    },
    "COW_Local government employee (city, county, etc.)_relative_bias": {
        "bias mean": 1.3515399196094484,
        "bias sd": 0.9353431266265254,
        "wasserstein mean": 0.003917721718228861,
        "wasserstein sd": 0.0026796995002267903
    },
    "COW_Self-employed in own incorporated business, professional practice or farm_relative_bias": {
        "bias mean": 1.7077669441941674,
        "bias sd": 1.52288099518363,
        "wasserstein mean": 0.0034872067034007986,
        "wasserstein sd": 0.003126652437838561
    },
    "COW_Self-employed in own not incorporated business, professional practice, or farm_relative_bias": {
        "bias mean": 1.1693958435681555,
        "bias sd": 0.9783092292075961,
        "wasserstein mean": 0.003604635860398464,
        "wasserstein sd": 0.003051003586153144
    },
    "COW_State government employee_relative_bias": {
        "bias mean": 2.0879315797609586,
        "bias sd": 1.5134945731714347,
        "wasserstein mean": 0.004476539086866837,
        "wasserstein sd": 0.0032262559625832175
    },
    "COW_Working without pay in family business or farm_relative_bias": {
        "bias mean": 8.812653243886576,
        "bias sd": 7.549030235875229,
        "wasserstein mean": 0.004506335585432071,
        "wasserstein sd": 0.003819077567120609
    },
    "SCHL_1 or more years of college credit, no degree_relative_bias": {
        "bias mean": 0.7112258008065759,
        "bias sd": 0.5247675618990908,
        "wasserstein mean": 0.003142050883656594,
        "wasserstein sd": 0.0023197685341374043
    },
    "SCHL_12th grade - no diploma_relative_bias": {
        "bias mean": 1.8178138745873071,
        "bias sd": 1.2901793160807469,
        "wasserstein mean": 0.002864106770790541,
        "wasserstein sd": 0.002158149660150893
    },
    "SCHL_Associate's degree_relative_bias": {
        "bias mean": 0.8650910535918931,
        "bias sd": 0.6026952424025735,
        "wasserstein mean": 0.0025597299114264132,
        "wasserstein sd": 0.001814220863618787
    },
    "SCHL_Bachelor's degree_relative_bias": {
        "bias mean": 0.4828157219056862,
        "bias sd": 0.32319515820159306,
        "wasserstein mean": 0.002717902783815229,
        "wasserstein sd": 0.0018286956382438254
    },
    "SCHL_Doctorate degree_relative_bias": {
        "bias mean": 1.9928809127868063,
        "bias sd": 1.770094006989431,
        "wasserstein mean": 0.0028711909500184524,
        "wasserstein sd": 0.0026953378581548873
    },
    "SCHL_GED or alternative credential_relative_bias": {
        "bias mean": 2.6094931542293147,
        "bias sd": 2.0464155164840303,
        "wasserstein mean": 0.003925627280555553,
        "wasserstein sd": 0.003272037392530027
    },
    "SCHL_Grade 1_relative_bias": {
        "bias mean": Infinity,
        "bias sd": NaN,
        "wasserstein mean": 0.010748569165760198,
        "wasserstein sd": 0.0150208975329539
    },
    "SCHL_Grade 10_relative_bias": {
        "bias mean": 3.9952720305569938,
        "bias sd": 2.63405959194699,
        "wasserstein mean": 0.0036114005752802543,
        "wasserstein sd": 0.0024982756251989975
    },
    "SCHL_Grade 11_relative_bias": {
        "bias mean": 2.6059460815854045,
        "bias sd": 1.6929585069867297,
        "wasserstein mean": 0.00327951155640997,
        "wasserstein sd": 0.002127584945693431
    },
    "SCHL_Grade 2_relative_bias": {
        "bias mean": -29869036200769.805,
        "bias sd": 209083253405474.3,
        "wasserstein mean": 0.00562428369265276,
        "wasserstein sd": 0.011975000239101224
    },
    "SCHL_Grade 3_relative_bias": {
        "bias mean": 4.264412008767515,
        "bias sd": 3.1232561623651796,
        "wasserstein mean": 0.0023869045532609033,
        "wasserstein sd": 0.0020164265342758796
    },
    "SCHL_Grade 4_relative_bias": {
        "bias mean": 6.5375984561447895,
        "bias sd": 6.619205814412681,
        "wasserstein mean": 0.0029478682617515737,
        "wasserstein sd": 0.0034324608184183253
    },
    "SCHL_Grade 5_relative_bias": {
        "bias mean": 4.1609088875572295,
        "bias sd": 4.0282178230476715,
        "wasserstein mean": 0.002215713131409502,
        "wasserstein sd": 0.002776764861276777
    },
    "SCHL_Grade 6_relative_bias": {
        "bias mean": 1.6925394454189313,
        "bias sd": 1.276984139618296,
        "wasserstein mean": 0.0021808907031363473,
        "wasserstein sd": 0.0017144230036011505
    },
    "SCHL_Grade 7_relative_bias": {
        "bias mean": 7.2507796419716195,
        "bias sd": 13.74397348182603,
        "wasserstein mean": 0.004147008143609098,
        "wasserstein sd": 0.008072732775889449
    },
    "SCHL_Grade 8_relative_bias": {
        "bias mean": 3.9388524984889868,
        "bias sd": 2.672556395959298,
        "wasserstein mean": 0.003146192113543755,
        "wasserstein sd": 0.002594848847854176
    },
    "SCHL_Grade 9_relative_bias": {
        "bias mean": 2.21607705123054,
        "bias sd": 1.8086901240245865,
        "wasserstein mean": 0.002435475601678136,
        "wasserstein sd": 0.0021016984656237717
    },
    "SCHL_Kindergarten_relative_bias": {
        "bias mean": Infinity,
        "bias sd": NaN,
        "wasserstein mean": 0.00768950294796236,
        "wasserstein sd": 0.011202595378868783
    },
    "SCHL_Master's degree_relative_bias": {
        "bias mean": 0.9870206411062723,
        "bias sd": 0.7358509726987448,
        "wasserstein mean": 0.0032914076119019875,
        "wasserstein sd": 0.00243132166584057
    },
    "SCHL_No schooling completed_relative_bias": {
        "bias mean": 2.1209409904538883,
        "bias sd": 1.7061652801889535,
        "wasserstein mean": 0.0029291220269309433,
        "wasserstein sd": 0.0024312535260941188
    },
    "SCHL_Nursery school, preschool_relative_bias": {
        "bias mean": 379421097337455.44,
        "bias sd": 643779188892032.9,
        "wasserstein mean": 0.008812631833241148,
        "wasserstein sd": 0.01690164590793896
    },
    "SCHL_Professional degree beyond a bachelor's degree_relative_bias": {
        "bias mean": 1.944020059967072,
        "bias sd": 1.5414506382601805,
        "wasserstein mean": 0.0034324613438094396,
        "wasserstein sd": 0.0027309654370179797
    },