{
    "MMDs": {
        "mean": 0.008759189492574825,
        "sd": 0.0002926095189486195
    },
    "auroc": {
        "mean": 0.8060864514954469,
        "sd": 0.018651696225034584
    },
    "auprc": {
        "mean": 0.7284058102411015,
        "sd": 0.023765187368106105
    },
    "remaining samples": {
        "mean": 2228.52,
        "sd": 5.092111546303753
    },
    "all_samples": 2226,
    "AGEP_relative_bias": {
        "bias mean": 0.082782627053478,
        "bias sd": 0.06502776897517461,
        "wasserstein mean": 0.0227829110181232,
        "wasserstein sd": 0.005304317879293674
    },
    "WKHP_relative_bias": {
        "bias mean": 0.10980194537324131,
        "bias sd": 0.07909513101065115,
        "wasserstein mean": 0.030480933226189815,
        "wasserstein sd": 0.009290685794750765
    },
    "COW_Employee of a private for-profit company or business, or of an individual, for wages, salary, or commissions_relative_bias": {
        "bias mean": 0.20035095456578275,
        "bias sd": 0.15836605563894102,
        "wasserstein mean": 0.002746557786490788,
        "wasserstein sd": 0.0021720461932685214
    },
    "COW_Employee of a private not-for-profit, tax-exempt, or charitable organization_relative_bias": {
        "bias mean": 0.9588212464589472,
        "bias sd": 0.8099959256420852,
        "wasserstein mean": 0.002664683489795774,
        "wasserstein sd": 0.002313571749327781
    },
    "COW_Federal government employee_relative_bias": {
        "bias mean": 1.4842540945086264,
        "bias sd": 1.0822481734877178,
        "wasserstein mean": 0.0024687238091407014,
        "wasserstein sd": 0.0018253934129317602
    },
    "COW_Local government employee (city, county, etc.)_relative_bias": {
        "bias mean": 0.8717931746380124,
        "bias sd": 0.6834898620356744,
        "wasserstein mean": 0.0025486057975147446,
        "wasserstein sd": 0.0020407063606690925
    },
    "COW_Self-employed in own incorporated business, professional practice or farm_relative_bias": {
        "bias mean": 1.0960054988574273,
        "bias sd": 0.9231010788738052,
        "wasserstein mean": 0.0022425541513185726,
        "wasserstein sd": 0.0018661198407342208
    },
    "COW_Self-employed in own not incorporated business, professional practice, or farm_relative_bias": {
        "bias mean": 0.7567997579764202,
        "bias sd": 0.6731732858640317,
        "wasserstein mean": 0.0023151374268038597,
        "wasserstein sd": 0.002042626151271025
    },
    "COW_State government employee_relative_bias": {
        "bias mean": 1.3874250441390894,
        "bias sd": 1.164210679860938,
        "wasserstein mean": 0.0029861281726309575,
        "wasserstein sd": 0.002477661767311736
    },
    "COW_Working without pay in family business or farm_relative_bias": {
        "bias mean": 5.721207775169032,
        "bias sd": 5.324243566416194,
        "wasserstein mean": 0.0030130455846722735,
        "wasserstein sd": 0.0028713761913527255
    },
    "SCHL_1 or more years of college credit, no degree_relative_bias": {
        "bias mean": 0.46957347431406027,
        "bias sd": 0.40182502929730624,
        "wasserstein mean": 0.0020793368906952734,
        "wasserstein sd": 0.0017910487383399985
    },
    "SCHL_12th grade - no diploma_relative_bias": {
        "bias mean": 1.4279487837400808,
        "bias sd": 1.0929826969820304,
        "wasserstein mean": 0.002211346207305807,
        "wasserstein sd": 0.0017134441890050182
    },
    "SCHL_Associate's degree_relative_bias": {
        "bias mean": 0.6353785315300794,
        "bias sd": 0.5009745359284205,
        "wasserstein mean": 0.0018720058773094976,
        "wasserstein sd": 0.0015161187261640847
    },
    "SCHL_Bachelor's degree_relative_bias": {
        "bias mean": 0.31736791108270057,
        "bias sd": 0.20697257216827597,
        "wasserstein mean": 0.0017877496664580922,
        "wasserstein sd": 0.0011684153553230127
    },
    "SCHL_Doctorate degree_relative_bias": {
        "bias mean": 1.3169795182799424,
        "bias sd": 1.0621131503073107,
        "wasserstein mean": 0.0018881726418932612,
        "wasserstein sd": 0.001535821487691126
    },
    "SCHL_GED or alternative credential_relative_bias": {
        "bias mean": 2.182760939336863,
        "bias sd": 1.6925764206189764,
        "wasserstein mean": 0.0032551648068617767,
        "wasserstein sd": 0.002537311264381047
    },
    "SCHL_Grade 1_relative_bias": {
        "bias mean": Infinity,
        "bias sd": NaN,
        "wasserstein mean": 0.010623023732640253,
        "wasserstein sd": 0.015021907352540748
    },
    "SCHL_Grade 10_relative_bias": {
        "bias mean": 3.259619999320892,
        "bias sd": 2.1392196150328724,
        "wasserstein mean": 0.002963687753306724,
        "wasserstein sd": 0.0020824038827569682
    },
    "SCHL_Grade 11_relative_bias": {
        "bias mean": 1.9003473256790782,
        "bias sd": 1.5179777969270432,
        "wasserstein mean": 0.002389066677992926,
        "wasserstein sd": 0.0019079806376980457
    },
    "SCHL_Grade 2_relative_bias": {
        "bias mean": -29803937565146.125,
        "bias sd": 208627562956108.28,
        "wasserstein mean": 0.005676104022988151,
        "wasserstein sd": 0.012036505500022965
    },
    "SCHL_Grade 3_relative_bias": {
        "bias mean": 3.92102964699456,
        "bias sd": 2.847279580289698,
        "wasserstein mean": 0.0021753523235281905,
        "wasserstein sd": 0.0018037024652782954
    },
    "SCHL_Grade 4_relative_bias": {
        "bias mean": 5.581810157828349,
        "bias sd": 6.246086910830325,
        "wasserstein mean": 0.0025004402473548415,
        "wasserstein sd": 0.0030127721474080176
    },
    "SCHL_Grade 5_relative_bias": {
        "bias mean": 3.5897785639774016,
        "bias sd": 3.4771057245027293,
        "wasserstein mean": 0.002002314367986918,
        "wasserstein sd": 0.002669888286954112
    },
    "SCHL_Grade 6_relative_bias": {
        "bias mean": 1.5117237835086745,
        "bias sd": 1.2862420000479367,
        "wasserstein mean": 0.0019395117513493867,
        "wasserstein sd": 0.0016991095013001785
    },
    "SCHL_Grade 7_relative_bias": {
        "bias mean": 6.39948225571115,
        "bias sd": 13.782199016332035,
        "wasserstein mean": 0.003579765218742759,
        "wasserstein sd": 0.0080417437548579
    },
    "SCHL_Grade 8_relative_bias": {
        "bias mean": 3.1059760832824783,
        "bias sd": 2.04682924380657,
        "wasserstein mean": 0.0024451206638256163,
        "wasserstein sd": 0.0019058843247653032
    },
    "SCHL_Grade 9_relative_bias": {
        "bias mean": 1.7423073336763966,
        "bias sd": 1.407177626768617,
        "wasserstein mean": 0.001893368226857248,
        "wasserstein sd": 0.0015719544570422675
    },
    "SCHL_Kindergarten_relative_bias": {
        "bias mean": Infinity,
        "bias sd": NaN,
        "wasserstein mean": 0.007486640107107239,
        "wasserstein sd": 0.011137389413677833
    },
    "SCHL_Master's degree_relative_bias": {
        "bias mean": 0.6392839113925993,
        "bias sd": 0.5170181187748449,
        "wasserstein mean": 0.002135106726735661,
        "wasserstein sd": 0.0017281369846544562
    },
    "SCHL_No schooling completed_relative_bias": {
        "bias mean": 1.6630010740373262,
        "bias sd": 1.3939823812813752,
        "wasserstein mean": 0.0022931140632555334,
        "wasserstein sd": 0.0020210006700369697
    },
    "SCHL_Nursery school, preschool_relative_bias": {
        "bias mean": 404418104761127.1,
        "bias sd": 652712811380861.5,
        "wasserstein mean": 0.00821120631659961,
        "wasserstein sd": 0.016692633271094118
    },
    "SCHL_Professional degree beyond a bachelor's degree_relative_bias": {
        "bias mean": 1.2565752825823553,
        "bias sd": 1.0371268710316432,
        "wasserstein mean": 0.0022066227711584176,