{
    "MMDs": {
        "mean": 0.014379797923898981,
        "sd": 0.0013325937165762482
    },
    "auroc": {
        "mean": 0.5826125026113782,
        "sd": 0.07770382483731797
    },
    "auprc": {
        "mean": 0.4539144731702912,
        "sd": 0.026842483432430325
    },
    "mse": {
        "mean": 1.254195126807601,
        "sd": 0.06555749387699263
    },
    "remaining samples": {
        "mean": 1513.7,
        "sd": 23.989789494699615
    },
    "all_samples": 1502,
    "AGEP_relative_bias": {
        "bias mean": 0.5524420208873054,
        "bias sd": 0.3011293794590574,
        "wasserstein mean": 0.03721804149676726,
        "wasserstein sd": 0.008776127565775699
    },
    "WKHP_relative_bias": {
        "bias mean": 0.7385820577103176,
        "bias sd": 0.46294487048152677,
        "wasserstein mean": 0.07580174069053748,
        "wasserstein sd": 0.018124900629920414
    },
    "COW_Employee of a private for-profit company or business, or of an individual, for wages, salary, or commissions_relative_bias": {
        "bias mean": 0.9718037858242428,
        "bias sd": 0.6230442421286777,
        "wasserstein mean": 0.013288339997427312,
        "wasserstein sd": 0.008474932136457365
    },
    "COW_Employee of a private not-for-profit, tax-exempt, or charitable organization_relative_bias": {
        "bias mean": 3.105608497319619,
        "bias sd": 3.2593254537042284,
        "wasserstein mean": 0.008566776975846185,
        "wasserstein sd": 0.008909688580878003
    },
    "COW_Federal government employee_relative_bias": {
        "bias mean": 6.106497812261237,
        "bias sd": 3.6421653624499517,
        "wasserstein mean": 0.009586952478638644,
        "wasserstein sd": 0.00578140204576847
    },
    "COW_Local government employee (city, county, etc.)_relative_bias": {
        "bias mean": 4.263775274238081,
        "bias sd": 2.6516855561213935,
        "wasserstein mean": 0.012511987804081536,
        "wasserstein sd": 0.0074070270700328684
    },
    "COW_Self-employed in own incorporated business, professional practice or farm_relative_bias": {
        "bias mean": 6.123146506892448,
        "bias sd": 4.475993260989959,
        "wasserstein mean": 0.012885947336344721,
        "wasserstein sd": 0.00912794768934757
    },
    "COW_Self-employed in own not incorporated business, professional practice, or farm_relative_bias": {
        "bias mean": 6.750251629836153,
        "bias sd": 2.647951098115755,
        "wasserstein mean": 0.020927621368487626,
        "wasserstein sd": 0.008606637337335524
    },
    "COW_State government employee_relative_bias": {
        "bias mean": 5.762928180705261,
        "bias sd": 4.585246868314916,
        "wasserstein mean": 0.012090310021395937,
        "wasserstein sd": 0.009509163257586068
    },
    "COW_Working without pay in family business or farm_relative_bias": {
        "bias mean": 20.680069333380832,
        "bias sd": 22.89001204316058,
        "wasserstein mean": 0.009705973800623156,
        "wasserstein sd": 0.013080068032687735
    },
    "SCHL_1 or more years of college credit, no degree_relative_bias": {
        "bias mean": 1.643730113492507,
        "bias sd": 1.1284901699643537,
        "wasserstein mean": 0.007209042920476488,
        "wasserstein sd": 0.004908912979062414
    },
    "SCHL_12th grade - no diploma_relative_bias": {
        "bias mean": 4.316903922191526,
        "bias sd": 3.897038317457041,
        "wasserstein mean": 0.006672313130438321,
        "wasserstein sd": 0.0068531643058597205
    },
    "SCHL_Associate's degree_relative_bias": {
        "bias mean": 1.8191004430242945,
        "bias sd": 1.6389004003043668,
        "wasserstein mean": 0.005235561968873486,
        "wasserstein sd": 0.0045431018039048315
    },
    "SCHL_Bachelor's degree_relative_bias": {
        "bias mean": 2.343575192614764,
        "bias sd": 1.1771591942288768,
        "wasserstein mean": 0.01322375917673788,
        "wasserstein sd": 0.006787828695637842
    },
    "SCHL_Doctorate degree_relative_bias": {
        "bias mean": 7.5577558291503495,
        "bias sd": 4.6903228299019695,
        "wasserstein mean": 0.010796768557712149,
        "wasserstein sd": 0.006776403105576692
    },
    "SCHL_GED or alternative credential_relative_bias": {
        "bias mean": 4.110168014267773,
        "bias sd": 2.5098131896861413,
        "wasserstein mean": 0.005790630179726897,
        "wasserstein sd": 0.003616849866492028
    },
    "SCHL_Grade 1_relative_bias": {
        "bias mean": Infinity,
        "bias sd": NaN,
        "wasserstein mean": 0.005112662620232139,
        "wasserstein sd": 0.008625787533205729
    },
    "SCHL_Grade 10_relative_bias": {
        "bias mean": 7.124911833748738,
        "bias sd": 4.062850164537016,
        "wasserstein mean": 0.006503826182181614,
        "wasserstein sd": 0.0039437372716493784
    },
    "SCHL_Grade 11_relative_bias": {
        "bias mean": 6.836604998260777,
        "bias sd": 3.719391543267904,
        "wasserstein mean": 0.008967794210085077,
        "wasserstein sd": 0.005112317199547056
    },
    "SCHL_Grade 2_relative_bias": {
        "bias mean": 15.493412273235387,
        "bias sd": 14.289834020509337,
        "wasserstein mean": 0.00583793410160272,
        "wasserstein sd": 0.008104272773569614
    },
    "SCHL_Grade 3_relative_bias": {
        "bias mean": 7.521929298334863,
        "bias sd": 7.83807304720031,
        "wasserstein mean": 0.0045760437651443395,
        "wasserstein sd": 0.004960320289526753
    },
    "SCHL_Grade 4_relative_bias": {
        "bias mean": 10.379312405829673,
        "bias sd": 9.136991508411548,
        "wasserstein mean": 0.004746825844148572,
        "wasserstein sd": 0.005468335597680677
    },
    "SCHL_Grade 5_relative_bias": {
        "bias mean": 5.985705465317087,
        "bias sd": 4.8311083101764005,
        "wasserstein mean": 0.0035778362349620464,
        "wasserstein sd": 0.0037342699162583887
    },
    "SCHL_Grade 6_relative_bias": {
        "bias mean": 5.033758349257399,
        "bias sd": 3.8134371167015644,
        "wasserstein mean": 0.0065892973427121955,
        "wasserstein sd": 0.005154099346979301
    },
    "SCHL_Grade 7_relative_bias": {
        "bias mean": 12.192643766097012,
        "bias sd": 12.327575760234682,
        "wasserstein mean": 0.0065768330186211695,
        "wasserstein sd": 0.006816366879154299
    },
    "SCHL_Grade 8_relative_bias": {
        "bias mean": 5.235394039610147,
        "bias sd": 3.4555885174074144,
        "wasserstein mean": 0.004156132894212893,
        "wasserstein sd": 0.003553339952936386
    },
    "SCHL_Grade 9_relative_bias": {
        "bias mean": 4.203324640816229,
        "bias sd": 3.217867766328044,
        "wasserstein mean": 0.0043742502940653915,
        "wasserstein sd": 0.0035712717996525855
    },
    "SCHL_Kindergarten_relative_bias": {
        "bias mean": Infinity,
        "bias sd": NaN,
        "wasserstein mean": 0.00761989078988713,
        "wasserstein sd": 0.014653640878887549
    },
    "SCHL_Master's degree_relative_bias": {
        "bias mean": 2.7544343152276545,
        "bias sd": 2.0732183591597964,
        "wasserstein mean": 0.009415986699084538,
        "wasserstein sd": 0.00733168535771122
    },
    "SCHL_No schooling completed_relative_bias": {
        "bias mean": 4.829861201929782,
        "bias sd": 3.2322533891362673,
        "wasserstein mean": 0.006504628953854704,
        "wasserstein sd": 0.004403745216871118
    },
    "SCHL_Nursery school, preschool_relative_bias": {
        "bias mean": 145724731336576.94,
        "bias sd": 441419388623326.94,
        "wasserstein mean": 0.014361926264511212,
        "wasserstein sd": 0.017724364021963198
    },
    "SCHL_Professional degree beyond a bachelor's degree_relative_bias": {
        "bias mean": 5.373843077815982,
        "bias sd": 4.274406247873827,
        "wasserstein mean": 0.009016356431737154,