{
    "MMDs": {
        "mean": 0.05597837305619411,
        "sd": 0.00428973467096805
    },
    "auroc": {
        "mean": 0.8049212335427909,
        "sd": 0.0165431353003545
    },
    "auprc": {
        "mean": 0.7183446734470919,
        "sd": 0.02358316279647594
    },
    "remaining samples": {
        "mean": 2063.84,
        "sd": 241.97399529701534
    },
    "all_samples": 2250,
    "AGEP_relative_bias": {
        "bias mean": 0.7850597265493066,
        "bias sd": 0.5860494673549421,
        "wasserstein mean": 0.033209160758507536,
        "wasserstein sd": 0.012815287215955524
    },
    "WKHP_relative_bias": {
        "bias mean": 0.735962212620321,
        "bias sd": 0.5665460630490075,
        "wasserstein mean": 0.037497721920290356,
        "wasserstein sd": 0.01301859409867211
    },
    "COW_Employee of a private for-profit company or business, or of an individual, for wages, salary, or commissions_relative_bias": {
        "bias mean": 1.5588204290284464,
        "bias sd": 1.2231650947907888,
        "wasserstein mean": 0.02129144668665534,
        "wasserstein sd": 0.016464510773052304
    },
    "COW_Employee of a private not-for-profit, tax-exempt, or charitable organization_relative_bias": {
        "bias mean": 6.591813547073226,
        "bias sd": 4.479583776233667,
        "wasserstein mean": 0.018099125182060232,
        "wasserstein sd": 0.012511530505167522
    },
    "COW_Federal government employee_relative_bias": {
        "bias mean": 12.261100143784217,
        "bias sd": 9.798487317401134,
        "wasserstein mean": 0.01948131791264376,
        "wasserstein sd": 0.014961520344092405
    },
    "COW_Local government employee (city, county, etc.)_relative_bias": {
        "bias mean": 7.292570414072561,
        "bias sd": 5.631381779129858,
        "wasserstein mean": 0.021139561729188787,
        "wasserstein sd": 0.015666744810015495
    },
    "COW_Self-employed in own incorporated business, professional practice or farm_relative_bias": {
        "bias mean": 10.348468021383088,
        "bias sd": 7.627789106292954,
        "wasserstein mean": 0.02059880962542174,
        "wasserstein sd": 0.01495998823075436
    },
    "COW_Self-employed in own not incorporated business, professional practice, or farm_relative_bias": {
        "bias mean": 7.56854741114685,
        "bias sd": 6.308470383785668,
        "wasserstein mean": 0.023760332972592103,
        "wasserstein sd": 0.020426448993124364
    },
    "COW_State government employee_relative_bias": {
        "bias mean": 9.682060445833844,
        "bias sd": 7.374234454151577,
        "wasserstein mean": 0.020012108970851726,
        "wasserstein sd": 0.01504951867090019
    },
    "COW_Working without pay in family business or farm_relative_bias": {
        "bias mean": 100.0,
        "bias sd": 0.0,
        "wasserstein mean": 0.05933030301647756,
        "wasserstein sd": 0.019070998018285882
    },
    "SCHL_1 or more years of college credit, no degree_relative_bias": {
        "bias mean": 4.638787846503063,
        "bias sd": 3.974103858578899,
        "wasserstein mean": 0.02030881154787486,
        "wasserstein sd": 0.01701928739216278
    },
    "SCHL_12th grade - no diploma_relative_bias": {
        "bias mean": 16.681461669219516,
        "bias sd": 11.846250941031686,
        "wasserstein mean": 0.026980153084091008,
        "wasserstein sd": 0.01969952492359662
    },
    "SCHL_Associate's degree_relative_bias": {
        "bias mean": 8.280751397706346,
        "bias sd": 5.903923887009406,
        "wasserstein mean": 0.023352059239307294,
        "wasserstein sd": 0.016010173856962552
    },
    "SCHL_Bachelor's degree_relative_bias": {
        "bias mean": 9.114532953063787,
        "bias sd": 4.05937418813429,
        "wasserstein mean": 0.04965833261483769,
        "wasserstein sd": 0.021170710191790947
    },
    "SCHL_Doctorate degree_relative_bias": {
        "bias mean": 14.241572397234808,
        "bias sd": 10.46223003688931,
        "wasserstein mean": 0.019415018251521015,
        "wasserstein sd": 0.012085266220051887
    },
    "SCHL_GED or alternative credential_relative_bias": {
        "bias mean": 15.617517470630203,
        "bias sd": 11.631372693127224,
        "wasserstein mean": 0.023558073221178685,
        "wasserstein sd": 0.018503980296267562
    },
    "SCHL_Grade 1_relative_bias": {
        "bias mean": 100.0,
        "bias sd": 0.0,
        "wasserstein mean": 0.026349002401332394,
        "wasserstein sd": 0.024487860344678123
    },
    "SCHL_Grade 10_relative_bias": {
        "bias mean": 97.08883230188516,
        "bias sd": 5.539077043091354,
        "wasserstein mean": 0.08756460843018055,
        "wasserstein sd": 0.017870925989918712
    },
    "SCHL_Grade 11_relative_bias": {
        "bias mean": 21.180797452109232,
        "bias sd": 14.14022665909667,
        "wasserstein mean": 0.028943445817909388,
        "wasserstein sd": 0.023475760293884013
    },
    "SCHL_Grade 2_relative_bias": {
        "bias mean": 100.00000000000001,
        "bias sd": 1.582453808973134e-14,
        "wasserstein mean": 0.03951595985115101,
        "wasserstein sd": 0.0188982300120274
    },
    "SCHL_Grade 3_relative_bias": {
        "bias mean": 100.0,
        "bias sd": 0.0,
        "wasserstein mean": 0.05553861352278562,
        "wasserstein sd": 0.02112927425222835
    },
    "SCHL_Grade 4_relative_bias": {
        "bias mean": 100.0,
        "bias sd": 0.0,
        "wasserstein mean": 0.04657639725745628,
        "wasserstein sd": 0.02369799309780408
    },
    "SCHL_Grade 5_relative_bias": {
        "bias mean": 100.0,
        "bias sd": 0.0,
        "wasserstein mean": 0.052626728030202054,
        "wasserstein sd": 0.018452804634509497
    },
    "SCHL_Grade 6_relative_bias": {
        "bias mean": 16.50982835510717,
        "bias sd": 10.56078274823629,
        "wasserstein mean": 0.021769925684217463,
        "wasserstein sd": 0.015861311388652297
    },
    "SCHL_Grade 7_relative_bias": {
        "bias mean": 100.0,
        "bias sd": 0.0,
        "wasserstein mean": 0.05197162239541837,
        "wasserstein sd": 0.019092063499684314
    },
    "SCHL_Grade 8_relative_bias": {
        "bias mean": 100.0,
        "bias sd": 0.0,
        "wasserstein mean": 0.07707025610697428,
        "wasserstein sd": 0.021142490741630958
    },
    "SCHL_Grade 9_relative_bias": {
        "bias mean": 27.44865460403376,
        "bias sd": 16.455422962855735,
        "wasserstein mean": 0.03072665946592051,
        "wasserstein sd": 0.020785105604735257
    },
    "SCHL_Kindergarten_relative_bias": {
        "bias mean": 100.0,
        "bias sd": 0.0,
        "wasserstein mean": 0.017194860837489598,
        "wasserstein sd": 0.0190537647118135
    },
    "SCHL_Master's degree_relative_bias": {
        "bias mean": 8.100167532703225,
        "bias sd": 4.931713144214931,
        "wasserstein mean": 0.02745306321188075,
        "wasserstein sd": 0.016698941804341547
    },
    "SCHL_No schooling completed_relative_bias": {
        "bias mean": 18.294768741662033,
        "bias sd": 12.9389735442384,
        "wasserstein mean": 0.027441820041174,
        "wasserstein sd": 0.022565983802104263
    },
    "SCHL_Nursery school, preschool_relative_bias": {
        "bias mean": 61.99999999999999,
        "bias sd": 48.53864439804639,
        "wasserstein mean": 0.022577826031645452,
        "wasserstein sd": 0.02233199647969483
    },
    "SCHL_Professional degree beyond a bachelor's degree_relative_bias": {
        "bias mean": 13.580900357230801,
        "bias sd": 10.835691417586077,
        "wasserstein mean": 0.022586615718158422,
        "wasserstein sd": 0.016623212760782713
    },
    "SCHL_Regular high school diploma_relative_bias": {
        "bias mean": 4.178570637664486,
        "bias sd": 3.0686099353800693,
        "wasserstein mean": 0.018602108289862487,
        "wasserstein sd": 0.013581018198888625
    },