{
    "MMDs": {
        "mean": 0.054744324570929315,
        "sd": 0.004857010437547556
    },
    "auroc": {
        "mean": 0.7947681280612031,
        "sd": 0.021293397796870603
    },
    "auprc": {
        "mean": 0.7042279279593947,
        "sd": 0.036088373590656066
    },
    "remaining samples": {
        "mean": 2175.5,
        "sd": 72.3775517684869
    },
    "all_samples": 2250,
    "AGEP_relative_bias": {
        "bias mean": 0.7114813013408092,
        "bias sd": 0.5742606855174193,
        "wasserstein mean": 0.033048109397570295,
        "wasserstein sd": 0.012571767033484713
    },
    "WKHP_relative_bias": {
        "bias mean": 0.8586736057285679,
        "bias sd": 0.6291187729916107,
        "wasserstein mean": 0.039205482415638926,
        "wasserstein sd": 0.014678882595488099
    },
    "COW_Employee of a private for-profit company or business, or of an individual, for wages, salary, or commissions_relative_bias": {
        "bias mean": 1.6134520675091952,
        "bias sd": 1.2634632061009854,
        "wasserstein mean": 0.02207847473009191,
        "wasserstein sd": 0.01715788583394057
    },
    "COW_Employee of a private not-for-profit, tax-exempt, or charitable organization_relative_bias": {
        "bias mean": 8.026593224572055,
        "bias sd": 5.608636026027616,
        "wasserstein mean": 0.022006126787264605,
        "wasserstein sd": 0.015315031150266455
    },
    "COW_Federal government employee_relative_bias": {
        "bias mean": 13.679147808329821,
        "bias sd": 10.093824959689284,
        "wasserstein mean": 0.022367395158457936,
        "wasserstein sd": 0.017063467497663156
    },
    "COW_Local government employee (city, county, etc.)_relative_bias": {
        "bias mean": 7.203729129553066,
        "bias sd": 5.866098248947861,
        "wasserstein mean": 0.021027938233247518,
        "wasserstein sd": 0.016577714831846963
    },
    "COW_Self-employed in own incorporated business, professional practice or farm_relative_bias": {
        "bias mean": 10.748765511037297,
        "bias sd": 8.449985509233944,
        "wasserstein mean": 0.021352116266332932,
        "wasserstein sd": 0.015909468725719533
    },
    "COW_Self-employed in own not incorporated business, professional practice, or farm_relative_bias": {
        "bias mean": 6.738042879705114,
        "bias sd": 5.259899013050921,
        "wasserstein mean": 0.02096330256131445,
        "wasserstein sd": 0.017010839578332507
    },
    "COW_State government employee_relative_bias": {
        "bias mean": 10.570368480935887,
        "bias sd": 8.520697954870435,
        "wasserstein mean": 0.02153958868201292,
        "wasserstein sd": 0.016745275456389697
    },
    "COW_Working without pay in family business or farm_relative_bias": {
        "bias mean": 100.0,
        "bias sd": 0.0,
        "wasserstein mean": 0.054958596478421155,
        "wasserstein sd": 0.019305402949606698
    },
    "SCHL_1 or more years of college credit, no degree_relative_bias": {
        "bias mean": 5.48220574788894,
        "bias sd": 4.136384650774483,
        "wasserstein mean": 0.023994585596216575,
        "wasserstein sd": 0.017435679502462678
    },
    "SCHL_12th grade - no diploma_relative_bias": {
        "bias mean": 13.67512017897438,
        "bias sd": 10.023622939636475,
        "wasserstein mean": 0.022073805809184194,
        "wasserstein sd": 0.017808834934814857
    },
    "SCHL_Associate's degree_relative_bias": {
        "bias mean": 8.232800320212055,
        "bias sd": 5.940925254333368,
        "wasserstein mean": 0.023761398444388036,
        "wasserstein sd": 0.01634293123736582
    },
    "SCHL_Bachelor's degree_relative_bias": {
        "bias mean": 7.600051485399241,
        "bias sd": 3.9939953596761955,
        "wasserstein mean": 0.041995047006417506,
        "wasserstein sd": 0.021416850909473626
    },
    "SCHL_Doctorate degree_relative_bias": {
        "bias mean": 15.711175859614716,
        "bias sd": 12.286182475684187,
        "wasserstein mean": 0.021880837284512226,
        "wasserstein sd": 0.015921464525216433
    },
    "SCHL_GED or alternative credential_relative_bias": {
        "bias mean": 15.209535291450887,
        "bias sd": 10.673092037393715,
        "wasserstein mean": 0.022528503746300596,
        "wasserstein sd": 0.0165725083282005
    },
    "SCHL_Grade 1_relative_bias": {
        "bias mean": 100.0,
        "bias sd": 0.0,
        "wasserstein mean": 0.02409051648121801,
        "wasserstein sd": 0.020052267038723204
    },
    "SCHL_Grade 10_relative_bias": {
        "bias mean": 94.91733977055877,
        "bias sd": 9.180678538472447,
        "wasserstein mean": 0.08743954674091098,
        "wasserstein sd": 0.021191634137139693
    },
    "SCHL_Grade 11_relative_bias": {
        "bias mean": 20.802392477845466,
        "bias sd": 13.741548511403339,
        "wasserstein mean": 0.027664525763098472,
        "wasserstein sd": 0.02076433665479919
    },
    "SCHL_Grade 2_relative_bias": {
        "bias mean": 95.6,
        "bias sd": 20.509509989270715,
        "wasserstein mean": 0.0363459982367176,
        "wasserstein sd": 0.02015511320907956
    },
    "SCHL_Grade 3_relative_bias": {
        "bias mean": 100.0,
        "bias sd": 0.0,
        "wasserstein mean": 0.054077071061659814,
        "wasserstein sd": 0.01973352959970371
    },
    "SCHL_Grade 4_relative_bias": {
        "bias mean": 100.0,
        "bias sd": 0.0,
        "wasserstein mean": 0.04654056925956598,
        "wasserstein sd": 0.020530068052118645
    },
    "SCHL_Grade 5_relative_bias": {
        "bias mean": 100.0,
        "bias sd": 0.0,
        "wasserstein mean": 0.05119851004236183,
        "wasserstein sd": 0.019582516916437157
    },
    "SCHL_Grade 6_relative_bias": {
        "bias mean": 18.60680718825227,
        "bias sd": 13.379695382040014,
        "wasserstein mean": 0.025244345548329154,
        "wasserstein sd": 0.020402755727480473
    },
    "SCHL_Grade 7_relative_bias": {
        "bias mean": 100.0,
        "bias sd": 0.0,
        "wasserstein mean": 0.04769257083541721,
        "wasserstein sd": 0.01912806387461492
    },
    "SCHL_Grade 8_relative_bias": {
        "bias mean": 100.0,
        "bias sd": 0.0,
        "wasserstein mean": 0.07848082578108094,
        "wasserstein sd": 0.019792081876323465
    },
    "SCHL_Grade 9_relative_bias": {
        "bias mean": 26.35986380202733,
        "bias sd": 15.89804915398083,
        "wasserstein mean": 0.02941059158471344,
        "wasserstein sd": 0.020366337136422073
    },
    "SCHL_Kindergarten_relative_bias": {
        "bias mean": 100.0,
        "bias sd": 0.0,
        "wasserstein mean": 0.017473696418637823,
        "wasserstein sd": 0.018274074588182167
    },
    "SCHL_Master's degree_relative_bias": {
        "bias mean": 9.306221519129885,
        "bias sd": 6.553525400935587,
        "wasserstein mean": 0.03015906825514904,
        "wasserstein sd": 0.0200508055146762
    },
    "SCHL_No schooling completed_relative_bias": {
        "bias mean": 20.089651178991232,
        "bias sd": 13.048115028686365,
        "wasserstein mean": 0.0281260439987833,
        "wasserstein sd": 0.02062488769810022
    },
    "SCHL_Nursery school, preschool_relative_bias": {
        "bias mean": 54.0,
        "bias sd": 49.839743177508446,
        "wasserstein mean": 0.016541713357878508,
        "wasserstein sd": 0.018751720511410427
    },
    "SCHL_Professional degree beyond a bachelor's degree_relative_bias": {
        "bias mean": 14.431487215568811,
        "bias sd": 10.888116973512899,
        "wasserstein mean": 0.023738163508843717,
        "wasserstein sd": 0.01638866346466735
    },
    "SCHL_Regular high school diploma_relative_bias": {
        "bias mean": 4.633339207024382,
        "bias sd": 3.7121457504401074,
        "wasserstein mean": 0.020673907741396567,
        "wasserstein sd": 0.016491045357922982
    },