{"MMDs": {"mean": 0.055003253160505465, "sd": 0.004570851311370355}, "auroc": {"mean": 0.7928880199928092, "sd": 0.022268481929322133}, "auprc": {"mean": 0.7020893170713752, "sd": 0.03630873446736016}, "remaining samples": {"mean": 2187.47, "sd": 48.94005619122234}, "all_samples": 2250, "AGEP_relative_bias": {"bias mean": 0.7839129487860257, "bias sd": 0.6798533269145232, "wasserstein mean": 0.034973224973553575, "wasserstein sd": 0.015990112089044394}, "WKHP_relative_bias": {"bias mean": 0.8445476124276885, "bias sd": 0.5984882287274088, "wasserstein mean": 0.038098651229498286, "wasserstein sd": 0.012750463913952978}, "COW_Employee of a private for-profit company or business, or of an individual, for wages, salary, or commissions_relative_bias": {"bias mean": 1.5867246155730848, "bias sd": 1.2154606460835795, "wasserstein mean": 0.021721059927059812, "wasserstein sd": 0.016464857277310545}, "COW_Employee of a private not-for-profit, tax-exempt, or charitable organization_relative_bias": {"bias mean": 8.801360520383698, "bias sd": 6.481145343304375, "wasserstein mean": 0.02391801925258853, "wasserstein sd": 0.017373934968974037}, "COW_Federal government employee_relative_bias": {"bias mean": 12.07902186845178, "bias sd": 9.302312468244281, "wasserstein mean": 0.019676069322756465, "wasserstein sd": 0.015443383861562271}, "COW_Local government employee (city, county, etc.)_relative_bias": {"bias mean": 7.623981452696164, "bias sd": 5.784656492311106, "wasserstein mean": 0.022047317998225378, "wasserstein sd": 0.01639368504329389}, "COW_Self-employed in own incorporated business, professional practice or farm_relative_bias": {"bias mean": 10.344939386426047, "bias sd": 8.322002277526956, "wasserstein mean": 0.020846012242056983, "wasserstein sd": 0.016469373241759913}, "COW_Self-employed in own not incorporated business, professional practice, or farm_relative_bias": {"bias mean": 7.311610033567862, "bias sd": 5.16534299109902, "wasserstein mean": 0.022773002021418062, "wasserstein sd": 0.016777795773708644}, "COW_State government employee_relative_bias": {"bias mean": 9.629308948074966, "bias sd": 7.789396505770488, "wasserstein mean": 0.020163108299186754, "wasserstein sd": 0.016546960382936293}, "COW_Working without pay in family business or farm_relative_bias": {"bias mean": 100.0, "bias sd": 0.0, "wasserstein mean": 0.05538981923217512, "wasserstein sd": 0.022803987199557337}, "SCHL_1 or more years of college credit, no degree_relative_bias": {"bias mean": 5.233643836035794, "bias sd": 3.964817808842521, "wasserstein mean": 0.022949079573262324, "wasserstein sd": 0.01683633708529603}, "SCHL_12th grade - no diploma_relative_bias": {"bias mean": 13.95592904714266, "bias sd": 10.963369414419118, "wasserstein mean": 0.021445597713382943, "wasserstein sd": 0.017390626757904735}, "SCHL_Associate's degree_relative_bias": {"bias mean": 8.583328390653756, "bias sd": 6.890840591233436, "wasserstein mean": 0.02456527443654242, "wasserstein sd": 0.01874119595283103}, "SCHL_Bachelor's degree_relative_bias": {"bias mean": 7.937184065267949, "bias sd": 3.521906409378012, "wasserstein mean": 0.04394022278376095, "wasserstein sd": 0.01887192462676776}, "SCHL_Doctorate degree_relative_bias": {"bias mean": 17.672024012125767, "bias sd": 12.323255067222544, "wasserstein mean": 0.025172531406613356, "wasserstein sd": 0.01697881107906741}, "SCHL_GED or alternative credential_relative_bias": {"bias mean": 15.718049485854603, "bias sd": 11.692978300923894, "wasserstein mean": 0.02453387290355604, "wasserstein sd": 0.020149442215001964}, "SCHL_Grade 1_relative_bias": {"bias mean": 100.0, "bias sd": 0.0, "wasserstein mean": 0.02036059276466561, "wasserstein sd": 0.017397334905146986}, "SCHL_Grade 10_relative_bias": {"bias mean": 96.08737465619231, "bias sd": 6.899150546274366, "wasserstein mean": 0.0933462296386488, "wasserstein sd": 0.020686502771500196}, "SCHL_Grade 11_relative_bias": {"bias mean": 20.588459003219885, "bias sd": 13.22131478772304, "wasserstein mean": 0.027201889572740837, "wasserstein sd": 0.019705861146767437}, "SCHL_Grade 2_relative_bias": {"bias mean": 92.00000000000001, "bias sd": 27.129319932501076, "wasserstein mean": 0.03321946075398942, "wasserstein sd": 0.018979127675178276}, "SCHL_Grade 3_relative_bias": {"bias mean": 100.0, "bias sd": 0.0, "wasserstein mean": 0.05298091421581528, "wasserstein sd": 0.01820705925247238}, "SCHL_Grade 4_relative_bias": {"bias mean": 100.0, "bias sd": 0.0, "wasserstein mean": 0.042456177500066, "wasserstein sd": 0.018643473176283887}, "SCHL_Grade 5_relative_bias": {"bias mean": 100.0, "bias sd": 0.0, "wasserstein mean": 0.05371341562964574, "wasserstein sd": 0.019472703184797914}, "SCHL_Grade 6_relative_bias": {"bias mean": 16.034626963921156, "bias sd": 12.202959229109734, "wasserstein mean": 0.02124898995716909, "wasserstein sd": 0.017916613772011834}, "SCHL_Grade 7_relative_bias": {"bias mean": 100.0, "bias sd": 0.0, "wasserstein mean": 0.046069482312657915, "wasserstein sd": 0.02073087645231039}, "SCHL_Grade 8_relative_bias": {"bias mean": 100.0, "bias sd": 0.0, "wasserstein mean": 0.07885902199805132, "wasserstein sd": 0.020227958149348906}, "SCHL_Grade 9_relative_bias": {"bias mean": 29.465387704342874, "bias sd": 17.280067631014727, "wasserstein mean": 0.033756770862591205, "wasserstein sd": 0.02343158018873903}, "SCHL_Kindergarten_relative_bias": {"bias mean": 100.0, "bias sd": 0.0, "wasserstein mean": 0.016962497853199077, "wasserstein sd": 0.01854687513463713}, "SCHL_Master's degree_relative_bias": {"bias mean": 10.039145483837148, "bias sd": 6.078802517600053, "wasserstein mean": 0.03246615832451022, "wasserstein sd": 0.018937694611998807}, "SCHL_No schooling completed_relative_bias": {"bias mean": 19.329615210141924, "bias sd": 11.629010412680085, "wasserstein mean": 0.026740337126230584, "wasserstein sd": 0.01838370185710507}, "SCHL_Nursery school, preschool_relative_bias": {"bias mean": 46.99999999999999, "bias sd": 49.90991885387112, "wasserstein mean": 0.014744702714543666, "wasserstein sd": 0.018580025810458325}, "SCHL_Professional degree beyond a bachelor's degree_relative_bias": {"bias mean": 13.961028432656546, "bias sd": 10.638056357485857, "wasserstein mean": 0.02333974200841594, "wasserstein sd": 0.016319502868909867}, "SCHL_Regular high school diploma_relative_bias": {"bias mean": 4.149936820136601, "bias sd": 3.295719096006058, "wasserstein mean": 0.018563726240862787, "wasserstein sd": 0.014810908791517866}, "SCHL_Some college, but less than 1 year_relative_bias": {"bias mean": 7.73642725529375, "bias sd": 6.030430930779197, "wasserstein mean": 0.0204969424496728, "wasserstein sd": 0.0157340646912299}, "MAR_Divorced_relative_bias": {"bias mean": 6.717227256610297, "bias sd": 5.246136341473355, "wasserstein mean": 0.021360951236927276, "wasserstein sd": 0.016676138942717224}, "MAR_Married_relative_bias": {"bias mean": 3.944681792920125, "bias sd": 2.3495011163801975, "wasserstein mean": 0.04094718995599842, "wasserstein sd": 0.023930908727949004}, "MAR_Never married or under 15 years old_relative_bias": {"bias mean": 3.536699851819759, "bias sd": 2.5487409595163673, "wasserstein mean": 0.026137819583458462, "wasserstein sd": 0.01918572926397597}, "MAR_Separated_relative_bias": {"bias mean": 24.342902779407314, "bias sd": 12.658313231106561, "wasserstein mean": 0.035475770866975856, "wasserstein sd": 0.021028538479423257}, "MAR_Widowed_relative_bias": {"bias mean": 26.241399818493434, "bias sd": 14.836854888279275, "wasserstein mean": 0.03704374418125358, "wasserstein sd": 0.024122233685550987}, "RELP_Adopted son or daughter_relative_bias": {"bias mean": 100.0, "bias sd": 0.0, "wasserstein mean": 0.04615562687067163, "wasserstein sd": 0.01685200355509465}, "RELP_Biological son or daughter_relative_bias": {"bias mean": 7.873846059178951, "bias sd": 5.299313113015628, "wasserstein mean": 0.03004018470824272, "wasserstein sd": 0.01967804569900342},