{
    "MMDs": {
        "mean": 0.0547712566560692,
        "sd": 0.005342540371508019
    },
    "auroc": {
        "mean": 0.8000939099331162,
        "sd": 0.016472300299977313
    },
    "auprc": {
        "mean": 0.7189923442845356,
        "sd": 0.031443744984467024
    },
    "remaining samples": {
        "mean": 2157.25,
        "sd": 65.46669000339027
    },
    "all_samples": 2250,
    "AGEP_relative_bias": {
        "bias mean": 0.5570607458954651,
        "bias sd": 0.6493429549009924,
        "wasserstein mean": 0.029914494857603436,
        "wasserstein sd": 0.01457240631936675
    },
    "WKHP_relative_bias": {
        "bias mean": 0.7437499674830037,
        "bias sd": 0.5163860225131746,
        "wasserstein mean": 0.0366287229237599,
        "wasserstein sd": 0.009964502596726144
    },
    "COW_Employee of a private for-profit company or business, or of an individual, for wages, salary, or commissions_relative_bias": {
        "bias mean": 1.0890486810469533,
        "bias sd": 0.7281683209199498,
        "wasserstein mean": 0.014973775401351886,
        "wasserstein sd": 0.009964979666455346
    },
    "COW_Employee of a private not-for-profit, tax-exempt, or charitable organization_relative_bias": {
        "bias mean": 5.202355575766044,
        "bias sd": 3.9298072395276464,
        "wasserstein mean": 0.013987999192737527,
        "wasserstein sd": 0.010100599758125833
    },
    "COW_Federal government employee_relative_bias": {
        "bias mean": 15.759230804995175,
        "bias sd": 10.12980418768061,
        "wasserstein mean": 0.02368455757531342,
        "wasserstein sd": 0.011971196341145946
    },
    "COW_Local government employee (city, county, etc.)_relative_bias": {
        "bias mean": 6.80702094215939,
        "bias sd": 5.955030658404795,
        "wasserstein mean": 0.019408686314590046,
        "wasserstein sd": 0.016390354390291496
    },
    "COW_Self-employed in own incorporated business, professional practice or farm_relative_bias": {
        "bias mean": 10.50270673068019,
        "bias sd": 6.730156632042906,
        "wasserstein mean": 0.021648751403555787,
        "wasserstein sd": 0.014667970204062287
    },
    "COW_Self-employed in own not incorporated business, professional practice, or farm_relative_bias": {
        "bias mean": 8.220226971905598,
        "bias sd": 5.491486386205233,
        "wasserstein mean": 0.025948688722089032,
        "wasserstein sd": 0.017996233331772523
    },
    "COW_State government employee_relative_bias": {
        "bias mean": 9.037079808945546,
        "bias sd": 5.124106412591861,
        "wasserstein mean": 0.01918888495596805,
        "wasserstein sd": 0.011030981264737184
    },
    "COW_Working without pay in family business or farm_relative_bias": {
        "bias mean": 100.0,
        "bias sd": 0.0,
        "wasserstein mean": 0.05167238169981444,
        "wasserstein sd": 0.014957778707261515
    },
    "SCHL_1 or more years of college credit, no degree_relative_bias": {
        "bias mean": 5.52925069931785,
        "bias sd": 4.480395205915474,
        "wasserstein mean": 0.024156456029067963,
        "wasserstein sd": 0.019076699823489595
    },
    "SCHL_12th grade - no diploma_relative_bias": {
        "bias mean": 14.201450800596671,
        "bias sd": 9.637970405949254,
        "wasserstein mean": 0.023245669330424785,
        "wasserstein sd": 0.01798929090176264
    },
    "SCHL_Associate's degree_relative_bias": {
        "bias mean": 10.611492263408753,
        "bias sd": 6.037748682766407,
        "wasserstein mean": 0.0300868343398365,
        "wasserstein sd": 0.015568934292128616
    },
    "SCHL_Bachelor's degree_relative_bias": {
        "bias mean": 7.943235773896485,
        "bias sd": 2.7345362979311414,
        "wasserstein mean": 0.04428312948391451,
        "wasserstein sd": 0.014831418659046632
    },
    "SCHL_Doctorate degree_relative_bias": {
        "bias mean": 16.47544614003865,
        "bias sd": 11.157873383262055,
        "wasserstein mean": 0.021914379628609995,
        "wasserstein sd": 0.014079057188778004
    },
    "SCHL_GED or alternative credential_relative_bias": {
        "bias mean": 15.087040669547983,
        "bias sd": 13.586013348059918,
        "wasserstein mean": 0.023385116182656186,
        "wasserstein sd": 0.025316262225110093
    },
    "SCHL_Grade 1_relative_bias": {
        "bias mean": 100.0,
        "bias sd": 0.0,
        "wasserstein mean": 0.016254254728094032,
        "wasserstein sd": 0.01376776177022283
    },
    "SCHL_Grade 10_relative_bias": {
        "bias mean": 96.94905865653575,
        "bias sd": 5.454975666174836,
        "wasserstein mean": 0.09724785727685639,
        "wasserstein sd": 0.02006092319155806
    },
    "SCHL_Grade 11_relative_bias": {
        "bias mean": 21.472197574083673,
        "bias sd": 11.470490344279483,
        "wasserstein mean": 0.027583356620638006,
        "wasserstein sd": 0.015459162596824314
    },
    "SCHL_Grade 2_relative_bias": {
        "bias mean": 95.00000000000001,
        "bias sd": 21.794494717703373,
        "wasserstein mean": 0.03582490865626302,
        "wasserstein sd": 0.0191448225972092
    },
    "SCHL_Grade 3_relative_bias": {
        "bias mean": 100.0,
        "bias sd": 0.0,
        "wasserstein mean": 0.05846169844503775,
        "wasserstein sd": 0.020012994367757456
    },
    "SCHL_Grade 4_relative_bias": {
        "bias mean": 100.0,
        "bias sd": 0.0,
        "wasserstein mean": 0.04702424723108581,
        "wasserstein sd": 0.012941236999014567
    },
    "SCHL_Grade 5_relative_bias": {
        "bias mean": 100.0,
        "bias sd": 0.0,
        "wasserstein mean": 0.052393866401749825,
        "wasserstein sd": 0.020518120969655402
    },
    "SCHL_Grade 6_relative_bias": {
        "bias mean": 13.61086538611051,
        "bias sd": 12.557442488756175,
        "wasserstein mean": 0.0182437054379272,
        "wasserstein sd": 0.01752939454229964
    },
    "SCHL_Grade 7_relative_bias": {
        "bias mean": 100.0,
        "bias sd": 0.0,
        "wasserstein mean": 0.054102950758637504,
        "wasserstein sd": 0.02381487135308207
    },
    "SCHL_Grade 8_relative_bias": {
        "bias mean": 100.0,
        "bias sd": 0.0,
        "wasserstein mean": 0.08662737672501407,
        "wasserstein sd": 0.015708832572032247
    },
    "SCHL_Grade 9_relative_bias": {
        "bias mean": 25.77323715108696,
        "bias sd": 15.60213989273982,
        "wasserstein mean": 0.026593452774747922,
        "wasserstein sd": 0.020804857465414432
    },
    "SCHL_Kindergarten_relative_bias": {
        "bias mean": 100.0,
        "bias sd": 0.0,
        "wasserstein mean": 0.020912668586136357,
        "wasserstein sd": 0.024259407773170878
    },
    "SCHL_Master's degree_relative_bias": {
        "bias mean": 7.453693926592413,
        "bias sd": 4.75011998759004,
        "wasserstein mean": 0.024397804924832907,
        "wasserstein sd": 0.01497256834868778
    },
    "SCHL_No schooling completed_relative_bias": {
        "bias mean": 22.010309271139878,
        "bias sd": 13.564895057759188,
        "wasserstein mean": 0.031248386297049773,
        "wasserstein sd": 0.020797323882824334
    },
    "SCHL_Nursery school, preschool_relative_bias": {
        "bias mean": 39.99999999999999,
        "bias sd": 48.989794855663554,
        "wasserstein mean": 0.01267122889531111,
        "wasserstein sd": 0.01704700578059148
    },
    "SCHL_Professional degree beyond a bachelor's degree_relative_bias": {
        "bias mean": 14.580742586554887,
        "bias sd": 14.746394868284723,
        "wasserstein mean": 0.02213606105827877,
        "wasserstein sd": 0.016658819422517346
    },
    "SCHL_Regular high school diploma_relative_bias": {
        "bias mean": 4.853715099187441,
        "bias sd": 3.514622037678075,
        "wasserstein mean": 0.022021541349754387,
        "wasserstein sd": 0.01646976960252393
    },