{
    "MMDs": {
        "mean": 0.02679528286450117,
        "sd": 0.003441657535892444
    },
    "auroc": {
        "mean": 0.5104102347424793,
        "sd": 0.05455270360097798
    },
    "auprc": {
        "mean": 0.6975599799671505,
        "sd": 0.02307554058062497
    },
    "mse": {
        "mean": 0.0,
        "sd": 0.0
    },
    "remaining samples": {
        "mean": 90.85,
        "sd": 3.731956591387418
    },
    "all_samples": 87,
    "Dependents_relative_bias": {
        "bias mean": 2.0735626203052924,
        "bias sd": 1.6567472885329877,
        "wasserstein mean": 0.08382603314941547,
        "wasserstein sd": 0.03887351007609927
    },
    "ApplicantIncome_relative_bias": {
        "bias mean": 4.028112002905689,
        "bias sd": 2.675773050820964,
        "wasserstein mean": 0.12526791262172704,
        "wasserstein sd": 0.023836011178581796
    },
    "CoapplicantIncome_relative_bias": {
        "bias mean": 6.758827455287294,
        "bias sd": 4.730845454819132,
        "wasserstein mean": 0.12594694445955193,
        "wasserstein sd": 0.03295990595743528
    },
    "LoanAmount_relative_bias": {
        "bias mean": 0.9944909279068499,
        "bias sd": 0.7154536185647862,
        "wasserstein mean": 0.13137813650897923,
        "wasserstein sd": 0.019785407273892084
    },
    "Loan_Amount_Term_relative_bias": {
        "bias mean": 0.28175883267402463,
        "bias sd": 0.2196733978512299,
        "wasserstein mean": 0.08351656931686442,
        "wasserstein sd": 0.033651404907090156
    },
    "Credit_History_relative_bias": {
        "bias mean": 0.6181004670851243,
        "bias sd": 0.3940208878540992,
        "wasserstein mean": 0.014972350523302851,
        "wasserstein sd": 0.009545526237229849
    },
    "Loan_Status_relative_bias": {
        "bias mean": 62.621972542800656,
        "bias sd": 6.552685168954192,
        "wasserstein mean": 0.4342156139618636,
        "wasserstein sd": 0.0495035842262625
    },
    "Gender_Male_relative_bias": {
        "bias mean": 0.5983176290082384,
        "bias sd": 0.5430094047989203,
        "wasserstein mean": 0.012739361964735726,
        "wasserstein sd": 0.011287913344108896
    },
    "Married_Yes_relative_bias": {
        "bias mean": 0.8265215919412862,
        "bias sd": 0.6739852351992976,
        "wasserstein mean": 0.01123845837125503,
        "wasserstein sd": 0.009066781059044375
    },
    "Education_Not Graduate_relative_bias": {
        "bias mean": 2.0185772039210126,
        "bias sd": 1.7512273309751862,
        "wasserstein mean": 0.010242377144983121,
        "wasserstein sd": 0.008771105629934628
    },
    "Self_Employed_Yes_relative_bias": {
        "bias mean": 4.478613661070172,
        "bias sd": 2.99850990270069,
        "wasserstein mean": 0.018378189427680585,
        "wasserstein sd": 0.013119163799744933
    },
    "Property_Area_Semiurban_relative_bias": {
        "bias mean": 2.3235973440378106,
        "bias sd": 1.445618635000838,
        "wasserstein mean": 0.019077164226136555,
        "wasserstein sd": 0.012625806516418758
    },
    "Property_Area_Urban_relative_bias": {
        "bias mean": 2.6024427987588,
        "bias sd": 1.5757830233313888,
        "wasserstein mean": 0.01800944615796188,
        "wasserstein sd": 0.011219503410543702
    }
}