{
    "MMDs": {
        "mean": 0.03428722756642238,
        "sd": 0.0042042841329221325
    },
    "auroc": {
        "mean": 0.6984793662355971,
        "sd": 0.03144656216669221
    },
    "auprc": {
        "mean": 0.7879736963291555,
        "sd": 0.0229059806551176
    },
    "remaining samples": {
        "mean": 221.64,
        "sd": 1.3965672200076873
    },
    "all_samples": 222,
    "Dependents_relative_bias": {
        "bias mean": 1.6864401249986225,
        "bias sd": 1.2241640494822774,
        "wasserstein mean": 0.0466229657015971,
        "wasserstein sd": 0.019506691791866045
    },
    "ApplicantIncome_relative_bias": {
        "bias mean": 2.9102217269388917,
        "bias sd": 3.084980187968212,
        "wasserstein mean": 0.10715991948191221,
        "wasserstein sd": 0.03943980176390557
    },
    "CoapplicantIncome_relative_bias": {
        "bias mean": 4.7404206918884935,
        "bias sd": 5.952095161165954,
        "wasserstein mean": 0.1012627690102507,
        "wasserstein sd": 0.05119880399452076
    },
    "LoanAmount_relative_bias": {
        "bias mean": 1.0586337972925017,
        "bias sd": 0.7505531024011212,
        "wasserstein mean": 0.09991907885857028,
        "wasserstein sd": 0.031092631149492952
    },
    "Loan_Amount_Term_relative_bias": {
        "bias mean": 0.3529375169032648,
        "bias sd": 0.3028614762611845,
        "wasserstein mean": 0.06836811757656251,
        "wasserstein sd": 0.031072289209685112
    },
    "Credit_History_relative_bias": {
        "bias mean": 0.7174803750452834,
        "bias sd": 0.5983187759147148,
        "wasserstein mean": 0.017265057865943373,
        "wasserstein sd": 0.014351720275591704
    },
    "Loan_Status_relative_bias": {
        "bias mean": 6.604866184997055,
        "bias sd": 4.51801692831862,
        "wasserstein mean": 0.04483554480605553,
        "wasserstein sd": 0.029214571545665438
    },
    "Gender_Male_relative_bias": {
        "bias mean": 0.6381224138892158,
        "bias sd": 0.4901174305694496,
        "wasserstein mean": 0.013711339510158007,
        "wasserstein sd": 0.010516504394392705
    },
    "Married_Yes_relative_bias": {
        "bias mean": 1.2287987299911893,
        "bias sd": 1.0699285152018236,
        "wasserstein mean": 0.01658713925092459,
        "wasserstein sd": 0.014274068570342033
    },
    "Education_Not Graduate_relative_bias": {
        "bias mean": 2.3175575502299184,
        "bias sd": 2.0555300694267515,
        "wasserstein mean": 0.011977591233586677,
        "wasserstein sd": 0.011212512960774398
    },
    "Self_Employed_Yes_relative_bias": {
        "bias mean": 3.2777479189511096,
        "bias sd": 2.767043301343157,
        "wasserstein mean": 0.013115759360363943,
        "wasserstein sd": 0.011298610180660366
    },
    "Property_Area_Semiurban_relative_bias": {
        "bias mean": 1.6178442471669265,
        "bias sd": 1.2988554640021814,
        "wasserstein mean": 0.012981245591471029,
        "wasserstein sd": 0.010484117662057054
    },
    "Property_Area_Urban_relative_bias": {
        "bias mean": 1.945553953858962,
        "bias sd": 1.4733474004408993,
        "wasserstein mean": 0.013419230885319412,
        "wasserstein sd": 0.010292324811827026
    }
}