{"logistig regression p values": {"GBS": 0.4525927558155277, "Weighted kmm": 0.00022273411447614158, "Weighted logistic_regression": 0.5208138380382332}}