{
    "MMDs": {
        "mean": 0.010434263429090665,
        "sd": 0.0009086398766298676
    },
    "auroc": {
        "mean": 0.6565679626491169,
        "sd": 0.0789911194529346
    },
    "auprc": {
        "mean": 0.22227256152982178,
        "sd": 0.05729186917826259
    },
    "mse": {
        "mean": 0.0,
        "sd": 0.0
    },
    "remaining samples": {
        "mean": 623.7,
        "sd": 16.5230142528535
    },
    "all_samples": 611,
    "city_development_index_relative_bias": {
        "bias mean": 0.23850324274738627,
        "bias sd": 0.10260326588853604,
        "wasserstein mean": 0.03995386866769856,
        "wasserstein sd": 0.0073178414292030865
    },
    "experience_relative_bias": {
        "bias mean": 0.3852072035691373,
        "bias sd": 0.2771029249402518,
        "wasserstein mean": 0.035595792594259774,
        "wasserstein sd": 0.008795823031819562
    },
    "training_hours_relative_bias": {
        "bias mean": 0.6643634199507873,
        "bias sd": 0.4162536910042336,
        "wasserstein mean": 0.04739594991165499,
        "wasserstein sd": 0.012788873877452317
    },
    "target_relative_bias": {
        "bias mean": 238.79030296902255,
        "bias sd": 23.163376310953154,
        "wasserstein mean": 0.39755154988461616,
        "wasserstein sd": 0.03340459974087711
    },
    "gender_Male_relative_bias": {
        "bias mean": 0.402155389638604,
        "bias sd": 0.18007379074472896,
        "wasserstein mean": 0.012169305379009985,
        "wasserstein sd": 0.005413738529869241
    },
    "gender_Other_relative_bias": {
        "bias mean": 17.86827770031567,
        "bias sd": 6.813017723792493,
        "wasserstein mean": 0.016914019885371483,
        "wasserstein sd": 0.007117246258565767
    },
    "relevent_experience_No relevent experience_relative_bias": {
        "bias mean": 1.7526220608985414,
        "bias sd": 1.2236430597137022,
        "wasserstein mean": 0.006576595216249169,
        "wasserstein sd": 0.00462069960553813
    },
    "enrolled_university_Part time course_relative_bias": {
        "bias mean": 3.3152548382657985,
        "bias sd": 1.8185050145692219,
        "wasserstein mean": 0.00838892146283456,
        "wasserstein sd": 0.004735120541553467
    },
    "enrolled_university_no_enrollment_relative_bias": {
        "bias mean": 0.26435175223193974,
        "bias sd": 0.17813982732473205,
        "wasserstein mean": 0.006228511056599003,
        "wasserstein sd": 0.004181435398895544
    },
    "education_level_Masters_relative_bias": {
        "bias mean": 0.8861418130005699,
        "bias sd": 0.8101435890152399,
        "wasserstein mean": 0.0054781975910739664,
        "wasserstein sd": 0.005067486836343436
    },
    "education_level_Phd_relative_bias": {
        "bias mean": 3.9128788616560497,
        "bias sd": 2.346917075864092,
        "wasserstein mean": 0.006813365846778152,
        "wasserstein sd": 0.0041555017704844165
    },
    "major_discipline_Business Degree_relative_bias": {
        "bias mean": 7.39087417708226,
        "bias sd": 4.168962451771828,
        "wasserstein mean": 0.009958448517820791,
        "wasserstein sd": 0.0060782269456859245
    },
    "major_discipline_Humanities_relative_bias": {
        "bias mean": 3.849990330775632,
        "bias sd": 2.2366599138497967,
        "wasserstein mean": 0.008104852153731851,
        "wasserstein sd": 0.0048995426164878
    },
    "major_discipline_No Major_relative_bias": {
        "bias mean": 10.454898595536116,
        "bias sd": 5.60638102277203,
        "wasserstein mean": 0.01162939876659563,
        "wasserstein sd": 0.0070033277731391935
    },
    "major_discipline_Other_relative_bias": {
        "bias mean": 7.605484200590093,
        "bias sd": 3.808560755541239,
        "wasserstein mean": 0.011174387721511293,
        "wasserstein sd": 0.0058207362173092825
    },
    "major_discipline_STEM_relative_bias": {
        "bias mean": 0.5828157437497331,
        "bias sd": 0.1938390174607735,
        "wasserstein mean": 0.016770620574678152,
        "wasserstein sd": 0.005557520929235139
    },
    "company_size_100-500_relative_bias": {
        "bias mean": 1.0751985296749385,
        "bias sd": 0.9412142378842557,
        "wasserstein mean": 0.00538300447074045,
        "wasserstein sd": 0.004666380545838615
    },
    "company_size_1000-4999_relative_bias": {
        "bias mean": 1.8835126628750338,
        "bias sd": 1.165981953857788,
        "wasserstein mean": 0.006381530133938105,
        "wasserstein sd": 0.003956287015065768
    },
    "company_size_10000+_relative_bias": {
        "bias mean": 0.9477180036442538,
        "bias sd": 0.7104833089903306,
        "wasserstein mean": 0.00418613597896614,
        "wasserstein sd": 0.0031668901589755353
    },
    "company_size_50-99_relative_bias": {
        "bias mean": 1.0677705565952043,
        "bias sd": 0.6454236696746227,
        "wasserstein mean": 0.00562472136701353,
        "wasserstein sd": 0.0033891970140768044
    },
    "company_size_500-999_relative_bias": {
        "bias mean": 2.352569424851535,
        "bias sd": 1.7307028629269403,
        "wasserstein mean": 0.006240806011331108,
        "wasserstein sd": 0.004661892280379505
    },
    "company_size_5000-9999_relative_bias": {
        "bias mean": 3.5917660327103746,
        "bias sd": 2.3795088076839903,
        "wasserstein mean": 0.007736711112506743,
        "wasserstein sd": 0.005268827908354443
    },
    "company_size_<10_relative_bias": {
        "bias mean": 1.887301163343852,
        "bias sd": 1.4650811056001964,
        "wasserstein mean": 0.006180284580266603,
        "wasserstein sd": 0.004825983841477348
    },
    "company_type_Funded Startup_relative_bias": {
        "bias mean": 1.8812845155694984,
        "bias sd": 1.1044718719754545,
        "wasserstein mean": 0.005954306804389272,
        "wasserstein sd": 0.0035196457272373524
    },
    "company_type_NGO_relative_bias": {
        "bias mean": 6.3589695680138245,
        "bias sd": 2.7109496672947127,
        "wasserstein mean": 0.013306327319062321,
        "wasserstein sd": 0.005860930674696251
    },
    "company_type_Other_relative_bias": {
        "bias mean": 11.156770417057924,
        "bias sd": 8.599109920750054,
        "wasserstein mean": 0.010867985625907396,
        "wasserstein sd": 0.00972845960212481
    },
    "company_type_Public Sector_relative_bias": {
        "bias mean": 2.6807569245975165,
        "bias sd": 1.5490506553718641,
        "wasserstein mean": 0.006872405768366198,
        "wasserstein sd": 0.003985042025112707
    },
    "company_type_Pvt Ltd_relative_bias": {
        "bias mean": 0.687170936263604,
        "bias sd": 0.3148918777416456,
        "wasserstein mean": 0.012119354180467605,
        "wasserstein sd": 0.005463979285154646
    },
    "last_new_job_2_relative_bias": {
        "bias mean": 1.082876417772005,
        "bias sd": 0.7377909915479909,
        "wasserstein mean": 0.005007186148649078,
        "wasserstein sd": 0.0035191141209625363
    },
    "last_new_job_3_relative_bias": {
        "bias mean": 1.8894258752891389,
        "bias sd": 1.5150989125596046,
        "wasserstein mean": 0.005035476390537714,
        "wasserstein sd": 0.004140279814907292
    },
    "last_new_job_4_relative_bias": {
        "bias mean": 2.7496520401123647,
        "bias sd": 2.3398178476528986,
        "wasserstein mean": 0.007218073597277795,
        "wasserstein sd": 0.00631139824586889
    },
    "last_new_job_>4_relative_bias": {
        "bias mean": 1.137929226652007,
        "bias sd": 0.9025016405954538,
        "wasserstein mean": 0.006106335928911376,
        "wasserstein sd": 0.0048778649085650695
    },
    "last_new_job_never_relative_bias": {
        "bias mean": 2.837067206885524,
        "bias sd": 2.0904781111293627,
        "wasserstein mean": 0.00601836686517662,
        "wasserstein sd": 0.004515966686718036
    }
}