{
    "MMDs": {
        "mean": 0.03354895118212405,
        "sd": 0.0036039583588689775
    },
    "auroc": {
        "mean": 0.7963041390461035,
        "sd": 0.017686201174830468
    },
    "auprc": {
        "mean": 0.6981617310566237,
        "sd": 0.03064955034929289
    },
    "remaining samples": {
        "mean": 1793.08,
        "sd": 10.063478523850488
    },
    "all_samples": 1799,
    "AGEP_relative_bias": {
        "bias mean": 2.841862373560342,
        "bias sd": 0.9784507478257761,
        "wasserstein mean": 0.08767073620969645,
        "wasserstein sd": 0.02261553869208843
    },
    "WKHP_relative_bias": {
        "bias mean": 4.441887216754376,
        "bias sd": 0.8616457193560663,
        "wasserstein mean": 0.1333623317905629,
        "wasserstein sd": 0.022532888547576495
    },
    "COW_Employee of a private for-profit company or business, or of an individual, for wages, salary, or commissions_relative_bias": {
        "bias mean": 2.3371546447027107,
        "bias sd": 2.0050424290148388,
        "wasserstein mean": 0.03223039998719686,
        "wasserstein sd": 0.027951826814761015
    },
    "COW_Employee of a private not-for-profit, tax-exempt, or charitable organization_relative_bias": {
        "bias mean": 7.873621481002942,
        "bias sd": 7.4080833152077865,
        "wasserstein mean": 0.021340987669163834,
        "wasserstein sd": 0.019541008698416313
    },
    "COW_Federal government employee_relative_bias": {
        "bias mean": 16.9526880351249,
        "bias sd": 13.873000214557194,
        "wasserstein mean": 0.027071314126894612,
        "wasserstein sd": 0.020492425335617355
    },
    "COW_Local government employee (city, county, etc.)_relative_bias": {
        "bias mean": 10.837336818184625,
        "bias sd": 7.898046109087092,
        "wasserstein mean": 0.030852328673419582,
        "wasserstein sd": 0.02177871069265902
    },
    "COW_Self-employed in own incorporated business, professional practice or farm_relative_bias": {
        "bias mean": 14.526319969422845,
        "bias sd": 9.936925330817825,
        "wasserstein mean": 0.029405285809117117,
        "wasserstein sd": 0.019383801454596537
    },
    "COW_Self-employed in own not incorporated business, professional practice, or farm_relative_bias": {
        "bias mean": 10.87339137040027,
        "bias sd": 7.406317913107427,
        "wasserstein mean": 0.03400104161302118,
        "wasserstein sd": 0.02395522574860023
    },
    "COW_State government employee_relative_bias": {
        "bias mean": 13.358427236979827,
        "bias sd": 8.407405747423564,
        "wasserstein mean": 0.027992846179674166,
        "wasserstein sd": 0.01718669579056532
    },
    "COW_Working without pay in family business or farm_relative_bias": {
        "bias mean": 62.98338954941675,
        "bias sd": 105.9750367008028,
        "wasserstein mean": 0.023945726669891615,
        "wasserstein sd": 0.01706804342344524
    },
    "SCHL_1 or more years of college credit, no degree_relative_bias": {
        "bias mean": 8.008641491788138,
        "bias sd": 5.460474833453633,
        "wasserstein mean": 0.035717383156575314,
        "wasserstein sd": 0.025157128697864576
    },
    "SCHL_12th grade - no diploma_relative_bias": {
        "bias mean": 17.304800709100718,
        "bias sd": 12.391803055140276,
        "wasserstein mean": 0.02776270900926839,
        "wasserstein sd": 0.021643507950061654
    },
    "SCHL_Associate's degree_relative_bias": {
        "bias mean": 8.78552845334986,
        "bias sd": 6.721494105318221,
        "wasserstein mean": 0.025418435174167742,
        "wasserstein sd": 0.018833982304224034
    },
    "SCHL_Bachelor's degree_relative_bias": {
        "bias mean": 11.523730449634984,
        "bias sd": 5.485976579083582,
        "wasserstein mean": 0.06414803759772295,
        "wasserstein sd": 0.02959570322985433
    },
    "SCHL_Doctorate degree_relative_bias": {
        "bias mean": 31.5177488443829,
        "bias sd": 21.139616613346025,
        "wasserstein mean": 0.04273717830475682,
        "wasserstein sd": 0.026701880819629757
    },
    "SCHL_GED or alternative credential_relative_bias": {
        "bias mean": 18.4984652700636,
        "bias sd": 12.519072828551783,
        "wasserstein mean": 0.0275111906767217,
        "wasserstein sd": 0.019221966910545382
    },
    "SCHL_Grade 1_relative_bias": {
        "bias mean": Infinity,
        "bias sd": NaN,
        "wasserstein mean": 0.026468389208543296,
        "wasserstein sd": 0.02038929724891337
    },
    "SCHL_Grade 10_relative_bias": {
        "bias mean": 32.4780415331743,
        "bias sd": 24.979522194692972,
        "wasserstein mean": 0.02867644451394286,
        "wasserstein sd": 0.018466938271306268
    },
    "SCHL_Grade 11_relative_bias": {
        "bias mean": 24.474364330000412,
        "bias sd": 15.305179374687075,
        "wasserstein mean": 0.032625013516951226,
        "wasserstein sd": 0.02257592479620238
    },
    "SCHL_Grade 2_relative_bias": {
        "bias mean": -1.0253887756369894e+16,
        "bias sd": 7.177721429458966e+16,
        "wasserstein mean": 0.023407934195089117,
        "wasserstein sd": 0.01895099591288009
    },
    "SCHL_Grade 3_relative_bias": {
        "bias mean": 41.02140837133257,
        "bias sd": 30.08025677983696,
        "wasserstein mean": 0.022299336645179257,
        "wasserstein sd": 0.016144776399205706
    },
    "SCHL_Grade 4_relative_bias": {
        "bias mean": 45.91185791113372,
        "bias sd": 29.883474448920055,
        "wasserstein mean": 0.021278632030747778,
        "wasserstein sd": 0.0176927115748647
    },
    "SCHL_Grade 5_relative_bias": {
        "bias mean": 53.70192683423158,
        "bias sd": 49.659719307873495,
        "wasserstein mean": 0.02279451963754253,
        "wasserstein sd": 0.019049027968737146
    },
    "SCHL_Grade 6_relative_bias": {
        "bias mean": 22.076679615849105,
        "bias sd": 15.25176403397155,
        "wasserstein mean": 0.028670967231781815,
        "wasserstein sd": 0.02096661328244455
    },
    "SCHL_Grade 7_relative_bias": {
        "bias mean": 54.911938371846226,
        "bias sd": 31.33720512139109,
        "wasserstein mean": 0.028317889128935243,
        "wasserstein sd": 0.01745530597074438
    },
    "SCHL_Grade 8_relative_bias": {
        "bias mean": 35.36791690407159,
        "bias sd": 20.513799020878125,
        "wasserstein mean": 0.027423242067205984,
        "wasserstein sd": 0.01700824676789968
    },
    "SCHL_Grade 9_relative_bias": {
        "bias mean": 26.28326383928478,
        "bias sd": 14.650303590934667,
        "wasserstein mean": 0.02879195149428185,
        "wasserstein sd": 0.018122175264883925
    },
    "SCHL_Kindergarten_relative_bias": {
        "bias mean": Infinity,
        "bias sd": NaN,
        "wasserstein mean": 0.020775801072409502,
        "wasserstein sd": 0.019212659293127803
    },
    "SCHL_Master's degree_relative_bias": {
        "bias mean": 21.066416663728234,
        "bias sd": 8.881172843717595,
        "wasserstein mean": 0.06952350573302118,
        "wasserstein sd": 0.026916291342571015
    },
    "SCHL_No schooling completed_relative_bias": {
        "bias mean": 23.40937980919507,
        "bias sd": 14.538929098049111,
        "wasserstein mean": 0.03233714830765507,
        "wasserstein sd": 0.021265189966706594
    },
    "SCHL_Nursery school, preschool_relative_bias": {
        "bias mean": 2.6705255406038998e+17,
        "bias sd": 5.35816924315426e+17,
        "wasserstein mean": 0.02289561311791763,
        "wasserstein sd": 0.020948053804002338
    },
    "SCHL_Professional degree beyond a bachelor's degree_relative_bias": {
        "bias mean": 26.93819744469543,
        "bias sd": 18.510842416235963,
        "wasserstein mean": 0.04551932287912744,
        "wasserstein sd": 0.029144745129824512
    },