{
    "MMDs": {
        "mean": 0.07868444917617098,
        "sd": 0.005309647215463922
    },
    "auroc": {
        "mean": 0.6840101899081119,
        "sd": 0.03085345926758998
    },
    "auprc": {
        "mean": 0.49162160917418707,
        "sd": 0.025730321484499965
    },
    "mse": {
        "mean": 1.3067358749573177,
        "sd": 0.0699634330374011
    },
    "remaining samples": {
        "mean": 1236.3,
        "sd": 23.989789494699615
    },
    "all_samples": 1248,
    "AGEP_relative_bias": {
        "bias mean": 7.790884286745948,
        "bias sd": 1.0495809292409335,
        "wasserstein mean": 0.22610227151586063,
        "wasserstein sd": 0.02857254432028776
    },
    "WKHP_relative_bias": {
        "bias mean": 10.723632516962217,
        "bias sd": 1.2230085184208026,
        "wasserstein mean": 0.31648251660678783,
        "wasserstein sd": 0.03146129724328041
    },
    "COW_Employee of a private for-profit company or business, or of an individual, for wages, salary, or commissions_relative_bias": {
        "bias mean": 5.697069984503045,
        "bias sd": 1.9649498823406024,
        "wasserstein mean": 0.07819893549253074,
        "wasserstein sd": 0.027471583947127797
    },
    "COW_Employee of a private not-for-profit, tax-exempt, or charitable organization_relative_bias": {
        "bias mean": 17.847574198391733,
        "bias sd": 11.758106808155041,
        "wasserstein mean": 0.04735154418688242,
        "wasserstein sd": 0.028660739587130887
    },
    "COW_Federal government employee_relative_bias": {
        "bias mean": 30.074212037648618,
        "bias sd": 31.508061730746874,
        "wasserstein mean": 0.04284777383640651,
        "wasserstein sd": 0.040871952074835884
    },
    "COW_Local government employee (city, county, etc.)_relative_bias": {
        "bias mean": 20.470822509266263,
        "bias sd": 13.210417120111424,
        "wasserstein mean": 0.05919408336111187,
        "wasserstein sd": 0.03632342142648893
    },
    "COW_Self-employed in own incorporated business, professional practice or farm_relative_bias": {
        "bias mean": 31.375375578401382,
        "bias sd": 17.295985372028518,
        "wasserstein mean": 0.06541707459102063,
        "wasserstein sd": 0.03460913886299684
    },
    "COW_Self-employed in own not incorporated business, professional practice, or farm_relative_bias": {
        "bias mean": 19.846735109367,
        "bias sd": 11.407329944503976,
        "wasserstein mean": 0.06273201256655711,
        "wasserstein sd": 0.038402172800234224
    },
    "COW_State government employee_relative_bias": {
        "bias mean": 22.62409483290954,
        "bias sd": 10.562868526196254,
        "wasserstein mean": 0.0469742868287989,
        "wasserstein sd": 0.021124900046382067
    },
    "COW_Working without pay in family business or farm_relative_bias": {
        "bias mean": 49.49220461372728,
        "bias sd": 30.9003012088727,
        "wasserstein mean": 0.023214517519950774,
        "wasserstein sd": 0.016043197045427306
    },
    "SCHL_1 or more years of college credit, no degree_relative_bias": {
        "bias mean": 18.447530990167586,
        "bias sd": 6.293536167652752,
        "wasserstein mean": 0.08240833544956803,
        "wasserstein sd": 0.03077854832437135
    },
    "SCHL_12th grade - no diploma_relative_bias": {
        "bias mean": 46.894347486251455,
        "bias sd": 12.464133514686297,
        "wasserstein mean": 0.07112730381267783,
        "wasserstein sd": 0.023865508501451145
    },
    "SCHL_Associate's degree_relative_bias": {
        "bias mean": 9.034694239284846,
        "bias sd": 7.521130870925131,
        "wasserstein mean": 0.026194508663723432,
        "wasserstein sd": 0.020529225013107073
    },
    "SCHL_Bachelor's degree_relative_bias": {
        "bias mean": 32.55456790855776,
        "bias sd": 7.30821839007991,
        "wasserstein mean": 0.18214788090518974,
        "wasserstein sd": 0.03711410817117051
    },
    "SCHL_Doctorate degree_relative_bias": {
        "bias mean": 79.8081734870334,
        "bias sd": 35.996157479924285,
        "wasserstein mean": 0.1096626169179045,
        "wasserstein sd": 0.04441391886677245
    },
    "SCHL_GED or alternative credential_relative_bias": {
        "bias mean": 28.256872961056246,
        "bias sd": 13.300549587369376,
        "wasserstein mean": 0.04074698426005627,
        "wasserstein sd": 0.02107445745856133
    },
    "SCHL_Grade 1_relative_bias": {
        "bias mean": Infinity,
        "bias sd": NaN,
        "wasserstein mean": 0.017308114977557666,
        "wasserstein sd": 0.012071485925502381
    },
    "SCHL_Grade 10_relative_bias": {
        "bias mean": 51.874930992586386,
        "bias sd": 23.637030448093547,
        "wasserstein mean": 0.04915463276144713,
        "wasserstein sd": 0.027728182639470394
    },
    "SCHL_Grade 11_relative_bias": {
        "bias mean": 58.290388042416,
        "bias sd": 13.893068919321946,
        "wasserstein mean": 0.07772256846793861,
        "wasserstein sd": 0.028189638573188694
    },
    "SCHL_Grade 2_relative_bias": {
        "bias mean": 80.19739999634258,
        "bias sd": 67.29069979582574,
        "wasserstein mean": 0.021983056747981445,
        "wasserstein sd": 0.019650221326020973
    },
    "SCHL_Grade 3_relative_bias": {
        "bias mean": 57.77734613658356,
        "bias sd": 27.759773282943783,
        "wasserstein mean": 0.03566958037647965,
        "wasserstein sd": 0.02740414370985986
    },
    "SCHL_Grade 4_relative_bias": {
        "bias mean": 74.32369775150364,
        "bias sd": 32.31388668988667,
        "wasserstein mean": 0.03627146740282713,
        "wasserstein sd": 0.028316670715343654
    },
    "SCHL_Grade 5_relative_bias": {
        "bias mean": 68.31498010227233,
        "bias sd": 31.896679808483096,
        "wasserstein mean": 0.04015429927717662,
        "wasserstein sd": 0.02331756529381394
    },
    "SCHL_Grade 6_relative_bias": {
        "bias mean": 56.69738148729668,
        "bias sd": 13.252422266382847,
        "wasserstein mean": 0.07384510752100508,
        "wasserstein sd": 0.026691870125740123
    },
    "SCHL_Grade 7_relative_bias": {
        "bias mean": 55.558462547067485,
        "bias sd": 32.35383592083946,
        "wasserstein mean": 0.031464931570281116,
        "wasserstein sd": 0.021168418699071337
    },
    "SCHL_Grade 8_relative_bias": {
        "bias mean": 52.4163818107456,
        "bias sd": 18.923746648744476,
        "wasserstein mean": 0.04141252281300577,
        "wasserstein sd": 0.023961055976438828
    },
    "SCHL_Grade 9_relative_bias": {
        "bias mean": 53.87132254238607,
        "bias sd": 20.152169594870397,
        "wasserstein mean": 0.058037208542507435,
        "wasserstein sd": 0.0237081554236391
    },
    "SCHL_Kindergarten_relative_bias": {
        "bias mean": Infinity,
        "bias sd": NaN,
        "wasserstein mean": 0.01637907527934211,
        "wasserstein sd": 0.02216695311372981
    },
    "SCHL_Master's degree_relative_bias": {
        "bias mean": 57.06859965827499,
        "bias sd": 13.31038414705937,
        "wasserstein mean": 0.19127611702735037,
        "wasserstein sd": 0.03485162144797078
    },
    "SCHL_No schooling completed_relative_bias": {
        "bias mean": 54.799155621485546,
        "bias sd": 12.236554410448093,
        "wasserstein mean": 0.07363054188465461,
        "wasserstein sd": 0.021191138155342865
    },
    "SCHL_Nursery school, preschool_relative_bias": {
        "bias mean": 7.622621518061802e+16,
        "bias sd": 3.3226236882089965e+17,
        "wasserstein mean": 0.019799514925172658,
        "wasserstein sd": 0.018266870277349953
    },
    "SCHL_Professional degree beyond a bachelor's degree_relative_bias": {
        "bias mean": 79.90559232070608,
        "bias sd": 31.483670788620515,
        "wasserstein mean": 0.1294419801452562,
        "wasserstein sd": 0.04548389150632192
    },