{
    "MMDs": {
        "mean": 0.021448941628890487,
        "sd": 0.002248744706995205
    },
    "auroc": {
        "mean": 0.8081338649625153,
        "sd": 0.01287956417036469
    },
    "auprc": {
        "mean": 0.722343015775883,
        "sd": 0.02419012835704571
    },
    "remaining samples": {
        "mean": 2146.56,
        "sd": 5.083935483461607
    },
    "all_samples": 2149,
    "AGEP_relative_bias": {
        "bias mean": 1.0810292598910665,
        "bias sd": 0.7523417182416452,
        "wasserstein mean": 0.04069385979193968,
        "wasserstein sd": 0.01586068836211354
    },
    "WKHP_relative_bias": {
        "bias mean": 1.9583168239274877,
        "bias sd": 0.7838787066230807,
        "wasserstein mean": 0.06524972664793995,
        "wasserstein sd": 0.01770866007232386
    },
    "COW_Employee of a private for-profit company or business, or of an individual, for wages, salary, or commissions_relative_bias": {
        "bias mean": 1.7214133818629844,
        "bias sd": 1.451734030887357,
        "wasserstein mean": 0.023711220301888408,
        "wasserstein sd": 0.02019699535837663
    },
    "COW_Employee of a private not-for-profit, tax-exempt, or charitable organization_relative_bias": {
        "bias mean": 7.156730798594171,
        "bias sd": 6.665594561022034,
        "wasserstein mean": 0.019484827660295332,
        "wasserstein sd": 0.017822528992819553
    },
    "COW_Federal government employee_relative_bias": {
        "bias mean": 14.630390720429652,
        "bias sd": 11.520495328568133,
        "wasserstein mean": 0.023648471175608022,
        "wasserstein sd": 0.01724772105485961
    },
    "COW_Local government employee (city, county, etc.)_relative_bias": {
        "bias mean": 7.53060750786279,
        "bias sd": 5.561418486950832,
        "wasserstein mean": 0.021497914065302347,
        "wasserstein sd": 0.015283842161318737
    },
    "COW_Self-employed in own incorporated business, professional practice or farm_relative_bias": {
        "bias mean": 10.29790940482092,
        "bias sd": 7.447688713693317,
        "wasserstein mean": 0.020764834130503076,
        "wasserstein sd": 0.014663189668342708
    },
    "COW_Self-employed in own not incorporated business, professional practice, or farm_relative_bias": {
        "bias mean": 9.139261844322732,
        "bias sd": 6.6132424811777915,
        "wasserstein mean": 0.02830934982650593,
        "wasserstein sd": 0.02069679153246281
    },
    "COW_State government employee_relative_bias": {
        "bias mean": 8.688340071559617,
        "bias sd": 6.155681893634782,
        "wasserstein mean": 0.01805680999560539,
        "wasserstein sd": 0.01236386828431939
    },
    "COW_Working without pay in family business or farm_relative_bias": {
        "bias mean": 65.02499173601511,
        "bias sd": 125.7120716200846,
        "wasserstein mean": 0.023347217809777027,
        "wasserstein sd": 0.016605646538114645
    },
    "SCHL_1 or more years of college credit, no degree_relative_bias": {
        "bias mean": 5.2538321564233135,
        "bias sd": 4.103334607224741,
        "wasserstein mean": 0.023349809277240948,
        "wasserstein sd": 0.01861539400327793
    },
    "SCHL_12th grade - no diploma_relative_bias": {
        "bias mean": 15.697263672533172,
        "bias sd": 11.216496370539673,
        "wasserstein mean": 0.024006094520876563,
        "wasserstein sd": 0.017186148517538066
    },
    "SCHL_Associate's degree_relative_bias": {
        "bias mean": 7.429503009625763,
        "bias sd": 6.124916193337928,
        "wasserstein mean": 0.021511765962713567,
        "wasserstein sd": 0.01763055422435491
    },
    "SCHL_Bachelor's degree_relative_bias": {
        "bias mean": 5.800426469786498,
        "bias sd": 3.8555426232630583,
        "wasserstein mean": 0.032252598776584214,
        "wasserstein sd": 0.020866102477746628
    },
    "SCHL_Doctorate degree_relative_bias": {
        "bias mean": 18.540758602143896,
        "bias sd": 13.99549049190784,
        "wasserstein mean": 0.025383713110922433,
        "wasserstein sd": 0.01793384182553085
    },
    "SCHL_GED or alternative credential_relative_bias": {
        "bias mean": 17.126921963750075,
        "bias sd": 12.746812200316164,
        "wasserstein mean": 0.02517026726058223,
        "wasserstein sd": 0.019386095890250917
    },
    "SCHL_Grade 1_relative_bias": {
        "bias mean": Infinity,
        "bias sd": NaN,
        "wasserstein mean": 0.025759036737789186,
        "wasserstein sd": 0.018202482790949485
    },
    "SCHL_Grade 10_relative_bias": {
        "bias mean": 25.987620577397816,
        "bias sd": 27.882690711986314,
        "wasserstein mean": 0.02148832316106273,
        "wasserstein sd": 0.015404461519888927
    },
    "SCHL_Grade 11_relative_bias": {
        "bias mean": 17.986828057329436,
        "bias sd": 13.018402030514299,
        "wasserstein mean": 0.023284756026187754,
        "wasserstein sd": 0.017366226649161435
    },
    "SCHL_Grade 2_relative_bias": {
        "bias mean": -8579880964516012.0,
        "bias sd": 6.005916675161258e+16,
        "wasserstein mean": 0.02333868723063502,
        "wasserstein sd": 0.016929949065262993
    },
    "SCHL_Grade 3_relative_bias": {
        "bias mean": 39.102206432466694,
        "bias sd": 38.8322042888517,
        "wasserstein mean": 0.019172766595681276,
        "wasserstein sd": 0.01516763114110018
    },
    "SCHL_Grade 4_relative_bias": {
        "bias mean": 47.828846246214425,
        "bias sd": 34.277186417818974,
        "wasserstein mean": 0.020128384225092052,
        "wasserstein sd": 0.014094260726411794
    },
    "SCHL_Grade 5_relative_bias": {
        "bias mean": 63.69192849011508,
        "bias sd": 62.21961933638275,
        "wasserstein mean": 0.02570090928890862,
        "wasserstein sd": 0.01959567318827278
    },
    "SCHL_Grade 6_relative_bias": {
        "bias mean": 17.527974833713984,
        "bias sd": 13.545658529333986,
        "wasserstein mean": 0.02223705989559083,
        "wasserstein sd": 0.016986096604117054
    },
    "SCHL_Grade 7_relative_bias": {
        "bias mean": 47.079590584715355,
        "bias sd": 34.434999722755165,
        "wasserstein mean": 0.023917627935073522,
        "wasserstein sd": 0.017861145555734412
    },
    "SCHL_Grade 8_relative_bias": {
        "bias mean": 28.405774489051893,
        "bias sd": 20.652766574180102,
        "wasserstein mean": 0.022096775893706434,
        "wasserstein sd": 0.016887150234141744
    },
    "SCHL_Grade 9_relative_bias": {
        "bias mean": 20.186595399549862,
        "bias sd": 13.97278673500302,
        "wasserstein mean": 0.02150768592728847,
        "wasserstein sd": 0.015590678534636351
    },
    "SCHL_Kindergarten_relative_bias": {
        "bias mean": Infinity,
        "bias sd": NaN,
        "wasserstein mean": 0.018576628091030077,
        "wasserstein sd": 0.017367576713818392
    },
    "SCHL_Master's degree_relative_bias": {
        "bias mean": 8.8144442633635,
        "bias sd": 6.732568627804668,
        "wasserstein mean": 0.028796857784982578,
        "wasserstein sd": 0.020965985775884925
    },
    "SCHL_No schooling completed_relative_bias": {
        "bias mean": 18.361382934033458,
        "bias sd": 12.297259774881368,
        "wasserstein mean": 0.024773338818763382,
        "wasserstein sd": 0.01665215229025827
    },
    "SCHL_Nursery school, preschool_relative_bias": {
        "bias mean": 2.5765365665007664e+17,
        "bias sd": 4.936112517028931e+17,
        "wasserstein mean": 0.02102121279528029,
        "wasserstein sd": 0.020135992442049166
    },
    "SCHL_Professional degree beyond a bachelor's degree_relative_bias": {
        "bias mean": 15.703615107957779,
        "bias sd": 13.527545991223885,
        "wasserstein mean": 0.026512937776168,
        "wasserstein sd": 0.021056230730028092
    },