{
    "MMDs": {
        "mean": 0.05481407495465622,
        "sd": 0.004699203386137673
    },
    "auroc": {
        "mean": 0.7954148591784493,
        "sd": 0.02178209367776289
    },
    "auprc": {
        "mean": 0.7047609586547109,
        "sd": 0.03539346638608042
    },
    "remaining samples": {
        "mean": 2250.0,
        "sd": 0.0
    },
    "all_samples": 2250,
    "AGEP_relative_bias": {
        "bias mean": 0.8090368998183197,
        "bias sd": 0.6323174219151381,
        "wasserstein mean": 0.034076968745203995,
        "wasserstein sd": 0.01411855089421705
    },
    "WKHP_relative_bias": {
        "bias mean": 0.8808849898493153,
        "bias sd": 0.6725214330313114,
        "wasserstein mean": 0.04069632837018112,
        "wasserstein sd": 0.015097233366718739
    },
    "COW_Employee of a private for-profit company or business, or of an individual, for wages, salary, or commissions_relative_bias": {
        "bias mean": 1.7897029225932013,
        "bias sd": 1.3265231723435287,
        "wasserstein mean": 0.024599712009804695,
        "wasserstein sd": 0.018314571509259702
    },
    "COW_Employee of a private not-for-profit, tax-exempt, or charitable organization_relative_bias": {
        "bias mean": 9.11811285175901,
        "bias sd": 6.916003204602969,
        "wasserstein mean": 0.02479670120863715,
        "wasserstein sd": 0.018126852414095073
    },
    "COW_Federal government employee_relative_bias": {
        "bias mean": 13.695974963677527,
        "bias sd": 10.109814595707741,
        "wasserstein mean": 0.02217823653682999,
        "wasserstein sd": 0.016465990814135315
    },
    "COW_Local government employee (city, county, etc.)_relative_bias": {
        "bias mean": 8.82375037737716,
        "bias sd": 7.236578675719645,
        "wasserstein mean": 0.025521745054663886,
        "wasserstein sd": 0.019680260741167722
    },
    "COW_Self-employed in own incorporated business, professional practice or farm_relative_bias": {
        "bias mean": 12.50630872380213,
        "bias sd": 10.136965646252266,
        "wasserstein mean": 0.02441292487534591,
        "wasserstein sd": 0.01860357370041227
    },
    "COW_Self-employed in own not incorporated business, professional practice, or farm_relative_bias": {
        "bias mean": 7.473697811974754,
        "bias sd": 6.0405084072658894,
        "wasserstein mean": 0.02264582512593655,
        "wasserstein sd": 0.018110282796481966
    },
    "COW_State government employee_relative_bias": {
        "bias mean": 11.598524763602303,
        "bias sd": 9.0223631127064,
        "wasserstein mean": 0.02394623181075012,
        "wasserstein sd": 0.0175449284764091
    },
    "COW_Working without pay in family business or farm_relative_bias": {
        "bias mean": 100.0,
        "bias sd": 0.0,
        "wasserstein mean": 0.05528573098126901,
        "wasserstein sd": 0.019310510420311323
    },
    "SCHL_1 or more years of college credit, no degree_relative_bias": {
        "bias mean": 6.3081727153145515,
        "bias sd": 4.968324932830007,
        "wasserstein mean": 0.027458678263170628,
        "wasserstein sd": 0.020769891535729283
    },
    "SCHL_12th grade - no diploma_relative_bias": {
        "bias mean": 15.616685843338171,
        "bias sd": 11.313552891290627,
        "wasserstein mean": 0.024511004971157796,
        "wasserstein sd": 0.018848208544625135
    },
    "SCHL_Associate's degree_relative_bias": {
        "bias mean": 9.14430935388579,
        "bias sd": 7.495587649269697,
        "wasserstein mean": 0.026283857742048763,
        "wasserstein sd": 0.02033454513503991
    },
    "SCHL_Bachelor's degree_relative_bias": {
        "bias mean": 8.023888454234974,
        "bias sd": 5.078057008881823,
        "wasserstein mean": 0.044000742720805404,
        "wasserstein sd": 0.02681866960355074
    },
    "SCHL_Doctorate degree_relative_bias": {
        "bias mean": 17.728541892316077,
        "bias sd": 14.969674875352391,
        "wasserstein mean": 0.023452514158548782,
        "wasserstein sd": 0.01708818372431652
    },
    "SCHL_GED or alternative credential_relative_bias": {
        "bias mean": 17.193527172326334,
        "bias sd": 11.963082345656279,
        "wasserstein mean": 0.02583143376710261,
        "wasserstein sd": 0.01866942576107426
    },
    "SCHL_Grade 1_relative_bias": {
        "bias mean": 100.0,
        "bias sd": 0.0,
        "wasserstein mean": 0.0232008099066276,
        "wasserstein sd": 0.01975611441097589
    },
    "SCHL_Grade 10_relative_bias": {
        "bias mean": 95.2502105763893,
        "bias sd": 9.999345829025716,
        "wasserstein mean": 0.088281464957771,
        "wasserstein sd": 0.020831601788434805
    },
    "SCHL_Grade 11_relative_bias": {
        "bias mean": 22.381696753961762,
        "bias sd": 14.265609048762519,
        "wasserstein mean": 0.02985014099361264,
        "wasserstein sd": 0.021301926331993022
    },
    "SCHL_Grade 2_relative_bias": {
        "bias mean": 97.2,
        "bias sd": 16.497272501840964,
        "wasserstein mean": 0.03773557045126356,
        "wasserstein sd": 0.01905666424288048
    },
    "SCHL_Grade 3_relative_bias": {
        "bias mean": 100.0,
        "bias sd": 0.0,
        "wasserstein mean": 0.05372630087098943,
        "wasserstein sd": 0.018988941023160243
    },
    "SCHL_Grade 4_relative_bias": {
        "bias mean": 100.0,
        "bias sd": 0.0,
        "wasserstein mean": 0.04553738531863623,
        "wasserstein sd": 0.02011029702471597
    },
    "SCHL_Grade 5_relative_bias": {
        "bias mean": 100.0,
        "bias sd": 0.0,
        "wasserstein mean": 0.05171080562495675,
        "wasserstein sd": 0.019145317339806452
    },
    "SCHL_Grade 6_relative_bias": {
        "bias mean": 19.34318001479383,
        "bias sd": 13.51327261776313,
        "wasserstein mean": 0.02597233899827673,
        "wasserstein sd": 0.019445986835718316
    },
    "SCHL_Grade 7_relative_bias": {
        "bias mean": 100.0,
        "bias sd": 0.0,
        "wasserstein mean": 0.047938493338865615,
        "wasserstein sd": 0.019654827770275322
    },
    "SCHL_Grade 8_relative_bias": {
        "bias mean": 100.0,
        "bias sd": 0.0,
        "wasserstein mean": 0.07950297771883914,
        "wasserstein sd": 0.02007095212916899
    },
    "SCHL_Grade 9_relative_bias": {
        "bias mean": 27.811332082430184,
        "bias sd": 17.069911804409355,
        "wasserstein mean": 0.03129828143119516,
        "wasserstein sd": 0.021778797614001894
    },
    "SCHL_Kindergarten_relative_bias": {
        "bias mean": 100.0,
        "bias sd": 0.0,
        "wasserstein mean": 0.018449620952657564,
        "wasserstein sd": 0.019819949635237193
    },
    "SCHL_Master's degree_relative_bias": {
        "bias mean": 10.089040102446933,
        "bias sd": 6.8953472770292645,
        "wasserstein mean": 0.03298341469048485,
        "wasserstein sd": 0.021341069920363234
    },
    "SCHL_No schooling completed_relative_bias": {
        "bias mean": 21.76668227706158,
        "bias sd": 13.402170131705718,
        "wasserstein mean": 0.030437208129390207,
        "wasserstein sd": 0.021289801803717742
    },
    "SCHL_Nursery school, preschool_relative_bias": {
        "bias mean": 50.79999999999999,
        "bias sd": 49.99359959034748,
        "wasserstein mean": 0.01667994494582759,
        "wasserstein sd": 0.0194375874379096
    },
    "SCHL_Professional degree beyond a bachelor's degree_relative_bias": {
        "bias mean": 15.865745366661645,
        "bias sd": 13.301683234776757,
        "wasserstein mean": 0.026294857817973232,
        "wasserstein sd": 0.020178600329544785
    },
    "SCHL_Regular high school diploma_relative_bias": {
        "bias mean": 5.228291120168704,
        "bias sd": 4.066958618273114,
        "wasserstein mean": 0.023498759003242106,
        "wasserstein sd": 0.018149595644171235
    },