{
    "MMDs": {
        "mean": 0.05505048998519051,
        "sd": 0.0042999603364849235
    },
    "auroc": {
        "mean": 0.7918218538476853,
        "sd": 0.02045422068443172
    },
    "auprc": {
        "mean": 0.6131813567509308,
        "sd": 0.02004800697039564
    },
    "mse": {
        "mean": 1.188299394338684,
        "sd": 0.038187253891669805
    },
    "remaining samples": {
        "mean": 2250.0,
        "sd": 0.0
    },
    "all_samples": 2250,
    "AGEP_relative_bias": {
        "bias mean": 1.0898656077481361,
        "bias sd": 0.8929462455438845,
        "wasserstein mean": 0.040198338554582026,
        "wasserstein sd": 0.020668192682002987
    },
    "WKHP_relative_bias": {
        "bias mean": 1.1716069268852105,
        "bias sd": 0.6471597858154304,
        "wasserstein mean": 0.04815026066531646,
        "wasserstein sd": 0.010684175707038154
    },
    "COW_Employee of a private for-profit company or business, or of an individual, for wages, salary, or commissions_relative_bias": {
        "bias mean": 1.8957230044736242,
        "bias sd": 1.1954497295842894,
        "wasserstein mean": 0.0261937486950932,
        "wasserstein sd": 0.016638038106483344
    },
    "COW_Employee of a private not-for-profit, tax-exempt, or charitable organization_relative_bias": {
        "bias mean": 8.475365579287814,
        "bias sd": 6.940953784172223,
        "wasserstein mean": 0.022564380420548896,
        "wasserstein sd": 0.01736116420972114
    },
    "COW_Federal government employee_relative_bias": {
        "bias mean": 15.132247790557662,
        "bias sd": 9.690449137878058,
        "wasserstein mean": 0.02413296465477533,
        "wasserstein sd": 0.014073510329805762
    },
    "COW_Local government employee (city, county, etc.)_relative_bias": {
        "bias mean": 9.63119081435261,
        "bias sd": 7.48564954133756,
        "wasserstein mean": 0.027392431781897857,
        "wasserstein sd": 0.02034857666224203
    },
    "COW_Self-employed in own incorporated business, professional practice or farm_relative_bias": {
        "bias mean": 11.247158741982144,
        "bias sd": 9.915489269027393,
        "wasserstein mean": 0.022374813945703356,
        "wasserstein sd": 0.019562692262954425
    },
    "COW_Self-employed in own not incorporated business, professional practice, or farm_relative_bias": {
        "bias mean": 8.391186408911237,
        "bias sd": 5.737006168016833,
        "wasserstein mean": 0.025162204811129074,
        "wasserstein sd": 0.01691130115903784
    },
    "COW_State government employee_relative_bias": {
        "bias mean": 12.638068601784507,
        "bias sd": 8.741578562499386,
        "wasserstein mean": 0.02517232121923963,
        "wasserstein sd": 0.016282847331758457
    },
    "COW_Working without pay in family business or farm_relative_bias": {
        "bias mean": 100.0,
        "bias sd": 0.0,
        "wasserstein mean": 0.05130063794657831,
        "wasserstein sd": 0.015218809700018926
    },
    "SCHL_1 or more years of college credit, no degree_relative_bias": {
        "bias mean": 4.743287281531612,
        "bias sd": 5.021913285934758,
        "wasserstein mean": 0.02039602964132981,
        "wasserstein sd": 0.020969635019436335
    },
    "SCHL_12th grade - no diploma_relative_bias": {
        "bias mean": 15.44141437933558,
        "bias sd": 9.810881311547195,
        "wasserstein mean": 0.022935979338004567,
        "wasserstein sd": 0.01468226838268801
    },
    "SCHL_Associate's degree_relative_bias": {
        "bias mean": 7.330573680100239,
        "bias sd": 4.543419166718902,
        "wasserstein mean": 0.021896126013078165,
        "wasserstein sd": 0.013390504002604987
    },
    "SCHL_Bachelor's degree_relative_bias": {
        "bias mean": 9.428922728427803,
        "bias sd": 4.29391588741394,
        "wasserstein mean": 0.0519739433883595,
        "wasserstein sd": 0.02319496759061411
    },
    "SCHL_Doctorate degree_relative_bias": {
        "bias mean": 21.471477685270695,
        "bias sd": 15.65990537684825,
        "wasserstein mean": 0.028271183933290023,
        "wasserstein sd": 0.020344831234409742
    },
    "SCHL_GED or alternative credential_relative_bias": {
        "bias mean": 13.263809488219868,
        "bias sd": 10.423061905634434,
        "wasserstein mean": 0.019016836136489076,
        "wasserstein sd": 0.016053576726803513
    },
    "SCHL_Grade 1_relative_bias": {
        "bias mean": 100.0,
        "bias sd": 0.0,
        "wasserstein mean": 0.025664612728570395,
        "wasserstein sd": 0.019129272892430705
    },
    "SCHL_Grade 10_relative_bias": {
        "bias mean": 95.63783009216446,
        "bias sd": 9.220739413943225,
        "wasserstein mean": 0.08911607502584679,
        "wasserstein sd": 0.023023287827900266
    },
    "SCHL_Grade 11_relative_bias": {
        "bias mean": 22.834549568868297,
        "bias sd": 13.8235152129146,
        "wasserstein mean": 0.03019686540008103,
        "wasserstein sd": 0.019105312485095595
    },
    "SCHL_Grade 2_relative_bias": {
        "bias mean": 95.00000000000001,
        "bias sd": 21.79449471770337,
        "wasserstein mean": 0.036910511948876935,
        "wasserstein sd": 0.024371733473492672
    },
    "SCHL_Grade 3_relative_bias": {
        "bias mean": 100.0,
        "bias sd": 0.0,
        "wasserstein mean": 0.05371168544637796,
        "wasserstein sd": 0.018812924372957528
    },
    "SCHL_Grade 4_relative_bias": {
        "bias mean": 100.0,
        "bias sd": 0.0,
        "wasserstein mean": 0.0456806973101973,
        "wasserstein sd": 0.01876699804531887
    },
    "SCHL_Grade 5_relative_bias": {
        "bias mean": 100.0,
        "bias sd": 0.0,
        "wasserstein mean": 0.050453352831314524,
        "wasserstein sd": 0.01726948056630006
    },
    "SCHL_Grade 6_relative_bias": {
        "bias mean": 17.56402804823844,
        "bias sd": 12.157802720689904,
        "wasserstein mean": 0.024448476566811008,
        "wasserstein sd": 0.019110282997713297
    },
    "SCHL_Grade 7_relative_bias": {
        "bias mean": 100.0,
        "bias sd": 0.0,
        "wasserstein mean": 0.05287333824139566,
        "wasserstein sd": 0.02145077744166189
    },
    "SCHL_Grade 8_relative_bias": {
        "bias mean": 100.0,
        "bias sd": 0.0,
        "wasserstein mean": 0.08330538292729983,
        "wasserstein sd": 0.018854478437744928
    },
    "SCHL_Grade 9_relative_bias": {
        "bias mean": 26.478091634866512,
        "bias sd": 19.538464077573256,
        "wasserstein mean": 0.028927985470583274,
        "wasserstein sd": 0.025877525830619055
    },
    "SCHL_Kindergarten_relative_bias": {
        "bias mean": 100.0,
        "bias sd": 0.0,
        "wasserstein mean": 0.024398113350492412,
        "wasserstein sd": 0.0237817583245214
    },
    "SCHL_Master's degree_relative_bias": {
        "bias mean": 10.668460744473778,
        "bias sd": 6.263332880017629,
        "wasserstein mean": 0.0356748324280988,
        "wasserstein sd": 0.01988860849797256
    },
    "SCHL_No schooling completed_relative_bias": {
        "bias mean": 20.147495313952774,
        "bias sd": 10.976504405322682,
        "wasserstein mean": 0.02810440721334027,
        "wasserstein sd": 0.01884348074714595
    },
    "SCHL_Nursery school, preschool_relative_bias": {
        "bias mean": 24.999999999999996,
        "bias sd": 43.301270189221924,
        "wasserstein mean": 0.00806350929701619,
        "wasserstein sd": 0.015063438066855103
    },
    "SCHL_Professional degree beyond a bachelor's degree_relative_bias": {
        "bias mean": 13.908056163103248,
        "bias sd": 11.618581831344128,
        "wasserstein mean": 0.022708301503303073,
        "wasserstein sd": 0.01702488021938237
    },
    "SCHL_Regular high school diploma_relative_bias": {
        "bias mean": 5.664156817564267,
        "bias sd": 3.858132289128145,
        "wasserstein mean": 0.024980474290865452,