{
    "MMDs": {
        "mean": 0.05569825827777966,
        "sd": 0.00453092773610553
    },
    "auroc": {
        "mean": 0.8091806216358903,
        "sd": 0.012671983695615218
    },
    "auprc": {
        "mean": 0.7264324976622545,
        "sd": 0.022924830846535012
    },
    "remaining samples": {
        "mean": 2250.0,
        "sd": 0.0
    },
    "all_samples": 2250,
    "AGEP_relative_bias": {
        "bias mean": 0.9077409671908484,
        "bias sd": 0.5815451531860782,
        "wasserstein mean": 0.03573134556580602,
        "wasserstein sd": 0.012565438776395302
    },
    "WKHP_relative_bias": {
        "bias mean": 0.6859313794380236,
        "bias sd": 0.5712809847678266,
        "wasserstein mean": 0.03644727453001977,
        "wasserstein sd": 0.012220557974834505
    },
    "COW_Employee of a private for-profit company or business, or of an individual, for wages, salary, or commissions_relative_bias": {
        "bias mean": 1.863455263723946,
        "bias sd": 1.3507218242691972,
        "wasserstein mean": 0.025566219314593557,
        "wasserstein sd": 0.01849919441735436
    },
    "COW_Employee of a private not-for-profit, tax-exempt, or charitable organization_relative_bias": {
        "bias mean": 8.107955712701262,
        "bias sd": 7.051380063217734,
        "wasserstein mean": 0.021917205188187513,
        "wasserstein sd": 0.017849768521151273
    },
    "COW_Federal government employee_relative_bias": {
        "bias mean": 14.484995663695454,
        "bias sd": 9.960243272636388,
        "wasserstein mean": 0.02291441101289252,
        "wasserstein sd": 0.01478764259117788
    },
    "COW_Local government employee (city, county, etc.)_relative_bias": {
        "bias mean": 10.056400771592122,
        "bias sd": 8.144935543342443,
        "wasserstein mean": 0.0287657274676549,
        "wasserstein sd": 0.021678407671436927
    },
    "COW_Self-employed in own incorporated business, professional practice or farm_relative_bias": {
        "bias mean": 12.594153245002122,
        "bias sd": 10.374049217105894,
        "wasserstein mean": 0.024487545738223076,
        "wasserstein sd": 0.01775327652731532
    },
    "COW_Self-employed in own not incorporated business, professional practice, or farm_relative_bias": {
        "bias mean": 8.699476351330006,
        "bias sd": 6.272707562244257,
        "wasserstein mean": 0.02696280295357751,
        "wasserstein sd": 0.01981565184019764
    },
    "COW_State government employee_relative_bias": {
        "bias mean": 11.722676016744993,
        "bias sd": 9.305691354782603,
        "wasserstein mean": 0.023899922678415585,
        "wasserstein sd": 0.017513532867206007
    },
    "COW_Working without pay in family business or farm_relative_bias": {
        "bias mean": 100.0,
        "bias sd": 0.0,
        "wasserstein mean": 0.05933030301647756,
        "wasserstein sd": 0.019070998018285882
    },
    "SCHL_1 or more years of college credit, no degree_relative_bias": {
        "bias mean": 5.021348922395859,
        "bias sd": 4.502476462107579,
        "wasserstein mean": 0.022022927020343964,
        "wasserstein sd": 0.019378646491822457
    },
    "SCHL_12th grade - no diploma_relative_bias": {
        "bias mean": 18.05514555353947,
        "bias sd": 11.51295467750299,
        "wasserstein mean": 0.02920838781720974,
        "wasserstein sd": 0.019127104864315493
    },
    "SCHL_Associate's degree_relative_bias": {
        "bias mean": 10.311197455858737,
        "bias sd": 7.93439197523004,
        "wasserstein mean": 0.028850211308677584,
        "wasserstein sd": 0.020875469953361037
    },
    "SCHL_Bachelor's degree_relative_bias": {
        "bias mean": 9.519055321636491,
        "bias sd": 5.156544370450711,
        "wasserstein mean": 0.05169520395108644,
        "wasserstein sd": 0.027012304057687748
    },
    "SCHL_Doctorate degree_relative_bias": {
        "bias mean": 17.533497020310314,
        "bias sd": 15.276656810309346,
        "wasserstein mean": 0.023100595988259514,
        "wasserstein sd": 0.015697446348657357
    },
    "SCHL_GED or alternative credential_relative_bias": {
        "bias mean": 17.578309947715894,
        "bias sd": 11.78579587626443,
        "wasserstein mean": 0.026379883639781995,
        "wasserstein sd": 0.018702031150903565
    },
    "SCHL_Grade 1_relative_bias": {
        "bias mean": 100.0,
        "bias sd": 0.0,
        "wasserstein mean": 0.026349002401332394,
        "wasserstein sd": 0.024487860344678123
    },
    "SCHL_Grade 10_relative_bias": {
        "bias mean": 97.19930223428675,
        "bias sd": 5.396108822130016,
        "wasserstein mean": 0.0876828077360436,
        "wasserstein sd": 0.017948430599877375
    },
    "SCHL_Grade 11_relative_bias": {
        "bias mean": 23.218509593234717,
        "bias sd": 13.735617193796154,
        "wasserstein mean": 0.03113443649920481,
        "wasserstein sd": 0.02229380608586146
    },
    "SCHL_Grade 2_relative_bias": {
        "bias mean": 100.00000000000001,
        "bias sd": 1.582453808973134e-14,
        "wasserstein mean": 0.03951595985115101,
        "wasserstein sd": 0.0188982300120274
    },
    "SCHL_Grade 3_relative_bias": {
        "bias mean": 100.0,
        "bias sd": 0.0,
        "wasserstein mean": 0.05553861352278562,
        "wasserstein sd": 0.02112927425222835
    },
    "SCHL_Grade 4_relative_bias": {
        "bias mean": 100.0,
        "bias sd": 0.0,
        "wasserstein mean": 0.04657639725745628,
        "wasserstein sd": 0.02369799309780408
    },
    "SCHL_Grade 5_relative_bias": {
        "bias mean": 100.0,
        "bias sd": 0.0,
        "wasserstein mean": 0.052626728030202054,
        "wasserstein sd": 0.018452804634509497
    },
    "SCHL_Grade 6_relative_bias": {
        "bias mean": 18.350293884095798,
        "bias sd": 11.090491033161694,
        "wasserstein mean": 0.02424705445873236,
        "wasserstein sd": 0.016666766177260907
    },
    "SCHL_Grade 7_relative_bias": {
        "bias mean": 100.0,
        "bias sd": 0.0,
        "wasserstein mean": 0.05197162239541837,
        "wasserstein sd": 0.019092063499684314
    },
    "SCHL_Grade 8_relative_bias": {
        "bias mean": 100.0,
        "bias sd": 0.0,
        "wasserstein mean": 0.07707025610697428,
        "wasserstein sd": 0.021142490741630958
    },
    "SCHL_Grade 9_relative_bias": {
        "bias mean": 28.349234270215653,
        "bias sd": 17.114224602907875,
        "wasserstein mean": 0.03194419335551304,
        "wasserstein sd": 0.022080692834198157
    },
    "SCHL_Kindergarten_relative_bias": {
        "bias mean": 100.0,
        "bias sd": 0.0,
        "wasserstein mean": 0.017194860837489598,
        "wasserstein sd": 0.0190537647118135
    },
    "SCHL_Master's degree_relative_bias": {
        "bias mean": 8.72895946812729,
        "bias sd": 7.050585118545874,
        "wasserstein mean": 0.02926831655690533,
        "wasserstein sd": 0.021572575890883443
    },
    "SCHL_No schooling completed_relative_bias": {
        "bias mean": 19.55694495743328,
        "bias sd": 13.285738599781833,
        "wasserstein mean": 0.02900293754011289,
        "wasserstein sd": 0.022598654227357944
    },
    "SCHL_Nursery school, preschool_relative_bias": {
        "bias mean": 61.99999999999999,
        "bias sd": 48.53864439804639,
        "wasserstein mean": 0.022577826031645452,
        "wasserstein sd": 0.02233199647969483
    },
    "SCHL_Professional degree beyond a bachelor's degree_relative_bias": {
        "bias mean": 16.21708833530638,
        "bias sd": 12.073548924025305,
        "wasserstein mean": 0.027239331820813905,
        "wasserstein sd": 0.018916759883832342
    },
    "SCHL_Regular high school diploma_relative_bias": {
        "bias mean": 5.372807412202052,
        "bias sd": 3.9320350341413723,
        "wasserstein mean": 0.023922785322318615,
        "wasserstein sd": 0.01676521080955437
    },