{
    "MMDs": {
        "mean": 0.054738855489197435,
        "sd": 0.003925688469457796
    },
    "auroc": {
        "mean": 0.7886914332334419,
        "sd": 0.02625247432166909
    },
    "auprc": {
        "mean": 0.6967821509603473,
        "sd": 0.035285580857721065
    },
    "remaining samples": {
        "mean": 2250.0,
        "sd": 0.0
    },
    "all_samples": 2250,
    "AGEP_relative_bias": {
        "bias mean": 0.8557506110329992,
        "bias sd": 0.6998583026269781,
        "wasserstein mean": 0.03458611893569229,
        "wasserstein sd": 0.014640409552317506
    },
    "WKHP_relative_bias": {
        "bias mean": 0.8227518548433782,
        "bias sd": 0.6638724389413847,
        "wasserstein mean": 0.04124463412729343,
        "wasserstein sd": 0.01025634981194154
    },
    "COW_Employee of a private for-profit company or business, or of an individual, for wages, salary, or commissions_relative_bias": {
        "bias mean": 1.7182625953431117,
        "bias sd": 1.5253932017018417,
        "wasserstein mean": 0.023532351768861315,
        "wasserstein sd": 0.021068887260102368
    },
    "COW_Employee of a private not-for-profit, tax-exempt, or charitable organization_relative_bias": {
        "bias mean": 10.103864022130358,
        "bias sd": 6.2540313564401515,
        "wasserstein mean": 0.028611044454813876,
        "wasserstein sd": 0.018357078874162134
    },
    "COW_Federal government employee_relative_bias": {
        "bias mean": 13.827092140240262,
        "bias sd": 10.216713456542328,
        "wasserstein mean": 0.022998449195091548,
        "wasserstein sd": 0.017038072196366192
    },
    "COW_Local government employee (city, county, etc.)_relative_bias": {
        "bias mean": 8.429810500537318,
        "bias sd": 9.1880134599024,
        "wasserstein mean": 0.02384896966763688,
        "wasserstein sd": 0.023243250553404083
    },
    "COW_Self-employed in own incorporated business, professional practice or farm_relative_bias": {
        "bias mean": 13.622309743750936,
        "bias sd": 14.155114610674692,
        "wasserstein mean": 0.024846916151468272,
        "wasserstein sd": 0.022274347303074857
    },
    "COW_Self-employed in own not incorporated business, professional practice, or farm_relative_bias": {
        "bias mean": 9.570403878739853,
        "bias sd": 6.685498937883132,
        "wasserstein mean": 0.030017929244785007,
        "wasserstein sd": 0.02329762689437557
    },
    "COW_State government employee_relative_bias": {
        "bias mean": 11.416627540425694,
        "bias sd": 7.374278122571753,
        "wasserstein mean": 0.023573553555293215,
        "wasserstein sd": 0.01447874168148384
    },
    "COW_Working without pay in family business or farm_relative_bias": {
        "bias mean": 100.0,
        "bias sd": 0.0,
        "wasserstein mean": 0.050185406686870014,
        "wasserstein sd": 0.013273907037466948
    },
    "SCHL_1 or more years of college credit, no degree_relative_bias": {
        "bias mean": 7.306735128701334,
        "bias sd": 4.828782980584051,
        "wasserstein mean": 0.0317185176504297,
        "wasserstein sd": 0.020608763591499414
    },
    "SCHL_12th grade - no diploma_relative_bias": {
        "bias mean": 16.197444311056138,
        "bias sd": 11.818786204507438,
        "wasserstein mean": 0.02435014376732285,
        "wasserstein sd": 0.01772370910313582
    },
    "SCHL_Associate's degree_relative_bias": {
        "bias mean": 12.350965998297426,
        "bias sd": 9.264981464167963,
        "wasserstein mean": 0.034385996921547,
        "wasserstein sd": 0.0233464333610452
    },
    "SCHL_Bachelor's degree_relative_bias": {
        "bias mean": 6.225489586751297,
        "bias sd": 4.429328375790243,
        "wasserstein mean": 0.034236928259945995,
        "wasserstein sd": 0.023143110816682022
    },
    "SCHL_Doctorate degree_relative_bias": {
        "bias mean": 23.30420624781951,
        "bias sd": 14.451106749075532,
        "wasserstein mean": 0.03239174478794456,
        "wasserstein sd": 0.016762182993982837
    },
    "SCHL_GED or alternative credential_relative_bias": {
        "bias mean": 14.770338779758822,
        "bias sd": 9.406623539285585,
        "wasserstein mean": 0.02268756363079886,
        "wasserstein sd": 0.01619261590891946
    },
    "SCHL_Grade 1_relative_bias": {
        "bias mean": 100.0,
        "bias sd": 0.0,
        "wasserstein mean": 0.018820716000951306,
        "wasserstein sd": 0.019432931122135302
    },
    "SCHL_Grade 10_relative_bias": {
        "bias mean": 95.68380153993964,
        "bias sd": 8.08640331748036,
        "wasserstein mean": 0.08862856914496131,
        "wasserstein sd": 0.01595835440969893
    },
    "SCHL_Grade 11_relative_bias": {
        "bias mean": 24.965249961107105,
        "bias sd": 11.370389508982198,
        "wasserstein mean": 0.034407090335768914,
        "wasserstein sd": 0.018808036371455207
    },
    "SCHL_Grade 2_relative_bias": {
        "bias mean": 100.00000000000001,
        "bias sd": 1.6202867315927535e-14,
        "wasserstein mean": 0.05265175969178032,
        "wasserstein sd": 0.026652611040200832
    },
    "SCHL_Grade 3_relative_bias": {
        "bias mean": 100.0,
        "bias sd": 0.0,
        "wasserstein mean": 0.05517322790750403,
        "wasserstein sd": 0.016254527249486814
    },
    "SCHL_Grade 4_relative_bias": {
        "bias mean": 100.0,
        "bias sd": 0.0,
        "wasserstein mean": 0.04433714738930942,
        "wasserstein sd": 0.015377631712306406
    },
    "SCHL_Grade 5_relative_bias": {
        "bias mean": 100.0,
        "bias sd": 0.0,
        "wasserstein mean": 0.05511058540035898,
        "wasserstein sd": 0.01680982131061822
    },
    "SCHL_Grade 6_relative_bias": {
        "bias mean": 16.899276648767593,
        "bias sd": 7.919768902503245,
        "wasserstein mean": 0.02179178841715055,
        "wasserstein sd": 0.011245570214718224
    },
    "SCHL_Grade 7_relative_bias": {
        "bias mean": 100.0,
        "bias sd": 0.0,
        "wasserstein mean": 0.051233854885073274,
        "wasserstein sd": 0.01774792794571162
    },
    "SCHL_Grade 8_relative_bias": {
        "bias mean": 100.0,
        "bias sd": 0.0,
        "wasserstein mean": 0.07691693331631058,
        "wasserstein sd": 0.023502549575653932
    },
    "SCHL_Grade 9_relative_bias": {
        "bias mean": 23.972508207275222,
        "bias sd": 21.70966884570268,
        "wasserstein mean": 0.025518541051418254,
        "wasserstein sd": 0.02447073258580627
    },
    "SCHL_Kindergarten_relative_bias": {
        "bias mean": 100.0,
        "bias sd": 0.0,
        "wasserstein mean": 0.017427223821779976,
        "wasserstein sd": 0.027370544769848452
    },
    "SCHL_Master's degree_relative_bias": {
        "bias mean": 11.059454111229504,
        "bias sd": 5.9773288396881314,
        "wasserstein mean": 0.03665942523011871,
        "wasserstein sd": 0.018580699266018408
    },
    "SCHL_No schooling completed_relative_bias": {
        "bias mean": 21.874862344201787,
        "bias sd": 12.57047173795372,
        "wasserstein mean": 0.030891202399759198,
        "wasserstein sd": 0.022749191311428184
    },
    "SCHL_Nursery school, preschool_relative_bias": {
        "bias mean": 54.999999999999986,
        "bias sd": 49.74937185533099,
        "wasserstein mean": 0.01843087839318,
        "wasserstein sd": 0.018716645487171918
    },
    "SCHL_Professional degree beyond a bachelor's degree_relative_bias": {
        "bias mean": 16.519823274366463,
        "bias sd": 11.708081798807191,
        "wasserstein mean": 0.028368767530457816,
        "wasserstein sd": 0.01985575769646309
    },
    "SCHL_Regular high school diploma_relative_bias": {
        "bias mean": 5.172137837869149,
        "bias sd": 4.74717965969461,
        "wasserstein mean": 0.023298867672333905,
        "wasserstein sd": 0.021139836776293622
    },