{
    "MMDs": {
        "mean": 0.05441814500014396,
        "sd": 0.004638219930584805
    },
    "auroc": {
        "mean": 0.7954394337545311,
        "sd": 0.020967150617840064
    },
    "auprc": {
        "mean": 0.7066352419821397,
        "sd": 0.03195338172992857
    },
    "remaining samples": {
        "mean": 2250.0,
        "sd": 0.0
    },
    "all_samples": 2250,
    "AGEP_relative_bias": {
        "bias mean": 0.8171410315869306,
        "bias sd": 0.6382917202396395,
        "wasserstein mean": 0.03402273216881247,
        "wasserstein sd": 0.013501155460388138
    },
    "WKHP_relative_bias": {
        "bias mean": 0.8343031947389552,
        "bias sd": 0.6138078379406284,
        "wasserstein mean": 0.04002528929853821,
        "wasserstein sd": 0.012512271087151446
    },
    "COW_Employee of a private for-profit company or business, or of an individual, for wages, salary, or commissions_relative_bias": {
        "bias mean": 1.9500111298824845,
        "bias sd": 1.3518341230435191,
        "wasserstein mean": 0.026838086898294082,
        "wasserstein sd": 0.01874033204986363
    },
    "COW_Employee of a private not-for-profit, tax-exempt, or charitable organization_relative_bias": {
        "bias mean": 8.86347200742025,
        "bias sd": 6.598359642580562,
        "wasserstein mean": 0.024337605856135838,
        "wasserstein sd": 0.017855332774254395
    },
    "COW_Federal government employee_relative_bias": {
        "bias mean": 15.381937672516294,
        "bias sd": 10.676170646938253,
        "wasserstein mean": 0.024959340113064676,
        "wasserstein sd": 0.017676208564989308
    },
    "COW_Local government employee (city, county, etc.)_relative_bias": {
        "bias mean": 8.796623572088418,
        "bias sd": 7.400457125686041,
        "wasserstein mean": 0.0253659633561846,
        "wasserstein sd": 0.01981106703866598
    },
    "COW_Self-employed in own incorporated business, professional practice or farm_relative_bias": {
        "bias mean": 12.55885679152244,
        "bias sd": 11.373341511468869,
        "wasserstein mean": 0.02397481342887962,
        "wasserstein sd": 0.01958820623829676
    },
    "COW_Self-employed in own not incorporated business, professional practice, or farm_relative_bias": {
        "bias mean": 7.953915566423194,
        "bias sd": 6.145461441480776,
        "wasserstein mean": 0.02417832359801475,
        "wasserstein sd": 0.019306836423830888
    },
    "COW_State government employee_relative_bias": {
        "bias mean": 12.022957648629108,
        "bias sd": 8.199601715160407,
        "wasserstein mean": 0.02491431319622986,
        "wasserstein sd": 0.016007875041162467
    },
    "COW_Working without pay in family business or farm_relative_bias": {
        "bias mean": 100.0,
        "bias sd": 0.0,
        "wasserstein mean": 0.05724853799835555,
        "wasserstein sd": 0.01852761318912909
    },
    "SCHL_1 or more years of college credit, no degree_relative_bias": {
        "bias mean": 5.911993275699567,
        "bias sd": 4.3083227178184025,
        "wasserstein mean": 0.025866472078266773,
        "wasserstein sd": 0.018380372893161124
    },
    "SCHL_12th grade - no diploma_relative_bias": {
        "bias mean": 15.100977241353007,
        "bias sd": 10.039144391423045,
        "wasserstein mean": 0.02335728249090569,
        "wasserstein sd": 0.016671559456328217
    },
    "SCHL_Associate's degree_relative_bias": {
        "bias mean": 10.323652808250888,
        "bias sd": 7.845206695768844,
        "wasserstein mean": 0.02945384750582463,
        "wasserstein sd": 0.02090528993712998
    },
    "SCHL_Bachelor's degree_relative_bias": {
        "bias mean": 7.1771594918051695,
        "bias sd": 4.523101287222083,
        "wasserstein mean": 0.0396029234194542,
        "wasserstein sd": 0.02405102450053497
    },
    "SCHL_Doctorate degree_relative_bias": {
        "bias mean": 18.553438895391288,
        "bias sd": 14.664855116848717,
        "wasserstein mean": 0.024513359709855468,
        "wasserstein sd": 0.016487336129347364
    },
    "SCHL_GED or alternative credential_relative_bias": {
        "bias mean": 16.159153961307112,
        "bias sd": 11.032508515862874,
        "wasserstein mean": 0.02540205118961676,
        "wasserstein sd": 0.0195659578907668
    },
    "SCHL_Grade 1_relative_bias": {
        "bias mean": 100.0,
        "bias sd": 0.0,
        "wasserstein mean": 0.0196762030919038,
        "wasserstein sd": 0.0168294120217625
    },
    "SCHL_Grade 10_relative_bias": {
        "bias mean": 95.02899495211716,
        "bias sd": 10.667981827393069,
        "wasserstein mean": 0.08686867291496517,
        "wasserstein sd": 0.022762473384876674
    },
    "SCHL_Grade 11_relative_bias": {
        "bias mean": 22.405958167634623,
        "bias sd": 13.396297963961755,
        "wasserstein mean": 0.030087187271504313,
        "wasserstein sd": 0.02021930956508751
    },
    "SCHL_Grade 2_relative_bias": {
        "bias mean": 99.0,
        "bias sd": 9.949874371066201,
        "wasserstein mean": 0.04179572676564027,
        "wasserstein sd": 0.021514400488602856
    },
    "SCHL_Grade 3_relative_bias": {
        "bias mean": 100.0,
        "bias sd": 0.0,
        "wasserstein mean": 0.05203091161608334,
        "wasserstein sd": 0.019007920209483983
    },
    "SCHL_Grade 4_relative_bias": {
        "bias mean": 100.0,
        "bias sd": 0.0,
        "wasserstein mean": 0.043262307452598944,
        "wasserstein sd": 0.018790708998119996
    },
    "SCHL_Grade 5_relative_bias": {
        "bias mean": 100.0,
        "bias sd": 0.0,
        "wasserstein mean": 0.05185052260202793,
        "wasserstein sd": 0.018657369434090458
    },
    "SCHL_Grade 6_relative_bias": {
        "bias mean": 18.685385147358744,
        "bias sd": 13.523662579294374,
        "wasserstein mean": 0.024972868606809563,
        "wasserstein sd": 0.01944381244673058
    },
    "SCHL_Grade 7_relative_bias": {
        "bias mean": 100.0,
        "bias sd": 0.0,
        "wasserstein mean": 0.05049608737472824,
        "wasserstein sd": 0.019664234297326617
    },
    "SCHL_Grade 8_relative_bias": {
        "bias mean": 100.0,
        "bias sd": 0.0,
        "wasserstein mean": 0.07753022447896565,
        "wasserstein sd": 0.019582347768558765
    },
    "SCHL_Grade 9_relative_bias": {
        "bias mean": 27.156453376633298,
        "bias sd": 17.01815321469471,
        "wasserstein mean": 0.030404714157656918,
        "wasserstein sd": 0.021491508337582944
    },
    "SCHL_Kindergarten_relative_bias": {
        "bias mean": 100.0,
        "bias sd": 0.0,
        "wasserstein mean": 0.01998321664897418,
        "wasserstein sd": 0.022292319074843758
    },
    "SCHL_Master's degree_relative_bias": {
        "bias mean": 10.678706990047385,
        "bias sd": 6.445477598909547,
        "wasserstein mean": 0.035266189400492746,
        "wasserstein sd": 0.020106952332143296
    },
    "SCHL_No schooling completed_relative_bias": {
        "bias mean": 20.644426130060943,
        "bias sd": 14.235438289615036,
        "wasserstein mean": 0.02815507621673002,
        "wasserstein sd": 0.020844087753278027
    },
    "SCHL_Nursery school, preschool_relative_bias": {
        "bias mean": 56.99999999999999,
        "bias sd": 49.50757517794625,
        "wasserstein mean": 0.019813194272668432,
        "wasserstein sd": 0.02008986881073931
    },
    "SCHL_Professional degree beyond a bachelor's degree_relative_bias": {
        "bias mean": 16.53605981237874,
        "bias sd": 12.922742937146072,
        "wasserstein mean": 0.027544943836364494,
        "wasserstein sd": 0.020005856157308207
    },
    "SCHL_Regular high school diploma_relative_bias": {
        "bias mean": 5.2577612976571935,
        "bias sd": 4.271419167648365,
        "wasserstein mean": 0.02358171034032627,
        "wasserstein sd": 0.018901181796710374
    },