{"MMDs": {"mean": 0.047960591776574954, "sd": 0.007637200552005955}, "auroc": {"mean": 0.6764021936005927, "sd": 0.07581021978670477}, "auprc": {"mean": 0.7748630487322011, "sd": 0.047238247916188685}, "remaining samples": {"mean": 216.0, "sd": 0.0}, "all_samples": 216, "Dependents_relative_bias": {"bias mean": 4.577602140945195, "bias sd": 2.8662482764129424, "wasserstein mean": 0.04857164502909493, "wasserstein sd": 0.017085630409914048}, "ApplicantIncome_relative_bias": {"bias mean": 11.955108266044927, "bias sd": 5.038028739522573, "wasserstein mean": 0.13282942822293722, "wasserstein sd": 0.04677176694350279}, "CoapplicantIncome_relative_bias": {"bias mean": 13.63230271292721, "bias sd": 7.55697328650735, "wasserstein mean": 0.12457755144825564, "wasserstein sd": 0.02785221582251616}, "LoanAmount_relative_bias": {"bias mean": 5.633607797124467, "bias sd": 2.5688200136688026, "wasserstein mean": 0.1377020845828646, "wasserstein sd": 0.03195532749693545}, "Loan_Amount_Term_relative_bias": {"bias mean": 1.1503297212711214, "bias sd": 0.5092698852194483, "wasserstein mean": 0.08026225420442391, "wasserstein sd": 0.024075260713701134}, "Credit_History_relative_bias": {"bias mean": 1.7561142394895068, "bias sd": 1.207892842519449, "wasserstein mean": 0.042143327710021765, "wasserstein sd": 0.028124977419944384}, "Loan_Status_relative_bias": {"bias mean": 4.1251559257545845, "bias sd": 3.2751154327341045, "wasserstein mean": 0.02838156435002522, "wasserstein sd": 0.022149326741604122}, "Gender_Male_relative_bias": {"bias mean": 1.5413246271342036, "bias sd": 1.3406949508990322, "wasserstein mean": 0.03269968828646553, "wasserstein sd": 0.028458995140058375}, "Married_Yes_relative_bias": {"bias mean": 2.3831780468316515, "bias sd": 1.448507980148758, "wasserstein mean": 0.031951721327176816, "wasserstein sd": 0.019193510203723122}, "Education_Not Graduate_relative_bias": {"bias mean": 6.0603750641037175, "bias sd": 3.8465798641681253, "wasserstein mean": 0.030469793774621244, "wasserstein sd": 0.019511398682928453}, "Self_Employed_Yes_relative_bias": {"bias mean": 9.461206656858907, "bias sd": 5.313100893796673, "wasserstein mean": 0.0375464948191963, "wasserstein sd": 0.023878528164981875}, "Property_Area_Semiurban_relative_bias": {"bias mean": 5.399499335476701, "bias sd": 3.7289019867680295, "wasserstein mean": 0.043172453810156816, "wasserstein sd": 0.028825423436430794}, "Property_Area_Urban_relative_bias": {"bias mean": 5.18989586205168, "bias sd": 3.599433148677393, "wasserstein mean": 0.03526039588533958, "wasserstein sd": 0.024210309818278746}}