{
    "MMDs": {
        "mean": 0.03896386367965291,
        "sd": 0.004727182782864992
    },
    "auroc": {
        "mean": 0.6879290454775706,
        "sd": 0.048081213464286836
    },
    "auprc": {
        "mean": 0.7794375824882287,
        "sd": 0.03243713948834756
    },
    "remaining samples": {
        "mean": 216.0,
        "sd": 0.0
    },
    "all_samples": 216,
    "Dependents_relative_bias": {
        "bias mean": 2.529305397815046,
        "bias sd": 1.6676029723144024,
        "wasserstein mean": 0.03216169906238445,
        "wasserstein sd": 0.012474941414582913
    },
    "ApplicantIncome_relative_bias": {
        "bias mean": 8.514270569834256,
        "bias sd": 2.403561142991835,
        "wasserstein mean": 0.1073486607875745,
        "wasserstein sd": 0.030667050430344723
    },
    "CoapplicantIncome_relative_bias": {
        "bias mean": 11.352611099804403,
        "bias sd": 5.070564895883964,
        "wasserstein mean": 0.09258297617454028,
        "wasserstein sd": 0.029591869687293403
    },
    "LoanAmount_relative_bias": {
        "bias mean": 3.882632975851286,
        "bias sd": 1.3728204528988819,
        "wasserstein mean": 0.10207624213898137,
        "wasserstein sd": 0.021166350000803167
    },
    "Loan_Amount_Term_relative_bias": {
        "bias mean": 0.8297897155317264,
        "bias sd": 0.5716335838974849,
        "wasserstein mean": 0.06437314292568277,
        "wasserstein sd": 0.02867243027130106
    },
    "Credit_History_relative_bias": {
        "bias mean": 1.089430390449893,
        "bias sd": 0.6689818128371275,
        "wasserstein mean": 0.026123780979162247,
        "wasserstein sd": 0.015854881385694457
    },
    "Loan_Status_relative_bias": {
        "bias mean": 5.498420003312577,
        "bias sd": 4.304320778452653,
        "wasserstein mean": 0.037175410542708384,
        "wasserstein sd": 0.028335904604025523
    },
    "Gender_Male_relative_bias": {
        "bias mean": 0.9624154425152055,
        "bias sd": 0.710359844781742,
        "wasserstein mean": 0.020352245354161632,
        "wasserstein sd": 0.014970073156345349
    },
    "Married_Yes_relative_bias": {
        "bias mean": 1.257226942917224,
        "bias sd": 1.2588850109025294,
        "wasserstein mean": 0.01672601245120933,
        "wasserstein sd": 0.0163146623493795
    },
    "Education_Not Graduate_relative_bias": {
        "bias mean": 4.675273747479927,
        "bias sd": 3.441047573587089,
        "wasserstein mean": 0.02311813479214277,
        "wasserstein sd": 0.016731628080814725
    },
    "Self_Employed_Yes_relative_bias": {
        "bias mean": 7.153725730025414,
        "bias sd": 4.160822271011636,
        "wasserstein mean": 0.029176803638076104,
        "wasserstein sd": 0.017762497242223712
    },
    "Property_Area_Semiurban_relative_bias": {
        "bias mean": 2.492640407077622,
        "bias sd": 1.6662360744823907,
        "wasserstein mean": 0.020727486165695256,
        "wasserstein sd": 0.014211401282902082
    },
    "Property_Area_Urban_relative_bias": {
        "bias mean": 3.0931405418096825,
        "bias sd": 2.816585605434917,
        "wasserstein mean": 0.0198483116196215,
        "wasserstein sd": 0.016299700550324637
    }
}