{
    "MMDs": {
        "mean": 0.1320405460703666,
        "sd": 0.020514040935787334
    },
    "auroc": {
        "mean": 0.5775650692074341,
        "sd": 0.08571499776961504
    },
    "auprc": {
        "mean": 0.7087682688993324,
        "sd": 0.02262071191097446
    },
    "mse": {
        "mean": 0.0,
        "sd": 0.0
    },
    "remaining samples": {
        "mean": 90.85,
        "sd": 3.731956591387418
    },
    "all_samples": 87,
    "Dependents_relative_bias": {
        "bias mean": 14.502525413197754,
        "bias sd": 7.361655657370943,
        "wasserstein mean": 0.1181339090121816,
        "wasserstein sd": 0.05330939202686086
    },
    "ApplicantIncome_relative_bias": {
        "bias mean": 11.582797076626491,
        "bias sd": 9.720344464800574,
        "wasserstein mean": 0.16894896010968966,
        "wasserstein sd": 0.06586611986850231
    },
    "CoapplicantIncome_relative_bias": {
        "bias mean": 15.137307824128527,
        "bias sd": 8.605262036549945,
        "wasserstein mean": 0.18241267172071854,
        "wasserstein sd": 0.04797863187768521
    },
    "LoanAmount_relative_bias": {
        "bias mean": 5.08700258822625,
        "bias sd": 3.216351229749923,
        "wasserstein mean": 0.14360151745324728,
        "wasserstein sd": 0.04074760096955006
    },
    "Loan_Amount_Term_relative_bias": {
        "bias mean": 1.95098690386761,
        "bias sd": 1.13214086915627,
        "wasserstein mean": 0.13417042352098188,
        "wasserstein sd": 0.050562901752381144
    },
    "Credit_History_relative_bias": {
        "bias mean": 24.54922279793272,
        "bias sd": 4.773962340315074,
        "wasserstein mean": 0.5966630163502401,
        "wasserstein sd": 0.12313440898945188
    },
    "Loan_Status_relative_bias": {
        "bias mean": 73.58024187102805,
        "bias sd": 2.3993994806282934,
        "wasserstein mean": 0.5102606761019317,
        "wasserstein sd": 0.029475233399622398
    },
    "Gender_Male_relative_bias": {
        "bias mean": 6.062653840412624,
        "bias sd": 4.424507436073166,
        "wasserstein mean": 0.13165490782844474,
        "wasserstein sd": 0.09841802376559954
    },
    "Married_Yes_relative_bias": {
        "bias mean": 10.888169800570031,
        "bias sd": 5.306327303404359,
        "wasserstein mean": 0.14973442263565845,
        "wasserstein sd": 0.07429939550587535
    },
    "Education_Not Graduate_relative_bias": {
        "bias mean": 22.93313158287803,
        "bias sd": 16.22065668462762,
        "wasserstein mean": 0.11319350995155039,
        "wasserstein sd": 0.07544177233167201
    },
    "Self_Employed_Yes_relative_bias": {
        "bias mean": 23.575996937260662,
        "bias sd": 18.28862502169325,
        "wasserstein mean": 0.09224095334567199,
        "wasserstein sd": 0.0633776068920113
    },
    "Property_Area_Semiurban_relative_bias": {
        "bias mean": 18.138232040429408,
        "bias sd": 12.629269637904942,
        "wasserstein mean": 0.15209648097920173,
        "wasserstein sd": 0.11272860813504079
    },
    "Property_Area_Urban_relative_bias": {
        "bias mean": 14.195574021758535,
        "bias sd": 11.550577063220365,
        "wasserstein mean": 0.0950090401362885,
        "wasserstein sd": 0.07573405282024921
    }
}