{
    "MMDs": {
        "mean": 0.060490046851408116,
        "sd": 0.010472531467204171
    },
    "auroc": {
        "mean": 0.7039349925715738,
        "sd": 0.027624310252179284
    },
    "auprc": {
        "mean": 0.7921250918800077,
        "sd": 0.021019205745413376
    },
    "remaining samples": {
        "mean": 198.36,
        "sd": 1.3965672200076873
    },
    "all_samples": 198,
    "Dependents_relative_bias": {
        "bias mean": 9.122670532327906,
        "bias sd": 5.812344348496253,
        "wasserstein mean": 0.08435632665226743,
        "wasserstein sd": 0.04125952747650624
    },
    "ApplicantIncome_relative_bias": {
        "bias mean": 6.8550177386636255,
        "bias sd": 4.578781640055138,
        "wasserstein mean": 0.12416037864123085,
        "wasserstein sd": 0.033193439518637936
    },
    "CoapplicantIncome_relative_bias": {
        "bias mean": 14.265350353163194,
        "bias sd": 10.830370037410107,
        "wasserstein mean": 0.13077738776476322,
        "wasserstein sd": 0.041431205847357745
    },
    "LoanAmount_relative_bias": {
        "bias mean": 3.8978380668472017,
        "bias sd": 2.82795621138812,
        "wasserstein mean": 0.12185780710720197,
        "wasserstein sd": 0.03928800632642397
    },
    "Loan_Amount_Term_relative_bias": {
        "bias mean": 1.5078319110970653,
        "bias sd": 1.0934081217974527,
        "wasserstein mean": 0.10885704301116672,
        "wasserstein sd": 0.0506490025426237
    },
    "Credit_History_relative_bias": {
        "bias mean": 3.426548471004716,
        "bias sd": 2.654230624003182,
        "wasserstein mean": 0.08347259764222999,
        "wasserstein sd": 0.06741407035381651
    },
    "Loan_Status_relative_bias": {
        "bias mean": 8.987213269589482,
        "bias sd": 5.724597478828381,
        "wasserstein mean": 0.06309609556577923,
        "wasserstein sd": 0.0420484083298039
    },
    "Gender_Male_relative_bias": {
        "bias mean": 4.342439858022428,
        "bias sd": 2.5224498193173086,
        "wasserstein mean": 0.09384161833258732,
        "wasserstein sd": 0.05511696285199865
    },
    "Married_Yes_relative_bias": {
        "bias mean": 5.782485154876179,
        "bias sd": 4.457748816265705,
        "wasserstein mean": 0.07903290705030287,
        "wasserstein sd": 0.06329306088510495
    },
    "Education_Not Graduate_relative_bias": {
        "bias mean": 14.303336604866349,
        "bias sd": 10.784663346456435,
        "wasserstein mean": 0.07183913897719345,
        "wasserstein sd": 0.05391443507416005
    },
    "Self_Employed_Yes_relative_bias": {
        "bias mean": 18.498281847747805,
        "bias sd": 17.206375638274537,
        "wasserstein mean": 0.06898404935024323,
        "wasserstein sd": 0.056401214412734484
    },
    "Property_Area_Semiurban_relative_bias": {
        "bias mean": 10.561385225163338,
        "bias sd": 6.477127102614072,
        "wasserstein mean": 0.08469460794899666,
        "wasserstein sd": 0.051598377156329846
    },
    "Property_Area_Urban_relative_bias": {
        "bias mean": 11.903373893023089,
        "bias sd": 7.621495268009894,
        "wasserstein mean": 0.08160725368582192,
        "wasserstein sd": 0.053976235786537166
    }
}