{
    "MMDs": {
        "mean": 0.008705512486436391,
        "sd": 0.000414641989240294
    },
    "auroc": {
        "mean": 0.6900184851816314,
        "sd": 0.07274950942513232
    },
    "auprc": {
        "mean": 0.3590550744968843,
        "sd": 0.0713153413631822
    },
    "remaining samples": {
        "mean": 2396.84,
        "sd": 4.0117826461561945
    },
    "all_samples": 2396,
    "city_development_index_relative_bias": {
        "bias mean": 0.02540870183739826,
        "bias sd": 0.01967888151872757,
        "wasserstein mean": 0.015227435788706221,
        "wasserstein sd": 0.005274319134888562
    },
    "experience_relative_bias": {
        "bias mean": 0.11672078612365874,
        "bias sd": 0.07879919226423818,
        "wasserstein mean": 0.017899311684468608,
        "wasserstein sd": 0.0053539421153035146
    },
    "training_hours_relative_bias": {
        "bias mean": 0.2138957388006353,
        "bias sd": 0.17919133550042865,
        "wasserstein mean": 0.02189590384865901,
        "wasserstein sd": 0.0053373188619582675
    },
    "target_relative_bias": {
        "bias mean": 19.39032855688854,
        "bias sd": 4.623187263716549,
        "wasserstein mean": 0.03255517426879317,
        "wasserstein sd": 0.008656188470692081
    },
    "gender_Male_relative_bias": {
        "bias mean": 0.07311474792936662,
        "bias sd": 0.05122570869170426,
        "wasserstein mean": 0.0022097777813754747,
        "wasserstein sd": 0.0015485959493949189
    },
    "gender_Other_relative_bias": {
        "bias mean": 1.9752685304006734,
        "bias sd": 1.423191250960106,
        "wasserstein mean": 0.0019117924590656863,
        "wasserstein sd": 0.001510722309818782
    },
    "relevent_experience_No relevent experience_relative_bias": {
        "bias mean": 0.5845218270540741,
        "bias sd": 0.44453327018305405,
        "wasserstein mean": 0.0021636463393407378,
        "wasserstein sd": 0.001614625086285567
    },
    "enrolled_university_Part time course_relative_bias": {
        "bias mean": 0.7159030527375192,
        "bias sd": 0.5742746039341563,
        "wasserstein mean": 0.0018217409179667335,
        "wasserstein sd": 0.001466788895482857
    },
    "enrolled_university_no_enrollment_relative_bias": {
        "bias mean": 0.07643800428322711,
        "bias sd": 0.05193616370727767,
        "wasserstein mean": 0.001802363114741217,
        "wasserstein sd": 0.00122469188538054
    },
    "education_level_Masters_relative_bias": {
        "bias mean": 0.27000983446356397,
        "bias sd": 0.23865264582250387,
        "wasserstein mean": 0.001660837809471156,
        "wasserstein sd": 0.0014802549674662634
    },
    "education_level_Phd_relative_bias": {
        "bias mean": 1.0783402940500841,
        "bias sd": 0.8853092760321806,
        "wasserstein mean": 0.001805335270076363,
        "wasserstein sd": 0.0014167281101919978
    },
    "major_discipline_Business Degree_relative_bias": {
        "bias mean": 1.4699863966214317,
        "bias sd": 1.24864037167835,
        "wasserstein mean": 0.002125422839145864,
        "wasserstein sd": 0.0019658327784632633
    },
    "major_discipline_Humanities_relative_bias": {
        "bias mean": 0.7870589533984887,
        "bias sd": 0.7420804753681775,
        "wasserstein mean": 0.0016548237757295966,
        "wasserstein sd": 0.0016156767740897022
    },
    "major_discipline_No Major_relative_bias": {
        "bias mean": 2.0127033508122247,
        "bias sd": 1.4826866837718093,
        "wasserstein mean": 0.002280872563811791,
        "wasserstein sd": 0.001725716901451587
    },
    "major_discipline_Other_relative_bias": {
        "bias mean": 1.3971735657788662,
        "bias sd": 0.9865457060124467,
        "wasserstein mean": 0.002007717019284992,
        "wasserstein sd": 0.0014711317691041427
    },
    "major_discipline_STEM_relative_bias": {
        "bias mean": 0.07132206365381656,
        "bias sd": 0.05219871237601071,
        "wasserstein mean": 0.0020491475235647977,
        "wasserstein sd": 0.0014970148791113179
    },
    "company_size_100-500_relative_bias": {
        "bias mean": 0.3240409368577714,
        "bias sd": 0.24697514743127055,
        "wasserstein mean": 0.0016310591729381885,
        "wasserstein sd": 0.0012485232806200553
    },
    "company_size_1000-4999_relative_bias": {
        "bias mean": 0.5551233725573731,
        "bias sd": 0.3624306004770527,
        "wasserstein mean": 0.0018602632859452365,
        "wasserstein sd": 0.0012194715657470147
    },
    "company_size_10000+_relative_bias": {
        "bias mean": 0.39959381424739776,
        "bias sd": 0.3690725850989098,
        "wasserstein mean": 0.00175184677630479,
        "wasserstein sd": 0.00163292962946155
    },
    "company_size_50-99_relative_bias": {
        "bias mean": 0.35441369397489064,
        "bias sd": 0.32041530064055007,
        "wasserstein mean": 0.0018932957215203633,
        "wasserstein sd": 0.0017240087294506778
    },
    "company_size_500-999_relative_bias": {
        "bias mean": 0.7888226890943391,
        "bias sd": 0.5959759580091908,
        "wasserstein mean": 0.0021108111928439736,
        "wasserstein sd": 0.0016056968076447427
    },
    "company_size_5000-9999_relative_bias": {
        "bias mean": 0.9129599452320981,
        "bias sd": 0.7489398514755953,
        "wasserstein mean": 0.0019873501641239546,
        "wasserstein sd": 0.0016445351501658788
    },
    "company_size_<10_relative_bias": {
        "bias mean": 0.609413841468367,
        "bias sd": 0.4297706230349326,
        "wasserstein mean": 0.0019777874813534683,
        "wasserstein sd": 0.001420049791797442
    },
    "company_type_Funded Startup_relative_bias": {
        "bias mean": 0.5775274178762085,
        "bias sd": 0.4646274918648442,
        "wasserstein mean": 0.0017947083978296122,
        "wasserstein sd": 0.0014386612439327815
    },
    "company_type_NGO_relative_bias": {
        "bias mean": 0.8464194255699252,
        "bias sd": 0.7105308776541667,
        "wasserstein mean": 0.0016790652451890114,
        "wasserstein sd": 0.0013952136358302424
    },
    "company_type_Other_relative_bias": {
        "bias mean": 2.213621373729814,
        "bias sd": 1.6220766915560365,
        "wasserstein mean": 0.0020935669377909125,
        "wasserstein sd": 0.0017780059754465409
    },
    "company_type_Public Sector_relative_bias": {
        "bias mean": 0.7477303840980558,
        "bias sd": 0.5701052762699619,
        "wasserstein mean": 0.0019538895413291984,
        "wasserstein sd": 0.0015723256118539855
    },
    "company_type_Pvt Ltd_relative_bias": {
        "bias mean": 0.09554889276016096,
        "bias sd": 0.06412457837544855,
        "wasserstein mean": 0.0016929232166643627,
        "wasserstein sd": 0.001135473527610489
    },
    "last_new_job_2_relative_bias": {
        "bias mean": 0.4071549850410915,
        "bias sd": 0.3343019330548858,
        "wasserstein mean": 0.0018848440864157187,
        "wasserstein sd": 0.0015774662528781796
    },
    "last_new_job_3_relative_bias": {
        "bias mean": 0.6397250989200226,
        "bias sd": 0.49202211988209044,
        "wasserstein mean": 0.0017351283370659995,
        "wasserstein sd": 0.0013692015899924997
    },
    "last_new_job_4_relative_bias": {
        "bias mean": 0.659222830484361,
        "bias sd": 0.44978338150711433,
        "wasserstein mean": 0.0017529895594926995,
        "wasserstein sd": 0.0011780276706611762
    },
    "last_new_job_>4_relative_bias": {
        "bias mean": 0.2997481959295722,
        "bias sd": 0.21523400176240165,
        "wasserstein mean": 0.0015703308186861536,
        "wasserstein sd": 0.0011158235357107867
    },
    "last_new_job_never_relative_bias": {
        "bias mean": 0.7645489053330539,
        "bias sd": 0.7305883071220607,
        "wasserstein mean": 0.0016469622575952555,
        "wasserstein sd": 0.0015832650314012017
    }
}