{
    "MMDs": {
        "mean": 0.006715204430272106,
        "sd": 0.0006652018773094334
    },
    "auroc": {
        "mean": 0.7924754860621718,
        "sd": 0.018075996327641706
    },
    "auprc": {
        "mean": 0.7091324698520565,
        "sd": 0.028134896565405403
    },
    "remaining samples": {
        "mean": 2228.52,
        "sd": 5.092111546303753
    },
    "all_samples": 2226,
    "AGEP_relative_bias": {
        "bias mean": 0.15999442872736355,
        "bias sd": 0.12137380722913615,
        "wasserstein mean": 0.023391210820202617,
        "wasserstein sd": 0.00497998904733889
    },
    "WKHP_relative_bias": {
        "bias mean": 0.12347302842632907,
        "bias sd": 0.09983495329565227,
        "wasserstein mean": 0.030665318335475672,
        "wasserstein sd": 0.00889963340247007
    },
    "COW_Employee of a private for-profit company or business, or of an individual, for wages, salary, or commissions_relative_bias": {
        "bias mean": 0.8116979198695188,
        "bias sd": 0.20507268232964657,
        "wasserstein mean": 0.011104572972963245,
        "wasserstein sd": 0.0027424229635808687
    },
    "COW_Employee of a private not-for-profit, tax-exempt, or charitable organization_relative_bias": {
        "bias mean": 1.260465451613907,
        "bias sd": 0.8977232403477234,
        "wasserstein mean": 0.0034875891455485052,
        "wasserstein sd": 0.00249400312231281
    },
    "COW_Federal government employee_relative_bias": {
        "bias mean": 2.7229282014206824,
        "bias sd": 1.747388638204586,
        "wasserstein mean": 0.004478800570419095,
        "wasserstein sd": 0.0028979461060601327
    },
    "COW_Local government employee (city, county, etc.)_relative_bias": {
        "bias mean": 1.3151220273084419,
        "bias sd": 0.898206362458918,
        "wasserstein mean": 0.003824284118366556,
        "wasserstein sd": 0.0026291784615276904
    },
    "COW_Self-employed in own incorporated business, professional practice or farm_relative_bias": {
        "bias mean": 2.5002128825390164,
        "bias sd": 1.5922450175679952,
        "wasserstein mean": 0.005180656254212856,
        "wasserstein sd": 0.0034133126439388124
    },
    "COW_Self-employed in own not incorporated business, professional practice, or farm_relative_bias": {
        "bias mean": 1.3832736204184892,
        "bias sd": 0.9400528051960613,
        "wasserstein mean": 0.0042969592445614765,
        "wasserstein sd": 0.003044134650161552
    },
    "COW_State government employee_relative_bias": {
        "bias mean": 2.167858308702807,
        "bias sd": 1.4553222483290136,
        "wasserstein mean": 0.004680599810063959,
        "wasserstein sd": 0.0032567459244938106
    },
    "COW_Working without pay in family business or farm_relative_bias": {
        "bias mean": 14.685010998142118,
        "bias sd": 8.378553820594451,
        "wasserstein mean": 0.007481605499782035,
        "wasserstein sd": 0.00475419549196557
    },
    "SCHL_1 or more years of college credit, no degree_relative_bias": {
        "bias mean": 1.2819990538019546,
        "bias sd": 0.7254126198991357,
        "wasserstein mean": 0.005625278093437304,
        "wasserstein sd": 0.0031589529169880975
    },
    "SCHL_12th grade - no diploma_relative_bias": {
        "bias mean": 3.80565530604428,
        "bias sd": 2.5316504821553893,
        "wasserstein mean": 0.005846488278875264,
        "wasserstein sd": 0.003926379834326046
    },
    "SCHL_Associate's degree_relative_bias": {
        "bias mean": 1.0078406883258975,
        "bias sd": 0.8124202544542398,
        "wasserstein mean": 0.0029114559533595895,
        "wasserstein sd": 0.002334733871073818
    },
    "SCHL_Bachelor's degree_relative_bias": {
        "bias mean": 1.0627183463730612,
        "bias sd": 0.5356442447936736,
        "wasserstein mean": 0.005969881936012382,
        "wasserstein sd": 0.002968273770323584
    },
    "SCHL_Doctorate degree_relative_bias": {
        "bias mean": 1.887224078516949,
        "bias sd": 1.4524924484252213,
        "wasserstein mean": 0.0027071661215888514,
        "wasserstein sd": 0.0021341487169082986
    },
    "SCHL_GED or alternative credential_relative_bias": {
        "bias mean": 4.2803314390455345,
        "bias sd": 3.2102955278133143,
        "wasserstein mean": 0.006438194895433918,
        "wasserstein sd": 0.00492925232220828
    },
    "SCHL_Grade 1_relative_bias": {
        "bias mean": Infinity,
        "bias sd": NaN,
        "wasserstein mean": 0.014660624661207513,
        "wasserstein sd": 0.014635016960876065
    },
    "SCHL_Grade 10_relative_bias": {
        "bias mean": 7.2508915446773905,
        "bias sd": 4.580859714910541,
        "wasserstein mean": 0.006685027067574517,
        "wasserstein sd": 0.004382795379638973
    },
    "SCHL_Grade 11_relative_bias": {
        "bias mean": 4.481921827012377,
        "bias sd": 2.4888103913905084,
        "wasserstein mean": 0.005806796477798727,
        "wasserstein sd": 0.0036265887174941717
    },
    "SCHL_Grade 2_relative_bias": {
        "bias mean": -380382688425577.6,
        "bias sd": 2662678818979191.0,
        "wasserstein mean": 0.009747908267732926,
        "wasserstein sd": 0.01262885975100091
    },
    "SCHL_Grade 3_relative_bias": {
        "bias mean": 10.034099976708529,
        "bias sd": 5.948016951207783,
        "wasserstein mean": 0.005765128086707189,
        "wasserstein sd": 0.004104522763374009
    },
    "SCHL_Grade 4_relative_bias": {
        "bias mean": 12.51095124353445,
        "bias sd": 9.127624178817953,
        "wasserstein mean": 0.005935813922309919,
        "wasserstein sd": 0.005005173856936906
    },
    "SCHL_Grade 5_relative_bias": {
        "bias mean": 8.914164574682033,
        "bias sd": 7.205780816350405,
        "wasserstein mean": 0.004610914570386522,
        "wasserstein sd": 0.004307115556025934
    },
    "SCHL_Grade 6_relative_bias": {
        "bias mean": 3.402707438183376,
        "bias sd": 2.503782996013593,
        "wasserstein mean": 0.004389875906782489,
        "wasserstein sd": 0.0034003305883126165
    },
    "SCHL_Grade 7_relative_bias": {
        "bias mean": 12.470477606631958,
        "bias sd": 14.045232404685532,
        "wasserstein mean": 0.006687436785437888,
        "wasserstein sd": 0.008239269842669955
    },
    "SCHL_Grade 8_relative_bias": {
        "bias mean": 8.023770560513102,
        "bias sd": 5.199415504238215,
        "wasserstein mean": 0.006315020965859774,
        "wasserstein sd": 0.004356120799459993
    },
    "SCHL_Grade 9_relative_bias": {
        "bias mean": 5.603495280733888,
        "bias sd": 3.962835069809317,
        "wasserstein mean": 0.00586569886507965,
        "wasserstein sd": 0.004235958028807688
    },
    "SCHL_Kindergarten_relative_bias": {
        "bias mean": Infinity,
        "bias sd": NaN,
        "wasserstein mean": 0.010150464746011252,
        "wasserstein sd": 0.0110285042304549
    },
    "SCHL_Master's degree_relative_bias": {
        "bias mean": 0.7618316042632799,
        "bias sd": 0.5149880779400835,
        "wasserstein mean": 0.0025400255928583275,
        "wasserstein sd": 0.0016812916178890888
    },
    "SCHL_No schooling completed_relative_bias": {
        "bias mean": 4.192964268766499,
        "bias sd": 2.6209895636758667,
        "wasserstein mean": 0.0058203389563980835,
        "wasserstein sd": 0.004150819912902144
    },
    "SCHL_Nursery school, preschool_relative_bias": {
        "bias mean": 1.4520601853010048e+16,
        "bias sd": 2.59264925065589e+16,
        "wasserstein mean": 0.009625795839404807,
        "wasserstein sd": 0.016328028963581022
    },
    "SCHL_Professional degree beyond a bachelor's degree_relative_bias": {
        "bias mean": 1.3473554773872989,
        "bias sd": 1.0050723568154682,
        "wasserstein mean": 0.002358890544869868,
        "wasserstein sd": 0.0017254845383015607
    },