{
    "MMDs": {
        "mean": 0.007312948579084791,
        "sd": 0.0007428498873537704
    },
    "auroc": {
        "mean": 0.5685100113131167,
        "sd": 0.07670704239027794
    },
    "auprc": {
        "mean": 0.4508460672582785,
        "sd": 0.02460957288957345
    },
    "mse": {
        "mean": 1.2530201658055433,
        "sd": 0.06319388778179982
    },
    "remaining samples": {
        "mean": 1513.7,
        "sd": 23.989789494699615
    },
    "all_samples": 1502,
    "AGEP_relative_bias": {
        "bias mean": 0.17497597805066092,
        "bias sd": 0.12863129279260568,
        "wasserstein mean": 0.029108170343923878,
        "wasserstein sd": 0.006187409955550308
    },
    "WKHP_relative_bias": {
        "bias mean": 0.18421908065346995,
        "bias sd": 0.12785603480824947,
        "wasserstein mean": 0.04298333229349404,
        "wasserstein sd": 0.012095237157876776
    },
    "COW_Employee of a private for-profit company or business, or of an individual, for wages, salary, or commissions_relative_bias": {
        "bias mean": 0.9466211200689603,
        "bias sd": 0.4218241679551925,
        "wasserstein mean": 0.012952525259504,
        "wasserstein sd": 0.005745047360331618
    },
    "COW_Employee of a private not-for-profit, tax-exempt, or charitable organization_relative_bias": {
        "bias mean": 1.3098420580174923,
        "bias sd": 0.9447372691013665,
        "wasserstein mean": 0.003665712855223078,
        "wasserstein sd": 0.0027527203587195412
    },
    "COW_Federal government employee_relative_bias": {
        "bias mean": 3.223652251204154,
        "bias sd": 1.83707661946336,
        "wasserstein mean": 0.00523218837345046,
        "wasserstein sd": 0.003165272982181133
    },
    "COW_Local government employee (city, county, etc.)_relative_bias": {
        "bias mean": 1.7078919876390626,
        "bias sd": 0.9053538821706469,
        "wasserstein mean": 0.00503937222970094,
        "wasserstein sd": 0.0027277500426847907
    },
    "COW_Self-employed in own incorporated business, professional practice or farm_relative_bias": {
        "bias mean": 2.9640506987507926,
        "bias sd": 1.468816827042741,
        "wasserstein mean": 0.006340865626405098,
        "wasserstein sd": 0.003263599267338529
    },
    "COW_Self-employed in own not incorporated business, professional practice, or farm_relative_bias": {
        "bias mean": 1.3256436217486711,
        "bias sd": 1.2325735836450058,
        "wasserstein mean": 0.004060944163045625,
        "wasserstein sd": 0.003753380902154053
    },
    "COW_State government employee_relative_bias": {
        "bias mean": 2.767145961227154,
        "bias sd": 1.9988332206225239,
        "wasserstein mean": 0.005890846479423245,
        "wasserstein sd": 0.0042599599334684785
    },
    "COW_Working without pay in family business or farm_relative_bias": {
        "bias mean": 14.453899791915688,
        "bias sd": 6.25335203004961,
        "wasserstein mean": 0.006758537979743356,
        "wasserstein sd": 0.0035686414278607043
    },
    "SCHL_1 or more years of college credit, no degree_relative_bias": {
        "bias mean": 1.761789166131311,
        "bias sd": 0.8384772332273467,
        "wasserstein mean": 0.007747055546157361,
        "wasserstein sd": 0.0035842959635958814
    },
    "SCHL_12th grade - no diploma_relative_bias": {
        "bias mean": 3.165390305942979,
        "bias sd": 2.203738855339975,
        "wasserstein mean": 0.004777644756966201,
        "wasserstein sd": 0.0034664723584238756
    },
    "SCHL_Associate's degree_relative_bias": {
        "bias mean": 1.1175475953543503,
        "bias sd": 0.535068795061551,
        "wasserstein mean": 0.003265714430926496,
        "wasserstein sd": 0.0015213435149631406
    },
    "SCHL_Bachelor's degree_relative_bias": {
        "bias mean": 0.774645335545651,
        "bias sd": 0.5132829091607551,
        "wasserstein mean": 0.0043062591514760554,
        "wasserstein sd": 0.002799853339935961
    },
    "SCHL_Doctorate degree_relative_bias": {
        "bias mean": 2.663486469709903,
        "bias sd": 1.7974599998638383,
        "wasserstein mean": 0.0038036288140257555,
        "wasserstein sd": 0.0025848781440659958
    },
    "SCHL_GED or alternative credential_relative_bias": {
        "bias mean": 4.200171929814322,
        "bias sd": 1.7711027999414855,
        "wasserstein mean": 0.005927319086347487,
        "wasserstein sd": 0.0027164812732481253
    },
    "SCHL_Grade 1_relative_bias": {
        "bias mean": Infinity,
        "bias sd": NaN,
        "wasserstein mean": 0.007314661956516195,
        "wasserstein sd": 0.008727593830766106
    },
    "SCHL_Grade 10_relative_bias": {
        "bias mean": 6.443078584208562,
        "bias sd": 4.986722060927227,
        "wasserstein mean": 0.0057414215157996435,
        "wasserstein sd": 0.0037537483716878475
    },
    "SCHL_Grade 11_relative_bias": {
        "bias mean": 4.73671022241936,
        "bias sd": 2.519126270467406,
        "wasserstein mean": 0.006484136481783864,
        "wasserstein sd": 0.004372965258929343
    },
    "SCHL_Grade 2_relative_bias": {
        "bias mean": 22.505692812778648,
        "bias sd": 22.462775945742543,
        "wasserstein mean": 0.00927228514042059,
        "wasserstein sd": 0.013306667470498723
    },
    "SCHL_Grade 3_relative_bias": {
        "bias mean": 7.6194607979315325,
        "bias sd": 6.06218938994021,
        "wasserstein mean": 0.004444941057004565,
        "wasserstein sd": 0.004514129338136418
    },
    "SCHL_Grade 4_relative_bias": {
        "bias mean": 16.44472480496117,
        "bias sd": 12.449231256795757,
        "wasserstein mean": 0.00706217316599137,
        "wasserstein sd": 0.005108580684128353
    },
    "SCHL_Grade 5_relative_bias": {
        "bias mean": 8.597896309263863,
        "bias sd": 5.271408511734893,
        "wasserstein mean": 0.005205202917780676,
        "wasserstein sd": 0.003971333044046891
    },
    "SCHL_Grade 6_relative_bias": {
        "bias mean": 2.3643340574761713,
        "bias sd": 1.907287685670498,
        "wasserstein mean": 0.00302528630341966,
        "wasserstein sd": 0.002468418914762442
    },
    "SCHL_Grade 7_relative_bias": {
        "bias mean": 13.135205821223911,
        "bias sd": 8.28111266560883,
        "wasserstein mean": 0.006887277070850314,
        "wasserstein sd": 0.00408516409910765
    },
    "SCHL_Grade 8_relative_bias": {
        "bias mean": 7.3270238407319805,
        "bias sd": 4.662921183965369,
        "wasserstein mean": 0.005766262188387125,
        "wasserstein sd": 0.004542888415221677
    },
    "SCHL_Grade 9_relative_bias": {
        "bias mean": 4.698979360962811,
        "bias sd": 2.453377816255343,
        "wasserstein mean": 0.004891033294971968,
        "wasserstein sd": 0.0026115614308002306
    },
    "SCHL_Kindergarten_relative_bias": {
        "bias mean": Infinity,
        "bias sd": NaN,
        "wasserstein mean": 0.0101042872111017,
        "wasserstein sd": 0.014426157316466704
    },
    "SCHL_Master's degree_relative_bias": {
        "bias mean": 1.0952074554062883,
        "bias sd": 0.677396194346738,
        "wasserstein mean": 0.003683565547910041,
        "wasserstein sd": 0.0022754965671134284
    },
    "SCHL_No schooling completed_relative_bias": {
        "bias mean": 2.9865680568776654,
        "bias sd": 1.6856326894816547,
        "wasserstein mean": 0.003992078413182433,
        "wasserstein sd": 0.0023039058032885366
    },
    "SCHL_Nursery school, preschool_relative_bias": {
        "bias mean": 5746697277717135.0,
        "bias sd": 1.7264710739263476e+16,
        "wasserstein mean": 0.015166917189138263,
        "wasserstein sd": 0.017150973220808847
    },
    "SCHL_Professional degree beyond a bachelor's degree_relative_bias": {
        "bias mean": 2.247546653270445,
        "bias sd": 1.309791587576789,
        "wasserstein mean": 0.0038279652682466107,