{
    "MMDs": {
        "mean": 0.006855612423229702,
        "sd": 0.0006503629943633173
    },
    "auroc": {
        "mean": 0.7801165742532176,
        "sd": 0.016977202736472526
    },
    "auprc": {
        "mean": 0.7025412085145917,
        "sd": 0.027258014991158527
    },
    "remaining samples": {
        "mean": 1956.92,
        "sd": 10.063478523850488
    },
    "all_samples": 1951,
    "AGEP_relative_bias": {
        "bias mean": 0.1807940799365025,
        "bias sd": 0.1319767798340348,
        "wasserstein mean": 0.024700093563702036,
        "wasserstein sd": 0.004598478755431682
    },
    "WKHP_relative_bias": {
        "bias mean": 0.12649566728779266,
        "bias sd": 0.0958181197651002,
        "wasserstein mean": 0.03264783773109142,
        "wasserstein sd": 0.009484660790847043
    },
    "COW_Employee of a private for-profit company or business, or of an individual, for wages, salary, or commissions_relative_bias": {
        "bias mean": 0.8621667108257423,
        "bias sd": 0.20540450042887984,
        "wasserstein mean": 0.01179561760454799,
        "wasserstein sd": 0.0027364245561765357
    },
    "COW_Employee of a private not-for-profit, tax-exempt, or charitable organization_relative_bias": {
        "bias mean": 1.4012841032607355,
        "bias sd": 0.9208313776067097,
        "wasserstein mean": 0.00388006428866787,
        "wasserstein sd": 0.0025676249537908385
    },
    "COW_Federal government employee_relative_bias": {
        "bias mean": 3.0538572231301107,
        "bias sd": 1.804594522443382,
        "wasserstein mean": 0.005041371703210553,
        "wasserstein sd": 0.003010850484153811
    },
    "COW_Local government employee (city, county, etc.)_relative_bias": {
        "bias mean": 1.3390027417803227,
        "bias sd": 0.931216692361699,
        "wasserstein mean": 0.0038815288152351172,
        "wasserstein sd": 0.002716128888259199
    },
    "COW_Self-employed in own incorporated business, professional practice or farm_relative_bias": {
        "bias mean": 2.6878976199437834,
        "bias sd": 1.6133575396747108,
        "wasserstein mean": 0.005552598806536025,
        "wasserstein sd": 0.00342876828272521
    },
    "COW_Self-employed in own not incorporated business, professional practice, or farm_relative_bias": {
        "bias mean": 1.4181160978522964,
        "bias sd": 0.9164842437505247,
        "wasserstein mean": 0.004401755799559386,
        "wasserstein sd": 0.0029740712944430563
    },
    "COW_State government employee_relative_bias": {
        "bias mean": 2.2872082835047363,
        "bias sd": 1.4952598743779797,
        "wasserstein mean": 0.004912825834341155,
        "wasserstein sd": 0.0033270574588937945
    },
    "COW_Working without pay in family business or farm_relative_bias": {
        "bias mean": 14.494679375563686,
        "bias sd": 8.409447040342984,
        "wasserstein mean": 0.0074300931279677514,
        "wasserstein sd": 0.0047518455377862905
    },
    "SCHL_1 or more years of college credit, no degree_relative_bias": {
        "bias mean": 1.3881137225188507,
        "bias sd": 0.753890303672929,
        "wasserstein mean": 0.006086788397603518,
        "wasserstein sd": 0.0032724918688469083
    },
    "SCHL_12th grade - no diploma_relative_bias": {
        "bias mean": 3.8084434566613607,
        "bias sd": 2.501518555244289,
        "wasserstein mean": 0.005855436547607531,
        "wasserstein sd": 0.0038988049066655274
    },
    "SCHL_Associate's degree_relative_bias": {
        "bias mean": 1.024569322609284,
        "bias sd": 0.7667527757983421,
        "wasserstein mean": 0.002960332950857859,
        "wasserstein sd": 0.002201150859635484
    },
    "SCHL_Bachelor's degree_relative_bias": {
        "bias mean": 1.0001212453725459,
        "bias sd": 0.5366946933075794,
        "wasserstein mean": 0.005615917743746776,
        "wasserstein sd": 0.0029667216201808284
    },
    "SCHL_Doctorate degree_relative_bias": {
        "bias mean": 2.2446333047903715,
        "bias sd": 1.5732309942730158,
        "wasserstein mean": 0.003234494473785303,
        "wasserstein sd": 0.0023753452024388093
    },
    "SCHL_GED or alternative credential_relative_bias": {
        "bias mean": 4.293557496689766,
        "bias sd": 3.2370201407738683,
        "wasserstein mean": 0.006452599764106637,
        "wasserstein sd": 0.0049752635502948025
    },
    "SCHL_Grade 1_relative_bias": {
        "bias mean": Infinity,
        "bias sd": NaN,
        "wasserstein mean": 0.01470078176294163,
        "wasserstein sd": 0.014552645479395505
    },
    "SCHL_Grade 10_relative_bias": {
        "bias mean": 7.21994313925537,
        "bias sd": 4.5086128117016155,
        "wasserstein mean": 0.006655626574362043,
        "wasserstein sd": 0.004342445464131311
    },
    "SCHL_Grade 11_relative_bias": {
        "bias mean": 4.364516604033849,
        "bias sd": 2.4797460261525544,
        "wasserstein mean": 0.005659761319734083,
        "wasserstein sd": 0.003601028643099192
    },
    "SCHL_Grade 2_relative_bias": {
        "bias mean": -364779697226354.9,
        "bias sd": 2553457880584635.5,
        "wasserstein mean": 0.009828890097997358,
        "wasserstein sd": 0.012568830592350047
    },
    "SCHL_Grade 3_relative_bias": {
        "bias mean": 10.108167492582849,
        "bias sd": 6.0153038817819695,
        "wasserstein mean": 0.005828875560190381,
        "wasserstein sd": 0.00415840573917116
    },
    "SCHL_Grade 4_relative_bias": {
        "bias mean": 12.590772555624142,
        "bias sd": 8.995613830976517,
        "wasserstein mean": 0.005957684456054563,
        "wasserstein sd": 0.004942377270435845
    },
    "SCHL_Grade 5_relative_bias": {
        "bias mean": 8.827675357306676,
        "bias sd": 7.187625651234678,
        "wasserstein mean": 0.004574471071953298,
        "wasserstein sd": 0.004283539543476331
    },
    "SCHL_Grade 6_relative_bias": {
        "bias mean": 3.3250724321098506,
        "bias sd": 2.4822335041480064,
        "wasserstein mean": 0.004300195891927085,
        "wasserstein sd": 0.0033634301067597076
    },
    "SCHL_Grade 7_relative_bias": {
        "bias mean": 12.435020095561878,
        "bias sd": 14.089668733134168,
        "wasserstein mean": 0.006667517437539318,
        "wasserstein sd": 0.008254688109027892
    },
    "SCHL_Grade 8_relative_bias": {
        "bias mean": 8.006881185383445,
        "bias sd": 5.214118045673777,
        "wasserstein mean": 0.006307683394183965,
        "wasserstein sd": 0.004357118431476541
    },
    "SCHL_Grade 9_relative_bias": {
        "bias mean": 5.658628627237455,
        "bias sd": 4.049148060583523,
        "wasserstein mean": 0.005931480776361237,
        "wasserstein sd": 0.004369697014888622
    },
    "SCHL_Kindergarten_relative_bias": {
        "bias mean": Infinity,
        "bias sd": NaN,
        "wasserstein mean": 0.010495371211682057,
        "wasserstein sd": 0.010872499105715014
    },
    "SCHL_Master's degree_relative_bias": {
        "bias mean": 0.6939533191120524,
        "bias sd": 0.5652999963138091,
        "wasserstein mean": 0.0023180482297621946,
        "wasserstein sd": 0.0018688676031385519
    },
    "SCHL_No schooling completed_relative_bias": {
        "bias mean": 4.061305993960273,
        "bias sd": 2.5748837989659132,
        "wasserstein mean": 0.0056382033051325855,
        "wasserstein sd": 0.004048997774954438
    },
    "SCHL_Nursery school, preschool_relative_bias": {
        "bias mean": 1.7862864555146102e+16,
        "bias sd": 4.2058362679776104e+16,
        "wasserstein mean": 0.010109960776371638,
        "wasserstein sd": 0.01637432094796757
    },
    "SCHL_Professional degree beyond a bachelor's degree_relative_bias": {
        "bias mean": 1.5292277375244876,
        "bias sd": 1.1611728394043657,
        "wasserstein mean": 0.002690518294697329,
        "wasserstein sd": 0.002046913922139505
    },