{
    "MMDs": {
        "mean": 0.006501386587219254,
        "sd": 0.00034095227474448107
    },
    "auroc": {
        "mean": 0.7285109891810926,
        "sd": 0.012054327233847082
    },
    "auprc": {
        "mean": 0.3910817545817423,
        "sd": 0.018916093867390116
    },
    "remaining samples": {
        "mean": 1978.16,
        "sd": 4.085878118593358
    },
    "all_samples": 1980,
    "city_development_index_relative_bias": {
        "bias mean": 0.044033337212746514,
        "bias sd": 0.03331791927552732,
        "wasserstein mean": 0.01147556221647668,
        "wasserstein sd": 0.0027983800735530058
    },
    "experience_relative_bias": {
        "bias mean": 0.1774441124064349,
        "bias sd": 0.14259273756353716,
        "wasserstein mean": 0.011481686890217896,
        "wasserstein sd": 0.002071440744967566
    },
    "training_hours_relative_bias": {
        "bias mean": 0.3190628343501026,
        "bias sd": 0.23611982960241656,
        "wasserstein mean": 0.018701490291594968,
        "wasserstein sd": 0.003245105695412843
    },
    "target_relative_bias": {
        "bias mean": 18.511143996636076,
        "bias sd": 6.396268310336538,
        "wasserstein mean": 0.030591100075300668,
        "wasserstein sd": 0.009938785563939895
    },
    "gender_Male_relative_bias": {
        "bias mean": 0.10784847887098276,
        "bias sd": 0.07425528418735824,
        "wasserstein mean": 0.003260427645312082,
        "wasserstein sd": 0.0022428357706344043
    },
    "gender_Other_relative_bias": {
        "bias mean": 6.056817065753867,
        "bias sd": 5.009549818311348,
        "wasserstein mean": 0.005535455193623965,
        "wasserstein sd": 0.004761874265704884
    },
    "relevent_experience_No relevent experience_relative_bias": {
        "bias mean": 0.8470855761680738,
        "bias sd": 0.7919599585775166,
        "wasserstein mean": 0.0031755179558127134,
        "wasserstein sd": 0.003002051411078225
    },
    "enrolled_university_Part time course_relative_bias": {
        "bias mean": 1.2434722842190777,
        "bias sd": 0.9188790575369914,
        "wasserstein mean": 0.0031572508673801975,
        "wasserstein sd": 0.002354568559892777
    },
    "enrolled_university_no_enrollment_relative_bias": {
        "bias mean": 0.13472314757191944,
        "bias sd": 0.113517480888406,
        "wasserstein mean": 0.003174399975928327,
        "wasserstein sd": 0.002666049321371882
    },
    "education_level_Masters_relative_bias": {
        "bias mean": 0.4046283319787246,
        "bias sd": 0.3215595705529111,
        "wasserstein mean": 0.0024854556026116547,
        "wasserstein sd": 0.001960744283488367
    },
    "education_level_Phd_relative_bias": {
        "bias mean": 2.0906142889935624,
        "bias sd": 1.5063148768649977,
        "wasserstein mean": 0.003464447925835747,
        "wasserstein sd": 0.002316112899728137
    },
    "major_discipline_Business Degree_relative_bias": {
        "bias mean": 3.0246523981273117,
        "bias sd": 2.5179799499944466,
        "wasserstein mean": 0.004222902303284138,
        "wasserstein sd": 0.0033975277964173986
    },
    "major_discipline_Humanities_relative_bias": {
        "bias mean": 1.4541393856675275,
        "bias sd": 1.0580926149218368,
        "wasserstein mean": 0.0029880573101779516,
        "wasserstein sd": 0.0021104554664654095
    },
    "major_discipline_No Major_relative_bias": {
        "bias mean": 4.1918404662524615,
        "bias sd": 2.908169254243422,
        "wasserstein mean": 0.004753595021624435,
        "wasserstein sd": 0.0038425113594830656
    },
    "major_discipline_Other_relative_bias": {
        "bias mean": 3.1211568868422064,
        "bias sd": 2.138443950778535,
        "wasserstein mean": 0.0043963695552224815,
        "wasserstein sd": 0.0029477538168375165
    },
    "major_discipline_STEM_relative_bias": {
        "bias mean": 0.11320687614878526,
        "bias sd": 0.09289489834920783,
        "wasserstein mean": 0.003252876279975019,
        "wasserstein sd": 0.0026651283726394563
    },
    "company_size_100-500_relative_bias": {
        "bias mean": 0.5437208662774516,
        "bias sd": 0.3455201483322569,
        "wasserstein mean": 0.0027419454235925117,
        "wasserstein sd": 0.001744280071180197
    },
    "company_size_1000-4999_relative_bias": {
        "bias mean": 0.9603872133651831,
        "bias sd": 0.8007138739636379,
        "wasserstein mean": 0.003169975762934495,
        "wasserstein sd": 0.002585355175376585
    },
    "company_size_10000+_relative_bias": {
        "bias mean": 0.6466304561435624,
        "bias sd": 0.4637078776753156,
        "wasserstein mean": 0.0028247797699483958,
        "wasserstein sd": 0.0020322113409720396
    },
    "company_size_50-99_relative_bias": {
        "bias mean": 0.4011047258651872,
        "bias sd": 0.32478939071602686,
        "wasserstein mean": 0.0021392634716482636,
        "wasserstein sd": 0.0017330809666503012
    },
    "company_size_500-999_relative_bias": {
        "bias mean": 1.224161967300833,
        "bias sd": 0.8905368351301249,
        "wasserstein mean": 0.003252771853746246,
        "wasserstein sd": 0.002339735663942641
    },
    "company_size_5000-9999_relative_bias": {
        "bias mean": 1.8802114339938176,
        "bias sd": 1.350586353625609,
        "wasserstein mean": 0.004078807672947399,
        "wasserstein sd": 0.0030202418077657596
    },
    "company_size_<10_relative_bias": {
        "bias mean": 1.0156197717493456,
        "bias sd": 0.7494623510694625,
        "wasserstein mean": 0.003278367161536068,
        "wasserstein sd": 0.0024470036179453595
    },
    "company_type_Funded Startup_relative_bias": {
        "bias mean": 0.882229353051359,
        "bias sd": 0.6812213658042438,
        "wasserstein mean": 0.002718718997993304,
        "wasserstein sd": 0.0020928144328368798
    },
    "company_type_NGO_relative_bias": {
        "bias mean": 1.727645768205234,
        "bias sd": 1.5051047481455926,
        "wasserstein mean": 0.0034297871267612895,
        "wasserstein sd": 0.0029942120845977377
    },
    "company_type_Other_relative_bias": {
        "bias mean": 7.063526364732833,
        "bias sd": 4.825672800653218,
        "wasserstein mean": 0.006163795075586405,
        "wasserstein sd": 0.003906665531570111
    },
    "company_type_Public Sector_relative_bias": {
        "bias mean": 1.0594365676812236,
        "bias sd": 0.7991637092773428,
        "wasserstein mean": 0.002729216645424709,
        "wasserstein sd": 0.002031097902508929
    },
    "company_type_Pvt Ltd_relative_bias": {
        "bias mean": 0.18467667285124953,
        "bias sd": 0.15625236939951628,
        "wasserstein mean": 0.003271539187404028,
        "wasserstein sd": 0.0027671806863656854
    },
    "last_new_job_2_relative_bias": {
        "bias mean": 0.4637436956535539,
        "bias sd": 0.4794358324098002,
        "wasserstein mean": 0.002150625547388264,
        "wasserstein sd": 0.0023184726203868775
    },
    "last_new_job_3_relative_bias": {
        "bias mean": 1.1221629916478157,
        "bias sd": 0.8131506648511988,
        "wasserstein mean": 0.0030486595936427808,
        "wasserstein sd": 0.002263042609704558
    },
    "last_new_job_4_relative_bias": {
        "bias mean": 1.4439225078635893,
        "bias sd": 0.9610164322208168,
        "wasserstein mean": 0.0038824978530878074,
        "wasserstein sd": 0.002554913659125907
    },
    "last_new_job_>4_relative_bias": {
        "bias mean": 0.3938285250099658,
        "bias sd": 0.33963020150433854,
        "wasserstein mean": 0.002081723384493233,
        "wasserstein sd": 0.0017923409486745397
    },
    "last_new_job_never_relative_bias": {
        "bias mean": 1.8252436392736422,
        "bias sd": 1.22373086674273,
        "wasserstein mean": 0.0038400761765310875,
        "wasserstein sd": 0.0025107459638762882
    }
}