{"MMDs": {"mean": 0.0286574696211368, "sd": 0.0042890159843084795}, "auroc": {"mean": 0.7007389750160337, "sd": 0.08169939313407507}, "auprc": {"mean": 0.3610245938336137, "sd": 0.08209410781657839}, "remaining samples": {"mean": 2250.0, "sd": 0.0}, "all_samples": 2250, "city_development_index_relative_bias": {"bias mean": 0.056752624122763294, "bias sd": 0.040693383461337274, "wasserstein mean": 0.01611371608951757, "wasserstein sd": 0.0039688109447036345}, "experience_relative_bias": {"bias mean": 0.2244378345550025, "bias sd": 0.18066497235989884, "wasserstein mean": 0.020722260197895158, "wasserstein sd": 0.004805394363147768}, "training_hours_relative_bias": {"bias mean": 0.31364643048429575, "bias sd": 0.25497332708101883, "wasserstein mean": 0.025105127602399042, "wasserstein sd": 0.00597494509535105}, "target_relative_bias": {"bias mean": 6.321282268508566, "bias sd": 4.7544091317211254, "wasserstein mean": 0.010278225060334658, "wasserstein sd": 0.007536580738448785}, "gender_Male_relative_bias": {"bias mean": 0.8697099153844091, "bias sd": 0.15267953016741131, "wasserstein mean": 0.02630413586873291, "wasserstein sd": 0.004560401115798185}, "gender_Other_relative_bias": {"bias mean": 100.0, "bias sd": 0.0, "wasserstein mean": 0.09466084993988913, "wasserstein sd": 0.02053217306362474}, "relevent_experience_No relevent experience_relative_bias": {"bias mean": 4.808899318177293, "bias sd": 0.940573513644549, "wasserstein mean": 0.017873500661209307, "wasserstein sd": 0.003479473984177868}, "enrolled_university_Part time course_relative_bias": {"bias mean": 2.9765231786295696, "bias sd": 1.2259634927800322, "wasserstein mean": 0.007397740819933357, "wasserstein sd": 0.0030615444468766093}, "enrolled_university_no_enrollment_relative_bias": {"bias mean": 0.20778208315167, "bias sd": 0.11861594783091146, "wasserstein mean": 0.004913533003796727, "wasserstein sd": 0.0027994992211302252}, "education_level_Masters_relative_bias": {"bias mean": 0.6230912308860698, "bias sd": 0.5481925211759269, "wasserstein mean": 0.0038347032734746354, "wasserstein sd": 0.0033876641978802134}, "education_level_Phd_relative_bias": {"bias mean": 8.62849457858079, "bias sd": 2.4863852891445744, "wasserstein mean": 0.01465150808631793, "wasserstein sd": 0.004444334391152333}, "major_discipline_Business Degree_relative_bias": {"bias mean": 72.57360180311287, "bias sd": 36.61006553921167, "wasserstein mean": 0.10202080996387154, "wasserstein sd": 0.052963710531978715}, "major_discipline_Humanities_relative_bias": {"bias mean": 3.9949942648374064, "bias sd": 1.6220959319194275, "wasserstein mean": 0.008274136097882365, "wasserstein sd": 0.0033651891308211675}, "major_discipline_No Major_relative_bias": {"bias mean": 100.0, "bias sd": 0.0, "wasserstein mean": 0.10880651612427901, "wasserstein sd": 0.016586867051869215}, "major_discipline_Other_relative_bias": {"bias mean": 40.49587790949665, "bias sd": 31.72726495133514, "wasserstein mean": 0.05716011190496051, "wasserstein sd": 0.04592641419590365}, "major_discipline_STEM_relative_bias": {"bias mean": 2.084467389678119, "bias sd": 0.38959581079344474, "wasserstein mean": 0.05998642917603499, "wasserstein sd": 0.01115899184792115}, "company_size_100-500_relative_bias": {"bias mean": 0.6060451786203348, "bias sd": 0.6159971525175246, "wasserstein mean": 0.0030116531127449236, "wasserstein sd": 0.0030187385807510054}, "company_size_1000-4999_relative_bias": {"bias mean": 2.5505202406285705, "bias sd": 0.9944590176566985, "wasserstein mean": 0.008738732987399285, "wasserstein sd": 0.0034646607292287586}, "company_size_10000+_relative_bias": {"bias mean": 0.6245312902245321, "bias sd": 0.46333688919510063, "wasserstein mean": 0.002743081090390081, "wasserstein sd": 0.002027247802297433}, "company_size_50-99_relative_bias": {"bias mean": 0.7718205500556461, "bias sd": 0.7292781059814436, "wasserstein mean": 0.0041300190567510695, "wasserstein sd": 0.003905341550123982}, "company_size_500-999_relative_bias": {"bias mean": 1.2196648969358233, "bias sd": 0.7625434032430946, "wasserstein mean": 0.0032135303687204683, "wasserstein sd": 0.001995207315246542}, "company_size_5000-9999_relative_bias": {"bias mean": 4.146018548609149, "bias sd": 1.6237036416733401, "wasserstein mean": 0.008817725631759383, "wasserstein sd": 0.003432955240442177}, "company_size_<10_relative_bias": {"bias mean": 1.655745971064229, "bias sd": 0.9676726533070438, "wasserstein mean": 0.005335808532518171, "wasserstein sd": 0.0031278722316964154}, "company_type_Funded Startup_relative_bias": {"bias mean": 0.6949740662439625, "bias sd": 0.5393855127870567, "wasserstein mean": 0.0021627021375174842, "wasserstein sd": 0.001685854337239644}, "company_type_NGO_relative_bias": {"bias mean": 6.988325074896234, "bias sd": 1.7265604775998515, "wasserstein mean": 0.014176393595065008, "wasserstein sd": 0.0037103287618765537}, "company_type_Other_relative_bias": {"bias mean": 100.0, "bias sd": 0.0, "wasserstein mean": 0.09069942416197074, "wasserstein sd": 0.019069901908887486}, "company_type_Public Sector_relative_bias": {"bias mean": 3.4567945716134263, "bias sd": 1.488836664353918, "wasserstein mean": 0.008973877396286037, "wasserstein sd": 0.004000275061024974}, "company_type_Pvt Ltd_relative_bias": {"bias mean": 1.154272981709286, "bias sd": 0.23576868310831262, "wasserstein mean": 0.020469407088440455, "wasserstein sd": 0.004145579009087086}, "last_new_job_2_relative_bias": {"bias mean": 0.48906592971054486, "bias sd": 0.45001050645149765, "wasserstein mean": 0.002283313796968399, "wasserstein sd": 0.002094441689367529}, "last_new_job_3_relative_bias": {"bias mean": 1.9324876784048561, "bias sd": 1.0036261040959429, "wasserstein mean": 0.005224790922389443, "wasserstein sd": 0.0027415511670564026}, "last_new_job_4_relative_bias": {"bias mean": 1.0223874154222665, "bias sd": 0.788463248335709, "wasserstein mean": 0.002734836744665078, "wasserstein sd": 0.0020844036064853098}, "last_new_job_>4_relative_bias": {"bias mean": 1.1760040233717983, "bias sd": 0.6334898366037475, "wasserstein mean": 0.006228181387425379, "wasserstein sd": 0.003367842031388995}, "last_new_job_never_relative_bias": {"bias mean": 3.2003606480893483, "bias sd": 1.514066132579863, "wasserstein mean": 0.0066597511688001, "wasserstein sd": 0.0032294245805784745}}