{"MMDs": {"mean": 0.029363073214606517, "sd": 0.005023748097626246}, "auroc": {"mean": 0.6951926320685963, "sd": 0.08460750252934451}, "auprc": {"mean": 0.3557162664944053, "sd": 0.08379372534472593}, "remaining samples": {"mean": 2250.0, "sd": 0.0}, "all_samples": 2250, "city_development_index_relative_bias": {"bias mean": 0.064331248235368, "bias sd": 0.044196418469715434, "wasserstein mean": 0.016244759535039253, "wasserstein sd": 0.004094851702510967}, "experience_relative_bias": {"bias mean": 0.18595744910344478, "bias sd": 0.16235170904656268, "wasserstein mean": 0.020247239971167542, "wasserstein sd": 0.004771397164305822}, "training_hours_relative_bias": {"bias mean": 0.30784413205718547, "bias sd": 0.256943071493399, "wasserstein mean": 0.02490579587485594, "wasserstein sd": 0.005529230501887151}, "target_relative_bias": {"bias mean": 6.022658234897747, "bias sd": 4.387057672971948, "wasserstein mean": 0.009909891756749055, "wasserstein sd": 0.007195794175433565}, "gender_Male_relative_bias": {"bias mean": 0.8756821784510992, "bias sd": 0.14857931812172265, "wasserstein mean": 0.026481028710112337, "wasserstein sd": 0.0044275365860975795}, "gender_Other_relative_bias": {"bias mean": 100.0, "bias sd": 0.0, "wasserstein mean": 0.09471250661107043, "wasserstein sd": 0.017624144160723876}, "relevent_experience_No relevent experience_relative_bias": {"bias mean": 4.810061526385357, "bias sd": 0.9048833431687727, "wasserstein mean": 0.01797072764582047, "wasserstein sd": 0.003491618140488504}, "enrolled_university_Part time course_relative_bias": {"bias mean": 2.9467779737060327, "bias sd": 1.1803869631424933, "wasserstein mean": 0.007370621813806846, "wasserstein sd": 0.002971707096366455}, "enrolled_university_no_enrollment_relative_bias": {"bias mean": 0.20452279957549446, "bias sd": 0.11527166336905548, "wasserstein mean": 0.004833012716137697, "wasserstein sd": 0.0027239011792636394}, "education_level_Masters_relative_bias": {"bias mean": 0.5579673293688848, "bias sd": 0.4895417548497858, "wasserstein mean": 0.003425126362538822, "wasserstein sd": 0.0030069922687178704}, "education_level_Phd_relative_bias": {"bias mean": 8.44223324166107, "bias sd": 2.4001893854660334, "wasserstein mean": 0.014396686048492934, "wasserstein sd": 0.004428963146689487}, "major_discipline_Business Degree_relative_bias": {"bias mean": 75.73179265208744, "bias sd": 35.41511190691117, "wasserstein mean": 0.1057929574927011, "wasserstein sd": 0.05147944558710795}, "major_discipline_Humanities_relative_bias": {"bias mean": 3.8853062801394063, "bias sd": 1.6278203055599323, "wasserstein mean": 0.008146645004366408, "wasserstein sd": 0.0034134053536401753}, "major_discipline_No Major_relative_bias": {"bias mean": 100.0, "bias sd": 0.0, "wasserstein mean": 0.11165715326521183, "wasserstein sd": 0.017038564241519817}, "major_discipline_Other_relative_bias": {"bias mean": 45.76976633571247, "bias sd": 34.92496724793206, "wasserstein mean": 0.06561072645586971, "wasserstein sd": 0.051786360438523756}, "major_discipline_STEM_relative_bias": {"bias mean": 2.165610300596391, "bias sd": 0.457496007958384, "wasserstein mean": 0.06225556510711495, "wasserstein sd": 0.013022363002429715}, "company_size_100-500_relative_bias": {"bias mean": 0.6023148621146694, "bias sd": 0.579968187839884, "wasserstein mean": 0.003027721725964714, "wasserstein sd": 0.0028969613839276323}, "company_size_1000-4999_relative_bias": {"bias mean": 2.465403639418949, "bias sd": 0.9358845342680315, "wasserstein mean": 0.00839082752039032, "wasserstein sd": 0.0032221620239819802}, "company_size_10000+_relative_bias": {"bias mean": 0.638190693709706, "bias sd": 0.5162486942236778, "wasserstein mean": 0.0028133027405851103, "wasserstein sd": 0.0022693508318787346}, "company_size_50-99_relative_bias": {"bias mean": 0.6831113052953024, "bias sd": 0.6606909032966738, "wasserstein mean": 0.0036501788925415845, "wasserstein sd": 0.003528189076127311}, "company_size_500-999_relative_bias": {"bias mean": 1.1611126111560757, "bias sd": 0.818959224934648, "wasserstein mean": 0.003084984016496173, "wasserstein sd": 0.0021911444255063466}, "company_size_5000-9999_relative_bias": {"bias mean": 4.055217057964, "bias sd": 1.5876339505685673, "wasserstein mean": 0.008665984518788559, "wasserstein sd": 0.0034593666662925335}, "company_size_<10_relative_bias": {"bias mean": 1.6282968075270676, "bias sd": 0.9257949070048931, "wasserstein mean": 0.005216219551077334, "wasserstein sd": 0.002964617424846105}, "company_type_Funded Startup_relative_bias": {"bias mean": 0.7120432431365228, "bias sd": 0.5411667167927867, "wasserstein mean": 0.0022156009317672812, "wasserstein sd": 0.00169762611195829}, "company_type_NGO_relative_bias": {"bias mean": 7.003941247280413, "bias sd": 1.8142474044903991, "wasserstein mean": 0.01424029765519981, "wasserstein sd": 0.003911409172270229}, "company_type_Other_relative_bias": {"bias mean": 100.0, "bias sd": 0.0, "wasserstein mean": 0.0891676116650132, "wasserstein sd": 0.016982105146467384}, "company_type_Public Sector_relative_bias": {"bias mean": 3.262065060996369, "bias sd": 1.6641007264729544, "wasserstein mean": 0.008465768412916904, "wasserstein sd": 0.00438107828383651}, "company_type_Pvt Ltd_relative_bias": {"bias mean": 1.1344018041712272, "bias sd": 0.20883646317086915, "wasserstein mean": 0.020107164189882575, "wasserstein sd": 0.0036655877635874286}, "last_new_job_2_relative_bias": {"bias mean": 0.5498695791995525, "bias sd": 0.4124530604707912, "wasserstein mean": 0.002542776761566719, "wasserstein sd": 0.0019157152703938275}, "last_new_job_3_relative_bias": {"bias mean": 2.0930054675167273, "bias sd": 1.01642207144885, "wasserstein mean": 0.005677542046628113, "wasserstein sd": 0.0027951636964825785}, "last_new_job_4_relative_bias": {"bias mean": 1.0381866600731868, "bias sd": 0.7740171030551147, "wasserstein mean": 0.0027907492062376033, "wasserstein sd": 0.0020880417844589025}, "last_new_job_>4_relative_bias": {"bias mean": 1.082363899177753, "bias sd": 0.6098342528233056, "wasserstein mean": 0.005748969654008379, "wasserstein sd": 0.0032508153825563557}, "last_new_job_never_relative_bias": {"bias mean": 3.4427693698423374, "bias sd": 1.4744153249532241, "wasserstein mean": 0.00715109938091637, "wasserstein sd": 0.0031213155647143486}}