{
    "MMDs": {
        "mean": 0.025970685367374922,
        "sd": 0.002706915559148141
    },
    "auroc": {
        "mean": 0.5224169783291688,
        "sd": 0.06729902358386709
    },
    "auprc": {
        "mean": 0.1668,
        "sd": 0.006041191935371695
    },
    "mse": {
        "mean": 0.0,
        "sd": 0.0
    },
    "remaining samples": {
        "mean": 2126.3,
        "sd": 16.523014252853503
    },
    "all_samples": 2139,
    "city_development_index_relative_bias": {
        "bias mean": 2.120341708123264,
        "bias sd": 0.3615940916318302,
        "wasserstein mean": 0.15539604044644834,
        "wasserstein sd": 0.025676859530680583
    },
    "experience_relative_bias": {
        "bias mean": 4.351946516593979,
        "bias sd": 1.4365994988161932,
        "wasserstein mean": 0.07753003443690697,
        "wasserstein sd": 0.02429740994945945
    },
    "training_hours_relative_bias": {
        "bias mean": 2.497763237599278,
        "bias sd": 2.013720293353071,
        "wasserstein mean": 0.03519697459880145,
        "wasserstein sd": 0.017168331590055742
    },
    "target_relative_bias": {
        "bias mean": 88.26796504978057,
        "bias sd": 0.9062395229070677,
        "wasserstein mean": 0.1472744561192571,
        "wasserstein sd": 0.006594468152134085
    },
    "gender_Male_relative_bias": {
        "bias mean": 0.9534816471404,
        "bias sd": 0.6632253698512509,
        "wasserstein mean": 0.028843838012337513,
        "wasserstein sd": 0.01987388873126561
    },
    "gender_Other_relative_bias": {
        "bias mean": 19.73671156883359,
        "bias sd": 16.630778178462922,
        "wasserstein mean": 0.01821748168840235,
        "wasserstein sd": 0.014810616869418545
    },
    "relevent_experience_No relevent experience_relative_bias": {
        "bias mean": 5.546969358751459,
        "bias sd": 4.360333895151394,
        "wasserstein mean": 0.02135374979635768,
        "wasserstein sd": 0.017637638694388776
    },
    "enrolled_university_Part time course_relative_bias": {
        "bias mean": 10.126169612053113,
        "bias sd": 4.76739589485451,
        "wasserstein mean": 0.025768259628786132,
        "wasserstein sd": 0.012775032206477667
    },
    "enrolled_university_no_enrollment_relative_bias": {
        "bias mean": 1.5033722820962647,
        "bias sd": 1.0522240954508228,
        "wasserstein mean": 0.035330867474487784,
        "wasserstein sd": 0.024522135037478132
    },
    "education_level_Masters_relative_bias": {
        "bias mean": 3.3589639324389866,
        "bias sd": 3.1656734322928144,
        "wasserstein mean": 0.020405635621950923,
        "wasserstein sd": 0.018559994436283863
    },
    "education_level_Phd_relative_bias": {
        "bias mean": 12.959336718496948,
        "bias sd": 12.110339874988053,
        "wasserstein mean": 0.022666132684498238,
        "wasserstein sd": 0.020024824898569736
    },
    "major_discipline_Business Degree_relative_bias": {
        "bias mean": 12.963773443580674,
        "bias sd": 11.148322871604444,
        "wasserstein mean": 0.016202531189378457,
        "wasserstein sd": 0.012691836506181439
    },
    "major_discipline_Humanities_relative_bias": {
        "bias mean": 13.070039985871901,
        "bias sd": 8.81620140710621,
        "wasserstein mean": 0.026429460903902812,
        "wasserstein sd": 0.016624830376161623
    },
    "major_discipline_No Major_relative_bias": {
        "bias mean": 23.554326408215502,
        "bias sd": 20.029758783427802,
        "wasserstein mean": 0.023985994917110405,
        "wasserstein sd": 0.016275066284595952
    },
    "major_discipline_Other_relative_bias": {
        "bias mean": 15.543210605187443,
        "bias sd": 9.133116165552284,
        "wasserstein mean": 0.022509763049747437,
        "wasserstein sd": 0.013129842612330744
    },
    "major_discipline_STEM_relative_bias": {
        "bias mean": 0.9673800670101945,
        "bias sd": 0.7077122185693183,
        "wasserstein mean": 0.0279209396580777,
        "wasserstein sd": 0.02049806376572721
    },
    "company_size_100-500_relative_bias": {
        "bias mean": 4.708830634539899,
        "bias sd": 3.9187991011194394,
        "wasserstein mean": 0.023545805599208876,
        "wasserstein sd": 0.018829972429225815
    },
    "company_size_1000-4999_relative_bias": {
        "bias mean": 6.2917149592026105,
        "bias sd": 4.587450991718863,
        "wasserstein mean": 0.021015718522290203,
        "wasserstein sd": 0.014821656800011547
    },
    "company_size_10000+_relative_bias": {
        "bias mean": 4.34048977417019,
        "bias sd": 2.7399593949260104,
        "wasserstein mean": 0.019241487632337052,
        "wasserstein sd": 0.012308402672232903
    },
    "company_size_50-99_relative_bias": {
        "bias mean": 3.982063264225668,
        "bias sd": 2.6168866966964406,
        "wasserstein mean": 0.020875090643347544,
        "wasserstein sd": 0.013598676233954703
    },
    "company_size_500-999_relative_bias": {
        "bias mean": 8.617923311551328,
        "bias sd": 7.31952255923706,
        "wasserstein mean": 0.02245549859024117,
        "wasserstein sd": 0.018275967189893855
    },
    "company_size_5000-9999_relative_bias": {
        "bias mean": 12.608719776874038,
        "bias sd": 9.101471997457553,
        "wasserstein mean": 0.025719948806997704,
        "wasserstein sd": 0.017241787926844037
    },
    "company_size_<10_relative_bias": {
        "bias mean": 6.178020890764172,
        "bias sd": 3.9134891958758082,
        "wasserstein mean": 0.019999473530955013,
        "wasserstein sd": 0.012048767497722053
    },
    "company_type_Funded Startup_relative_bias": {
        "bias mean": 6.018789067334735,
        "bias sd": 5.4822942897779825,
        "wasserstein mean": 0.018558509996293406,
        "wasserstein sd": 0.016005531988943722
    },
    "company_type_NGO_relative_bias": {
        "bias mean": 13.189524812434168,
        "bias sd": 11.15521337802058,
        "wasserstein mean": 0.02666829287912411,
        "wasserstein sd": 0.019482311985458526
    },
    "company_type_Other_relative_bias": {
        "bias mean": 33.35372110746181,
        "bias sd": 27.40288776272787,
        "wasserstein mean": 0.028364367764740488,
        "wasserstein sd": 0.017726389996655535
    },
    "company_type_Public Sector_relative_bias": {
        "bias mean": 10.901187075532974,
        "bias sd": 6.499819923192633,
        "wasserstein mean": 0.027657663140927678,
        "wasserstein sd": 0.015912507059601823
    },
    "company_type_Pvt Ltd_relative_bias": {
        "bias mean": 1.284612156441139,
        "bias sd": 0.7891610295474445,
        "wasserstein mean": 0.022758620198929824,
        "wasserstein sd": 0.014028350096519177
    },
    "last_new_job_2_relative_bias": {
        "bias mean": 4.55279717954773,
        "bias sd": 3.0868140604620535,
        "wasserstein mean": 0.02107049360348038,
        "wasserstein sd": 0.014440906206369526
    },
    "last_new_job_3_relative_bias": {
        "bias mean": 9.358689862070106,
        "bias sd": 10.21367823156239,
        "wasserstein mean": 0.02347104761455289,
        "wasserstein sd": 0.023377713054830707
    },
    "last_new_job_4_relative_bias": {
        "bias mean": 10.099894099360018,
        "bias sd": 5.435334988414922,
        "wasserstein mean": 0.026613072127868315,
        "wasserstein sd": 0.014852222534523462
    },
    "last_new_job_>4_relative_bias": {
        "bias mean": 4.664645537559077,
        "bias sd": 3.78605588638451,
        "wasserstein mean": 0.02470492831136623,
        "wasserstein sd": 0.019684856595962183
    },
    "last_new_job_never_relative_bias": {
        "bias mean": 13.693352075602007,
        "bias sd": 9.600138865143643,
        "wasserstein mean": 0.029456438938797673,
        "wasserstein sd": 0.02201353972450643
    }
}