{
    "MMDs": {
        "mean": 0.021397870028319547,
        "sd": 0.002377784777439989
    },
    "auroc": {
        "mean": 0.5736972588371644,
        "sd": 0.10389446861465657
    },
    "auprc": {
        "mean": 0.24193177107164168,
        "sd": 0.1043026037263592
    },
    "remaining samples": {
        "mean": 2293.54,
        "sd": 8.17119330330644
    },
    "all_samples": 2291,
    "city_development_index_relative_bias": {
        "bias mean": 1.1174113355147786,
        "bias sd": 0.39420443914702524,
        "wasserstein mean": 0.08250499432527066,
        "wasserstein sd": 0.027769187030732747
    },
    "experience_relative_bias": {
        "bias mean": 2.779247785257862,
        "bias sd": 1.3735787287793684,
        "wasserstein mean": 0.05098790245269126,
        "wasserstein sd": 0.02196549192201954
    },
    "training_hours_relative_bias": {
        "bias mean": 2.3070188537439047,
        "bias sd": 1.4636344905493757,
        "wasserstein mean": 0.03299640495093188,
        "wasserstein sd": 0.011740281566606286
    },
    "target_relative_bias": {
        "bias mean": 45.964686915745,
        "bias sd": 3.6514999770948076,
        "wasserstein mean": 0.07687734264230936,
        "wasserstein sd": 0.008605053614639945
    },
    "gender_Male_relative_bias": {
        "bias mean": 0.7545310266163224,
        "bias sd": 0.517414210345457,
        "wasserstein mean": 0.02281315355611864,
        "wasserstein sd": 0.015596533157796865
    },
    "gender_Other_relative_bias": {
        "bias mean": 33.78719881988336,
        "bias sd": 32.95893896280893,
        "wasserstein mean": 0.028699692520497217,
        "wasserstein sd": 0.021749781331356303
    },
    "relevent_experience_No relevent experience_relative_bias": {
        "bias mean": 6.985839483020674,
        "bias sd": 4.974219853331725,
        "wasserstein mean": 0.026072860166853364,
        "wasserstein sd": 0.018660752480250842
    },
    "enrolled_university_Part time course_relative_bias": {
        "bias mean": 7.468865124985664,
        "bias sd": 4.141354170758775,
        "wasserstein mean": 0.018990777725479583,
        "wasserstein sd": 0.01086345756227916
    },
    "enrolled_university_no_enrollment_relative_bias": {
        "bias mean": 1.2859144887957652,
        "bias sd": 0.9852258027784621,
        "wasserstein mean": 0.030199855020169468,
        "wasserstein sd": 0.022859350938678306
    },
    "education_level_Masters_relative_bias": {
        "bias mean": 3.843027058146987,
        "bias sd": 3.1801942798205247,
        "wasserstein mean": 0.023429510226659366,
        "wasserstein sd": 0.01883928328202962
    },
    "education_level_Phd_relative_bias": {
        "bias mean": 15.799375570283638,
        "bias sd": 11.096068426614785,
        "wasserstein mean": 0.02680854947626635,
        "wasserstein sd": 0.01892392966606228
    },
    "major_discipline_Business Degree_relative_bias": {
        "bias mean": 18.733171249843004,
        "bias sd": 12.628874954697674,
        "wasserstein mean": 0.026185813019674754,
        "wasserstein sd": 0.01684220184527888
    },
    "major_discipline_Humanities_relative_bias": {
        "bias mean": 11.490859925600946,
        "bias sd": 9.52710217447742,
        "wasserstein mean": 0.02367691071025421,
        "wasserstein sd": 0.019053175876616507
    },
    "major_discipline_No Major_relative_bias": {
        "bias mean": 20.625017358295132,
        "bias sd": 16.79738001624473,
        "wasserstein mean": 0.022222938035752884,
        "wasserstein sd": 0.016154966494823085
    },
    "major_discipline_Other_relative_bias": {
        "bias mean": 17.248789072800072,
        "bias sd": 13.617374346272586,
        "wasserstein mean": 0.024175757363217566,
        "wasserstein sd": 0.017564282858739587
    },
    "major_discipline_STEM_relative_bias": {
        "bias mean": 0.8161793695954885,
        "bias sd": 0.5901149527444394,
        "wasserstein mean": 0.02348595276608846,
        "wasserstein sd": 0.01700307049863613
    },
    "company_size_100-500_relative_bias": {
        "bias mean": 4.279971311631711,
        "bias sd": 3.0107308220141937,
        "wasserstein mean": 0.02155978181141449,
        "wasserstein sd": 0.015134626005431596
    },
    "company_size_1000-4999_relative_bias": {
        "bias mean": 7.334681484008489,
        "bias sd": 6.208799566507635,
        "wasserstein mean": 0.024194541320599696,
        "wasserstein sd": 0.019475988210154824
    },
    "company_size_10000+_relative_bias": {
        "bias mean": 4.800230547964511,
        "bias sd": 3.2097208345111037,
        "wasserstein mean": 0.02097786302015579,
        "wasserstein sd": 0.01406011469871792
    },
    "company_size_50-99_relative_bias": {
        "bias mean": 4.199309228282512,
        "bias sd": 3.0505043070023934,
        "wasserstein mean": 0.022413653627409193,
        "wasserstein sd": 0.016548176205793293
    },
    "company_size_500-999_relative_bias": {
        "bias mean": 9.097520143029282,
        "bias sd": 5.95268601229453,
        "wasserstein mean": 0.024218196001486194,
        "wasserstein sd": 0.01580157934137407
    },
    "company_size_5000-9999_relative_bias": {
        "bias mean": 11.329482846203787,
        "bias sd": 8.187039269072319,
        "wasserstein mean": 0.02448099999049645,
        "wasserstein sd": 0.01801096399135013
    },
    "company_size_<10_relative_bias": {
        "bias mean": 7.619846450330925,
        "bias sd": 5.072321795481289,
        "wasserstein mean": 0.024668628811436593,
        "wasserstein sd": 0.016234377761161656
    },
    "company_type_Funded Startup_relative_bias": {
        "bias mean": 7.242426801971361,
        "bias sd": 5.717188710585604,
        "wasserstein mean": 0.022286836776326754,
        "wasserstein sd": 0.01703881641342235
    },
    "company_type_NGO_relative_bias": {
        "bias mean": 12.628263360148141,
        "bias sd": 10.332159455612553,
        "wasserstein mean": 0.024382132615897376,
        "wasserstein sd": 0.017559654966605324
    },
    "company_type_Other_relative_bias": {
        "bias mean": 25.70558095301746,
        "bias sd": 19.029720995229823,
        "wasserstein mean": 0.02326924220628198,
        "wasserstein sd": 0.01777033372250749
    },
    "company_type_Public Sector_relative_bias": {
        "bias mean": 8.225048466882736,
        "bias sd": 6.308551525807356,
        "wasserstein mean": 0.02150573488889842,
        "wasserstein sd": 0.016924240002182737
    },
    "company_type_Pvt Ltd_relative_bias": {
        "bias mean": 1.47686215730494,
        "bias sd": 0.9916017372404208,
        "wasserstein mean": 0.026169881972084443,
        "wasserstein sd": 0.017439864238669063
    },
    "last_new_job_2_relative_bias": {
        "bias mean": 5.263973173281896,
        "bias sd": 3.65401149763563,
        "wasserstein mean": 0.024295460550792205,
        "wasserstein sd": 0.016934970838455743
    },
    "last_new_job_3_relative_bias": {
        "bias mean": 7.683514928101224,
        "bias sd": 5.0267786221582815,
        "wasserstein mean": 0.02040326496789903,
        "wasserstein sd": 0.012684975433462116
    },
    "last_new_job_4_relative_bias": {
        "bias mean": 8.434768284405346,
        "bias sd": 5.419411735511025,
        "wasserstein mean": 0.022541506820328752,
        "wasserstein sd": 0.014458184920613093
    },
    "last_new_job_>4_relative_bias": {
        "bias mean": 5.662655610553142,
        "bias sd": 4.09268420518579,
        "wasserstein mean": 0.029431002089174138,
        "wasserstein sd": 0.020600152508239645
    },
    "last_new_job_never_relative_bias": {
        "bias mean": 13.524196031113902,
        "bias sd": 9.308297191711572,
        "wasserstein mean": 0.02894929055385572,
        "wasserstein sd": 0.02052772833891335
    }
}