{
    "MMDs": {
        "mean": 0.004288890163418576,
        "sd": 0.0002065910673701395
    },
    "auroc": {
        "mean": 0.670756908187175,
        "sd": 0.11027325399207168
    },
    "auprc": {
        "mean": 0.16821007916317937,
        "sd": 0.007075427437962519
    },
    "mse": {
        "mean": 0.0,
        "sd": 0.0
    },
    "remaining samples": {
        "mean": 2123.95,
        "sd": 16.647747595395597
    },
    "all_samples": 2139,
    "city_development_index_relative_bias": {
        "bias mean": 0.04724938525383875,
        "bias sd": 0.027814270715932742,
        "wasserstein mean": 0.024124375492333497,
        "wasserstein sd": 0.005559173870718991
    },
    "experience_relative_bias": {
        "bias mean": 0.10296793389642842,
        "bias sd": 0.09414616987478404,
        "wasserstein mean": 0.019260182346674017,
        "wasserstein sd": 0.005781682332741736
    },
    "training_hours_relative_bias": {
        "bias mean": 0.23440793046867275,
        "bias sd": 0.20527440202584013,
        "wasserstein mean": 0.02441224697597414,
        "wasserstein sd": 0.005824611768216977
    },
    "target_relative_bias": {
        "bias mean": 84.66774437381893,
        "bias sd": 1.87111058933534,
        "wasserstein mean": 0.1412566204770122,
        "wasserstein sd": 0.006650594210918404
    },
    "gender_Male_relative_bias": {
        "bias mean": 0.08081164938696085,
        "bias sd": 0.06288533643516298,
        "wasserstein mean": 0.002446739340740945,
        "wasserstein sd": 0.0019033507041915276
    },
    "gender_Other_relative_bias": {
        "bias mean": 4.584981516415956,
        "bias sd": 3.546026671177677,
        "wasserstein mean": 0.004405061917972604,
        "wasserstein sd": 0.0034856072033206376
    },
    "relevent_experience_No relevent experience_relative_bias": {
        "bias mean": 0.7886189838804647,
        "bias sd": 0.6232806555722192,
        "wasserstein mean": 0.0029478956300745224,
        "wasserstein sd": 0.0022962043985033354
    },
    "enrolled_university_Part time course_relative_bias": {
        "bias mean": 1.9644369067897365,
        "bias sd": 1.217143899694833,
        "wasserstein mean": 0.004920042587233164,
        "wasserstein sd": 0.002948785168653996
    },
    "enrolled_university_no_enrollment_relative_bias": {
        "bias mean": 0.16194339814524022,
        "bias sd": 0.09117186145600095,
        "wasserstein mean": 0.0038224491858622352,
        "wasserstein sd": 0.002149775040498366
    },
    "education_level_Masters_relative_bias": {
        "bias mean": 0.34554844762845927,
        "bias sd": 0.2741589021598476,
        "wasserstein mean": 0.0021269750173667423,
        "wasserstein sd": 0.0016959380822312103
    },
    "education_level_Phd_relative_bias": {
        "bias mean": 1.228756479026299,
        "bias sd": 0.9822468189730524,
        "wasserstein mean": 0.0021380908191010856,
        "wasserstein sd": 0.001695300297381903
    },
    "major_discipline_Business Degree_relative_bias": {
        "bias mean": 1.7436888435930915,
        "bias sd": 1.2117926715495209,
        "wasserstein mean": 0.0023238291514309107,
        "wasserstein sd": 0.0015886905609658838
    },
    "major_discipline_Humanities_relative_bias": {
        "bias mean": 1.008124893964667,
        "bias sd": 0.6618662426126041,
        "wasserstein mean": 0.0020952722307983783,
        "wasserstein sd": 0.0013505045844226249
    },
    "major_discipline_No Major_relative_bias": {
        "bias mean": 1.7743395765437242,
        "bias sd": 1.1086908615741509,
        "wasserstein mean": 0.0019761760948680267,
        "wasserstein sd": 0.0013232178474096624
    },
    "major_discipline_Other_relative_bias": {
        "bias mean": 2.5829945763366,
        "bias sd": 1.7709689972415394,
        "wasserstein mean": 0.0038469552804137734,
        "wasserstein sd": 0.0026883104705488136
    },
    "major_discipline_STEM_relative_bias": {
        "bias mean": 0.12223997624780836,
        "bias sd": 0.08552917230496346,
        "wasserstein mean": 0.003513195166979729,
        "wasserstein sd": 0.0024541673904090442
    },
    "company_size_100-500_relative_bias": {
        "bias mean": 0.39563751676291925,
        "bias sd": 0.23594841823183826,
        "wasserstein mean": 0.002002042386572366,
        "wasserstein sd": 0.0011866285056514481
    },
    "company_size_1000-4999_relative_bias": {
        "bias mean": 0.5715656839179127,
        "bias sd": 0.5488642612725447,
        "wasserstein mean": 0.0019380348574282128,
        "wasserstein sd": 0.0018372820888899197
    },
    "company_size_10000+_relative_bias": {
        "bias mean": 0.43355690644270994,
        "bias sd": 0.4432953806249659,
        "wasserstein mean": 0.001905840498690465,
        "wasserstein sd": 0.0019256572643010848
    },
    "company_size_50-99_relative_bias": {
        "bias mean": 0.39481243380767117,
        "bias sd": 0.29001351234281625,
        "wasserstein mean": 0.0020727756150707524,
        "wasserstein sd": 0.0015205644278549612
    },
    "company_size_500-999_relative_bias": {
        "bias mean": 0.8141307187028396,
        "bias sd": 0.6811384531341587,
        "wasserstein mean": 0.002199745242143609,
        "wasserstein sd": 0.0018782370574579443
    },
    "company_size_5000-9999_relative_bias": {
        "bias mean": 1.0324221287286406,
        "bias sd": 0.8926147733761449,
        "wasserstein mean": 0.0022536286590474634,
        "wasserstein sd": 0.0020456356492923366
    },
    "company_size_<10_relative_bias": {
        "bias mean": 0.6489623596032402,
        "bias sd": 0.5529629564543266,
        "wasserstein mean": 0.0020958531739959695,
        "wasserstein sd": 0.0017571450136501326
    },
    "company_type_Funded Startup_relative_bias": {
        "bias mean": 0.5807955575376903,
        "bias sd": 0.5138475015463252,
        "wasserstein mean": 0.00182885708127139,
        "wasserstein sd": 0.0016506148821443035
    },
    "company_type_NGO_relative_bias": {
        "bias mean": 1.5223384421818058,
        "bias sd": 1.375377574191656,
        "wasserstein mean": 0.003299533368183514,
        "wasserstein sd": 0.003117435840123396
    },
    "company_type_Other_relative_bias": {
        "bias mean": 3.4978209959478987,
        "bias sd": 2.9838562590646913,
        "wasserstein mean": 0.0033784481653080954,
        "wasserstein sd": 0.0034134630842361335
    },
    "company_type_Public Sector_relative_bias": {
        "bias mean": 0.7252330829040725,
        "bias sd": 0.6099066505593752,
        "wasserstein mean": 0.0018607395523999998,
        "wasserstein sd": 0.0016339392799749406
    },
    "company_type_Pvt Ltd_relative_bias": {
        "bias mean": 0.1343107158366546,
        "bias sd": 0.09393195073008295,
        "wasserstein mean": 0.0023723025488158024,
        "wasserstein sd": 0.0016526361978839597
    },
    "last_new_job_2_relative_bias": {
        "bias mean": 0.529262462223821,
        "bias sd": 0.3725029544399135,
        "wasserstein mean": 0.00242600830166411,
        "wasserstein sd": 0.0017346952227989805
    },
    "last_new_job_3_relative_bias": {
        "bias mean": 0.7842160273600292,
        "bias sd": 0.580575548752464,
        "wasserstein mean": 0.0020904889880441016,
        "wasserstein sd": 0.00152399438192898
    },
    "last_new_job_4_relative_bias": {
        "bias mean": 0.923156708167836,
        "bias sd": 0.922208816337956,
        "wasserstein mean": 0.002501475490156265,
        "wasserstein sd": 0.0026148675618174735
    },
    "last_new_job_>4_relative_bias": {
        "bias mean": 0.3382831084772854,
        "bias sd": 0.15828709100902988,
        "wasserstein mean": 0.0018028749897143301,
        "wasserstein sd": 0.0008407134270114183
    },
    "last_new_job_never_relative_bias": {
        "bias mean": 1.1028819672433212,
        "bias sd": 0.8841527278893918,
        "wasserstein mean": 0.002387799860227624,