{"MMDs": {"mean": 0.030748286996397724, "sd": 0.006518787181552658}, "auroc": {"mean": 0.9376368886357043, "sd": 0.026177977511410884}, "auprc": {"mean": 0.9484355432645084, "sd": 0.021215339787171182}, "remaining samples": {"mean": 308.0, "sd": 0.0}, "all_samples": 308, "clump_thickness_relative_bias": {"bias mean": 2.2328368150177313, "bias sd": 0.7264266973883453, "wasserstein mean": 0.07101440359280548, "wasserstein sd": 0.021755730990779133}, "uniformity_of_cell_size_relative_bias": {"bias mean": 5.516389593443741, "bias sd": 1.3074979005922691, "wasserstein mean": 0.0667060346217298, "wasserstein sd": 0.01621079216080176}, "uniformity_of_cell_shape_relative_bias": {"bias mean": 5.150244464807047, "bias sd": 1.4054399432500901, "wasserstein mean": 0.06910501946434076, "wasserstein sd": 0.018161904685245204}, "marginal_adhesion_relative_bias": {"bias mean": 4.966580259086, "bias sd": 1.3028685942585885, "wasserstein mean": 0.06436497191476159, "wasserstein sd": 0.014111630564215388}, "single_epithelial_cell_size_relative_bias": {"bias mean": 4.791207744874727, "bias sd": 1.2294004045885587, "wasserstein mean": 0.09536046009333969, "wasserstein sd": 0.031423863908637745}, "bare_nuclei_relative_bias": {"bias mean": 3.0119276101453134, "bias sd": 1.302286360436175, "wasserstein mean": 0.04257737704379558, "wasserstein sd": 0.01329007912248928}, "bland_chromatin_relative_bias": {"bias mean": 3.3589119699336227, "bias sd": 0.985068575696644, "wasserstein mean": 0.08076405453564553, "wasserstein sd": 0.029694281465063362}, "normal_nucleoli_relative_bias": {"bias mean": 5.03367011016341, "bias sd": 1.4054087585376944, "wasserstein mean": 0.060030184384793975, "wasserstein sd": 0.01399252058532307}, "mitoses_relative_bias": {"bias mean": 10.149977189172649, "bias sd": 2.404383952601794, "wasserstein mean": 0.11399045453890927, "wasserstein sd": 0.027879855952405174}, "class_relative_bias": {"bias mean": 2.9604746831533015, "bias sd": 1.9561333653633972, "wasserstein mean": 0.019151218490573888, "wasserstein sd": 0.012669960423521495}}