{
    "MMDs": {
        "mean": 0.03151931853607763,
        "sd": 0.0055693977682629075
    },
    "auroc": {
        "mean": 0.9402115591215714,
        "sd": 0.022819297321350695
    },
    "auprc": {
        "mean": 0.9489410942453625,
        "sd": 0.020218308926402858
    },
    "remaining samples": {
        "mean": 308.0,
        "sd": 0.0
    },
    "all_samples": 308,
    "clump_thickness_relative_bias": {
        "bias mean": 2.2165302397017004,
        "bias sd": 0.6850635454255384,
        "wasserstein mean": 0.07267483540148069,
        "wasserstein sd": 0.01850234522087686
    },
    "uniformity_of_cell_size_relative_bias": {
        "bias mean": 5.666151132731949,
        "bias sd": 1.1911841068320368,
        "wasserstein mean": 0.07127396058260653,
        "wasserstein sd": 0.01598093339315616
    },
    "uniformity_of_cell_shape_relative_bias": {
        "bias mean": 5.42289814387393,
        "bias sd": 1.228454258721351,
        "wasserstein mean": 0.07366546772734431,
        "wasserstein sd": 0.014769670718820143
    },
    "marginal_adhesion_relative_bias": {
        "bias mean": 5.1155722753006545,
        "bias sd": 1.1385597290264657,
        "wasserstein mean": 0.0652895290164295,
        "wasserstein sd": 0.01606758308902351
    },
    "single_epithelial_cell_size_relative_bias": {
        "bias mean": 5.022984079390083,
        "bias sd": 1.0442098098683916,
        "wasserstein mean": 0.09695075742089249,
        "wasserstein sd": 0.024859062769812687
    },
    "bare_nuclei_relative_bias": {
        "bias mean": 3.1611951021800313,
        "bias sd": 1.060076330014737,
        "wasserstein mean": 0.04314126050754789,
        "wasserstein sd": 0.011927665805531363
    },
    "bland_chromatin_relative_bias": {
        "bias mean": 3.3557549898162007,
        "bias sd": 0.9102084594881675,
        "wasserstein mean": 0.0767943241167898,
        "wasserstein sd": 0.025099361005866298
    },
    "normal_nucleoli_relative_bias": {
        "bias mean": 5.23648266637417,
        "bias sd": 1.2310475405608448,
        "wasserstein mean": 0.06003672283406101,
        "wasserstein sd": 0.012728015824708207
    },
    "mitoses_relative_bias": {
        "bias mean": 10.335540778201011,
        "bias sd": 2.1814475317261124,
        "wasserstein mean": 0.1177525733515685,
        "wasserstein sd": 0.027887343444210132
    },
    "class_relative_bias": {
        "bias mean": 2.680794044322576,
        "bias sd": 1.9952335522805635,
        "wasserstein mean": 0.017320195130508385,
        "wasserstein sd": 0.012773240345674067
    }
}