{
    "MMDs": {
        "mean": 0.007036776286729021,
        "sd": 0.0003297669017941105
    },
    "auroc": {
        "mean": 0.8046553138190159,
        "sd": 0.012741031720971215
    },
    "auprc": {
        "mean": 0.7280749570646731,
        "sd": 0.020328736375511382
    },
    "remaining samples": {
        "mean": 2228.52,
        "sd": 5.092111546303753
    },
    "all_samples": 2226,
    "AGEP_relative_bias": {
        "bias mean": 0.16150754596923775,
        "bias sd": 0.12137530992673641,
        "wasserstein mean": 0.017174700980383796,
        "wasserstein sd": 0.003229962346157668
    },
    "WKHP_relative_bias": {
        "bias mean": 0.13364656757838633,
        "bias sd": 0.1558887665365712,
        "wasserstein mean": 0.020939272551432797,
        "wasserstein sd": 0.006499716513092109
    },
    "COW_Employee of a private for-profit company or business, or of an individual, for wages, salary, or commissions_relative_bias": {
        "bias mean": 0.17865869038135912,
        "bias sd": 0.16106894576009634,
        "wasserstein mean": 0.002437217185649709,
        "wasserstein sd": 0.0021857225840800085
    },
    "COW_Employee of a private not-for-profit, tax-exempt, or charitable organization_relative_bias": {
        "bias mean": 0.8832850449641855,
        "bias sd": 0.8050911776936278,
        "wasserstein mean": 0.0024317065788000375,
        "wasserstein sd": 0.0022457777769858797
    },
    "COW_Federal government employee_relative_bias": {
        "bias mean": 2.1489914112726067,
        "bias sd": 1.44601276526624,
        "wasserstein mean": 0.0035037570539295983,
        "wasserstein sd": 0.0022851034655246927
    },
    "COW_Local government employee (city, county, etc.)_relative_bias": {
        "bias mean": 1.211813994734741,
        "bias sd": 0.7179911830461864,
        "wasserstein mean": 0.0034963384869930387,
        "wasserstein sd": 0.001995847905273279
    },
    "COW_Self-employed in own incorporated business, professional practice or farm_relative_bias": {
        "bias mean": 1.4209322506556583,
        "bias sd": 1.2074353857866242,
        "wasserstein mean": 0.002924967932558375,
        "wasserstein sd": 0.0025118184019782587
    },
    "COW_Self-employed in own not incorporated business, professional practice, or farm_relative_bias": {
        "bias mean": 1.3010281939908648,
        "bias sd": 0.8511574617565122,
        "wasserstein mean": 0.003991678336256593,
        "wasserstein sd": 0.0026309898268102134
    },
    "COW_State government employee_relative_bias": {
        "bias mean": 1.6808584454244626,
        "bias sd": 1.222998481452706,
        "wasserstein mean": 0.0035921876453096245,
        "wasserstein sd": 0.0026584713794880325
    },
    "COW_Working without pay in family business or farm_relative_bias": {
        "bias mean": 32.436680293147354,
        "bias sd": 62.932297632703346,
        "wasserstein mean": 0.011643327307615057,
        "wasserstein sd": 0.00841224175164541
    },
    "SCHL_1 or more years of college credit, no degree_relative_bias": {
        "bias mean": 0.6822909907505591,
        "bias sd": 0.4663079943006753,
        "wasserstein mean": 0.0030110291026335624,
        "wasserstein sd": 0.0020590064827309624
    },
    "SCHL_12th grade - no diploma_relative_bias": {
        "bias mean": 2.461693898223413,
        "bias sd": 1.8727898604721696,
        "wasserstein mean": 0.0038505314859557972,
        "wasserstein sd": 0.00291644204715066
    },
    "SCHL_Associate's degree_relative_bias": {
        "bias mean": 0.8613514810843448,
        "bias sd": 0.7674039448864183,
        "wasserstein mean": 0.0025585857874092567,
        "wasserstein sd": 0.00234118961118894
    },
    "SCHL_Bachelor's degree_relative_bias": {
        "bias mean": 0.35041873854808936,
        "bias sd": 0.3625878164149271,
        "wasserstein mean": 0.001961810998813629,
        "wasserstein sd": 0.0020139550287066052
    },
    "SCHL_Doctorate degree_relative_bias": {
        "bias mean": 1.9251866273678342,
        "bias sd": 1.2871963934472412,
        "wasserstein mean": 0.0027776056587276547,
        "wasserstein sd": 0.0018646576095480694
    },
    "SCHL_GED or alternative credential_relative_bias": {
        "bias mean": 2.578456673010188,
        "bias sd": 1.709291563671157,
        "wasserstein mean": 0.0038209325807468143,
        "wasserstein sd": 0.0026125469691144617
    },
    "SCHL_Grade 1_relative_bias": {
        "bias mean": Infinity,
        "bias sd": NaN,
        "wasserstein mean": 0.02429877264132339,
        "wasserstein sd": 0.016543817437655397
    },
    "SCHL_Grade 10_relative_bias": {
        "bias mean": 6.2855322707863674,
        "bias sd": 5.0359813304638115,
        "wasserstein mean": 0.005178701371322985,
        "wasserstein sd": 0.003499182922678379
    },
    "SCHL_Grade 11_relative_bias": {
        "bias mean": 3.583580522116772,
        "bias sd": 2.72206962952085,
        "wasserstein mean": 0.004642566681695447,
        "wasserstein sd": 0.0036976235970035774
    },
    "SCHL_Grade 2_relative_bias": {
        "bias mean": -1.251385798849555e+16,
        "bias sd": 8.759700591946934e+16,
        "wasserstein mean": 0.020598677420030045,
        "wasserstein sd": 0.01647285587747321
    },
    "SCHL_Grade 3_relative_bias": {
        "bias mean": 21.98279168267949,
        "bias sd": 23.734454012729785,
        "wasserstein mean": 0.009230196839042694,
        "wasserstein sd": 0.006058131962872536
    },
    "SCHL_Grade 4_relative_bias": {
        "bias mean": 35.221964166068354,
        "bias sd": 33.939578194291705,
        "wasserstein mean": 0.012288803361435277,
        "wasserstein sd": 0.007912741937958863
    },
    "SCHL_Grade 5_relative_bias": {
        "bias mean": 32.8643091775934,
        "bias sd": 36.51619354082708,
        "wasserstein mean": 0.011583898612944107,
        "wasserstein sd": 0.007918995768342936
    },
    "SCHL_Grade 6_relative_bias": {
        "bias mean": 3.294182875442303,
        "bias sd": 2.3620432015662534,
        "wasserstein mean": 0.004131881650345596,
        "wasserstein sd": 0.00301665672907907
    },
    "SCHL_Grade 7_relative_bias": {
        "bias mean": 29.30918078051901,
        "bias sd": 26.41344680903285,
        "wasserstein mean": 0.012968985609552482,
        "wasserstein sd": 0.009753358396557936
    },
    "SCHL_Grade 8_relative_bias": {
        "bias mean": 6.845056922871648,
        "bias sd": 5.41099621666371,
        "wasserstein mean": 0.0051623067721836,
        "wasserstein sd": 0.003933264274504363
    },
    "SCHL_Grade 9_relative_bias": {
        "bias mean": 4.4564035616080595,
        "bias sd": 3.723691809995599,
        "wasserstein mean": 0.004627923954142837,
        "wasserstein sd": 0.0037479748727315557
    },
    "SCHL_Kindergarten_relative_bias": {
        "bias mean": Infinity,
        "bias sd": NaN,
        "wasserstein mean": 0.02340153018702983,
        "wasserstein sd": 0.016086649441415565
    },
    "SCHL_Master's degree_relative_bias": {
        "bias mean": 0.5841914059086653,
        "bias sd": 0.41888081607448446,
        "wasserstein mean": 0.0019549228218047883,
        "wasserstein sd": 0.001421074840433393
    },
    "SCHL_No schooling completed_relative_bias": {
        "bias mean": 2.966346094641244,
        "bias sd": 2.2859693068605207,
        "wasserstein mean": 0.004072032004064251,
        "wasserstein sd": 0.00317087108158937
    },
    "SCHL_Nursery school, preschool_relative_bias": {
        "bias mean": 3.0894614921921734e+17,
        "bias sd": 5.889222229006264e+17,
        "wasserstein mean": 0.022017923881246414,
        "wasserstein sd": 0.020813960738806234
    },
    "SCHL_Professional degree beyond a bachelor's degree_relative_bias": {
        "bias mean": 1.8191165938683798,
        "bias sd": 1.3354677487094093,
        "wasserstein mean": 0.0031726559686956427,
        "wasserstein sd": 0.0023107333946646848
    },