{
    "MMDs": {
        "mean": 0.007228365923657618,
        "sd": 0.0002996934309217254
    },
    "auroc": {
        "mean": 0.7894875858697794,
        "sd": 0.021962052604814646
    },
    "auprc": {
        "mean": 0.7174129772221979,
        "sd": 0.02441104431416973
    },
    "remaining samples": {
        "mean": 1956.92,
        "sd": 10.063478523850488
    },
    "all_samples": 1951,
    "AGEP_relative_bias": {
        "bias mean": 0.16265333517721484,
        "bias sd": 0.11870024335051324,
        "wasserstein mean": 0.01776881919526632,
        "wasserstein sd": 0.0030462280006186035
    },
    "WKHP_relative_bias": {
        "bias mean": 0.15447840303063534,
        "bias sd": 0.1598104521976912,
        "wasserstein mean": 0.022227422154746317,
        "wasserstein sd": 0.005139931480522765
    },
    "COW_Employee of a private for-profit company or business, or of an individual, for wages, salary, or commissions_relative_bias": {
        "bias mean": 0.19891534250901033,
        "bias sd": 0.17226688157672407,
        "wasserstein mean": 0.0027145859680315254,
        "wasserstein sd": 0.0023395936516582153
    },
    "COW_Employee of a private not-for-profit, tax-exempt, or charitable organization_relative_bias": {
        "bias mean": 1.0281154508856136,
        "bias sd": 0.8175950175486558,
        "wasserstein mean": 0.0028347852735082736,
        "wasserstein sd": 0.0022691995752434336
    },
    "COW_Federal government employee_relative_bias": {
        "bias mean": 2.401445262118052,
        "bias sd": 1.6182796380692224,
        "wasserstein mean": 0.0040000122803578834,
        "wasserstein sd": 0.00269750073824762
    },
    "COW_Local government employee (city, county, etc.)_relative_bias": {
        "bias mean": 1.175208593650661,
        "bias sd": 0.8961604253368847,
        "wasserstein mean": 0.0033842302056957,
        "wasserstein sd": 0.0025125405228463476
    },
    "COW_Self-employed in own incorporated business, professional practice or farm_relative_bias": {
        "bias mean": 1.6968168869370674,
        "bias sd": 1.2812499082725404,
        "wasserstein mean": 0.0035098380860570633,
        "wasserstein sd": 0.0026690293217380245
    },
    "COW_Self-employed in own not incorporated business, professional practice, or farm_relative_bias": {
        "bias mean": 1.1892561940293525,
        "bias sd": 0.8355242125691379,
        "wasserstein mean": 0.0036531079299102777,
        "wasserstein sd": 0.002570369624151142
    },
    "COW_State government employee_relative_bias": {
        "bias mean": 1.726839401193805,
        "bias sd": 1.228224752795996,
        "wasserstein mean": 0.0037269476817785065,
        "wasserstein sd": 0.002767254133709489
    },
    "COW_Working without pay in family business or farm_relative_bias": {
        "bias mean": 29.414438583480013,
        "bias sd": 34.43209038090419,
        "wasserstein mean": 0.01174782515801859,
        "wasserstein sd": 0.008545014490299709
    },
    "SCHL_1 or more years of college credit, no degree_relative_bias": {
        "bias mean": 0.6379077172872367,
        "bias sd": 0.41291468431198003,
        "wasserstein mean": 0.002806953269358503,
        "wasserstein sd": 0.0018235578782839097
    },
    "SCHL_12th grade - no diploma_relative_bias": {
        "bias mean": 2.491091190086606,
        "bias sd": 2.0662471695080256,
        "wasserstein mean": 0.003853989030886297,
        "wasserstein sd": 0.003175451597045546
    },
    "SCHL_Associate's degree_relative_bias": {
        "bias mean": 0.9734609985583279,
        "bias sd": 0.8124723554600444,
        "wasserstein mean": 0.0028474890568965868,
        "wasserstein sd": 0.0024320614181833943
    },
    "SCHL_Bachelor's degree_relative_bias": {
        "bias mean": 0.357600707726171,
        "bias sd": 0.2731878368651485,
        "wasserstein mean": 0.0020054667774671033,
        "wasserstein sd": 0.0015256047712830783
    },
    "SCHL_Doctorate degree_relative_bias": {
        "bias mean": 2.529591140229678,
        "bias sd": 1.6829450895833862,
        "wasserstein mean": 0.0036044777961301826,
        "wasserstein sd": 0.00241988561633306
    },
    "SCHL_GED or alternative credential_relative_bias": {
        "bias mean": 2.9362959369678907,
        "bias sd": 2.165414970628846,
        "wasserstein mean": 0.004428240592640174,
        "wasserstein sd": 0.0034357798751916634
    },
    "SCHL_Grade 1_relative_bias": {
        "bias mean": Infinity,
        "bias sd": NaN,
        "wasserstein mean": 0.02448752321223596,
        "wasserstein sd": 0.016706309092895222
    },
    "SCHL_Grade 10_relative_bias": {
        "bias mean": 6.105514561114877,
        "bias sd": 5.392016364055592,
        "wasserstein mean": 0.004886873581646205,
        "wasserstein sd": 0.0038225693872744443
    },
    "SCHL_Grade 11_relative_bias": {
        "bias mean": 4.011527386497377,
        "bias sd": 2.8059724594212994,
        "wasserstein mean": 0.005219827112579102,
        "wasserstein sd": 0.0038303581864309356
    },
    "SCHL_Grade 2_relative_bias": {
        "bias mean": -1.5519254092528614e+16,
        "bias sd": 1.0863477864770067e+17,
        "wasserstein mean": 0.02149912834187612,
        "wasserstein sd": 0.01511912413814526
    },
    "SCHL_Grade 3_relative_bias": {
        "bias mean": 24.010135298492255,
        "bias sd": 26.17262349406856,
        "wasserstein mean": 0.010386204990278355,
        "wasserstein sd": 0.007042763172469644
    },
    "SCHL_Grade 4_relative_bias": {
        "bias mean": 45.70762650446175,
        "bias sd": 47.91102457281674,
        "wasserstein mean": 0.015124967711969391,
        "wasserstein sd": 0.010594695595829068
    },
    "SCHL_Grade 5_relative_bias": {
        "bias mean": 35.08535406189004,
        "bias sd": 35.899084959744606,
        "wasserstein mean": 0.012069394513307923,
        "wasserstein sd": 0.007604774678257627
    },
    "SCHL_Grade 6_relative_bias": {
        "bias mean": 3.203795485046034,
        "bias sd": 2.279216193357143,
        "wasserstein mean": 0.004047088557142457,
        "wasserstein sd": 0.002938151113191427
    },
    "SCHL_Grade 7_relative_bias": {
        "bias mean": 31.94766090332983,
        "bias sd": 30.03276392310163,
        "wasserstein mean": 0.014317751232750276,
        "wasserstein sd": 0.010220017541449833
    },
    "SCHL_Grade 8_relative_bias": {
        "bias mean": 8.127776376624753,
        "bias sd": 6.027409642218975,
        "wasserstein mean": 0.0059558705220552725,
        "wasserstein sd": 0.003882823001621104
    },
    "SCHL_Grade 9_relative_bias": {
        "bias mean": 4.976818501089591,
        "bias sd": 3.7655652941673656,
        "wasserstein mean": 0.005144844387776676,
        "wasserstein sd": 0.00405000522238406
    },
    "SCHL_Kindergarten_relative_bias": {
        "bias mean": Infinity,
        "bias sd": NaN,
        "wasserstein mean": 0.021746325527495638,
        "wasserstein sd": 0.01734251869260102
    },
    "SCHL_Master's degree_relative_bias": {
        "bias mean": 0.7049010393044213,
        "bias sd": 0.42240515299134707,
        "wasserstein mean": 0.0023537339447370865,
        "wasserstein sd": 0.001413378498842238
    },
    "SCHL_No schooling completed_relative_bias": {
        "bias mean": 2.7695753534896372,
        "bias sd": 1.9483308420649508,
        "wasserstein mean": 0.0036893443053779246,
        "wasserstein sd": 0.0026052501749850862
    },
    "SCHL_Nursery school, preschool_relative_bias": {
        "bias mean": 2.5575251818955293e+17,
        "bias sd": 5.1857291612070784e+17,
        "wasserstein mean": 0.02201261453902773,
        "wasserstein sd": 0.020883240462066188
    },
    "SCHL_Professional degree beyond a bachelor's degree_relative_bias": {
        "bias mean": 2.10018572444096,
        "bias sd": 1.2571170226866257,
        "wasserstein mean": 0.003683083153009603,
        "wasserstein sd": 0.002192089928734252
    },