{
    "MMDs": {
        "mean": 0.07537658315338426,
        "sd": 0.016471530604121612
    },
    "auroc": {
        "mean": 0.921401213015352,
        "sd": 0.023381169561055792
    },
    "auprc": {
        "mean": 0.9436070325174473,
        "sd": 0.01662324263327387
    },
    "mse": {
        "mean": 0.0,
        "sd": 0.0
    },
    "remaining samples": {
        "mean": 142.1,
        "sd": 6.587108622149782
    },
    "all_samples": 149,
    "clump_thickness_relative_bias": {
        "bias mean": 5.781657579000491,
        "bias sd": 2.8765466736706107,
        "wasserstein mean": 0.11755461471081667,
        "wasserstein sd": 0.03529330036779579
    },
    "uniformity_of_cell_size_relative_bias": {
        "bias mean": 10.994049080641314,
        "bias sd": 4.230188803870657,
        "wasserstein mean": 0.12699527760138637,
        "wasserstein sd": 0.04849260989992403
    },
    "uniformity_of_cell_shape_relative_bias": {
        "bias mean": 11.085011704768325,
        "bias sd": 3.747317172480124,
        "wasserstein mean": 0.13813168586590704,
        "wasserstein sd": 0.04493376231587105
    },
    "marginal_adhesion_relative_bias": {
        "bias mean": 10.786220163891134,
        "bias sd": 5.097202165925144,
        "wasserstein mean": 0.11160842880960246,
        "wasserstein sd": 0.044290526189005135
    },
    "single_epithelial_cell_size_relative_bias": {
        "bias mean": 7.184287213885126,
        "bias sd": 3.709832716931111,
        "wasserstein mean": 0.13241734618400142,
        "wasserstein sd": 0.0388886661550928
    },
    "bare_nuclei_relative_bias": {
        "bias mean": 11.11036300201987,
        "bias sd": 3.5289816763811337,
        "wasserstein mean": 0.1105227997274473,
        "wasserstein sd": 0.03577328002862651
    },
    "bland_chromatin_relative_bias": {
        "bias mean": 7.175624149679351,
        "bias sd": 2.729145698059326,
        "wasserstein mean": 0.12445925598349525,
        "wasserstein sd": 0.03272752979809321
    },
    "normal_nucleoli_relative_bias": {
        "bias mean": 10.822598386824977,
        "bias sd": 4.20181586884712,
        "wasserstein mean": 0.10797196654647448,
        "wasserstein sd": 0.03602097609869884
    },
    "mitoses_relative_bias": {
        "bias mean": 6.398747532365801,
        "bias sd": 3.7302085537045753,
        "wasserstein mean": 0.07856926474904179,
        "wasserstein sd": 0.02292915021038842
    },
    "class_relative_bias": {
        "bias mean": 23.025760377945627,
        "bias sd": 5.309059096382416,
        "wasserstein mean": 0.15010671897833577,
        "wasserstein sd": 0.03566468183018036
    }
}