{
    "MMDs": {
        "mean": 0.02750793841174966,
        "sd": 0.007213230566406277
    },
    "auroc": {
        "mean": 0.9339818840699626,
        "sd": 0.021347070226503617
    },
    "auprc": {
        "mean": 0.9504958393290324,
        "sd": 0.016144098057318684
    },
    "mse": {
        "mean": 0.0,
        "sd": 0.0
    },
    "remaining samples": {
        "mean": 141.5,
        "sd": 5.315072906367325
    },
    "all_samples": 133,
    "clump_thickness_relative_bias": {
        "bias mean": 1.7731188047735482,
        "bias sd": 1.6584953918763237,
        "wasserstein mean": 0.05532076669848265,
        "wasserstein sd": 0.01972944257793476
    },
    "uniformity_of_cell_size_relative_bias": {
        "bias mean": 3.871789326268027,
        "bias sd": 2.226596104485692,
        "wasserstein mean": 0.04625996712504332,
        "wasserstein sd": 0.01929156527047186
    },
    "uniformity_of_cell_shape_relative_bias": {
        "bias mean": 4.525343792858178,
        "bias sd": 2.1606341688941093,
        "wasserstein mean": 0.0542874988191692,
        "wasserstein sd": 0.021142998171768537
    },
    "marginal_adhesion_relative_bias": {
        "bias mean": 3.5766265132872848,
        "bias sd": 2.4799433611942385,
        "wasserstein mean": 0.046574923360316864,
        "wasserstein sd": 0.017061056065739873
    },
    "single_epithelial_cell_size_relative_bias": {
        "bias mean": 3.001022509907027,
        "bias sd": 1.5023235332153648,
        "wasserstein mean": 0.05741098626164866,
        "wasserstein sd": 0.018481690421079045
    },
    "bare_nuclei_relative_bias": {
        "bias mean": 3.2849250285399854,
        "bias sd": 2.2540794193824625,
        "wasserstein mean": 0.041634075059598576,
        "wasserstein sd": 0.01660317262195674
    },
    "bland_chromatin_relative_bias": {
        "bias mean": 3.0559258341736424,
        "bias sd": 1.7653302492467813,
        "wasserstein mean": 0.05708370096183517,
        "wasserstein sd": 0.018053181621679668
    },
    "normal_nucleoli_relative_bias": {
        "bias mean": 3.913345039963258,
        "bias sd": 1.967569160520032,
        "wasserstein mean": 0.04376768707197737,
        "wasserstein sd": 0.013996694276115641
    },
    "mitoses_relative_bias": {
        "bias mean": 4.308450943431427,
        "bias sd": 2.5881613268109187,
        "wasserstein mean": 0.046478034560468076,
        "wasserstein sd": 0.019476204637490592
    },
    "class_relative_bias": {
        "bias mean": 4.5580406387622805,
        "bias sd": 3.417821316966611,
        "wasserstein mean": 0.029749160297759293,
        "wasserstein sd": 0.022421610786924208
    }
}