{
    "MMDs": {
        "mean": 0.03323979816969465,
        "sd": 0.003914819602120762
    },
    "auroc": {
        "mean": 0.798479851666737,
        "sd": 0.016617564043339347
    },
    "auprc": {
        "mean": 0.7239258131286372,
        "sd": 0.020773864798941617
    },
    "remaining samples": {
        "mean": 1956.92,
        "sd": 10.063478523850488
    },
    "all_samples": 1951,
    "AGEP_relative_bias": {
        "bias mean": 3.327158996727196,
        "bias sd": 0.9622712666755572,
        "wasserstein mean": 0.09939347622775273,
        "wasserstein sd": 0.025757560082204315
    },
    "WKHP_relative_bias": {
        "bias mean": 3.6660449866371976,
        "bias sd": 0.7900312404283196,
        "wasserstein mean": 0.11192180771765056,
        "wasserstein sd": 0.021768793531515687
    },
    "COW_Employee of a private for-profit company or business, or of an individual, for wages, salary, or commissions_relative_bias": {
        "bias mean": 2.83279364779682,
        "bias sd": 1.7898281398773421,
        "wasserstein mean": 0.0386098711783818,
        "wasserstein sd": 0.02415296418951811
    },
    "COW_Employee of a private not-for-profit, tax-exempt, or charitable organization_relative_bias": {
        "bias mean": 9.340289094631034,
        "bias sd": 6.866798796015647,
        "wasserstein mean": 0.025959397424775595,
        "wasserstein sd": 0.019265008570154774
    },
    "COW_Federal government employee_relative_bias": {
        "bias mean": 16.463188395387508,
        "bias sd": 9.467347141992267,
        "wasserstein mean": 0.027852229920959225,
        "wasserstein sd": 0.01737970223656106
    },
    "COW_Local government employee (city, county, etc.)_relative_bias": {
        "bias mean": 8.014064745366538,
        "bias sd": 5.694497680071419,
        "wasserstein mean": 0.02367599526079166,
        "wasserstein sd": 0.017628340626105358
    },
    "COW_Self-employed in own incorporated business, professional practice or farm_relative_bias": {
        "bias mean": 14.609377837420496,
        "bias sd": 8.43864342191186,
        "wasserstein mean": 0.0303931888453711,
        "wasserstein sd": 0.017963496127840976
    },
    "COW_Self-employed in own not incorporated business, professional practice, or farm_relative_bias": {
        "bias mean": 10.112576402581878,
        "bias sd": 9.302119491385236,
        "wasserstein mean": 0.030018833821064853,
        "wasserstein sd": 0.025867523266694597
    },
    "COW_State government employee_relative_bias": {
        "bias mean": 10.310293488680609,
        "bias sd": 6.2653757803342005,
        "wasserstein mean": 0.022678110577018736,
        "wasserstein sd": 0.01468331955544053
    },
    "COW_Working without pay in family business or farm_relative_bias": {
        "bias mean": 78.51880725076572,
        "bias sd": 148.49020595944455,
        "wasserstein mean": 0.026654151187428542,
        "wasserstein sd": 0.020247874581507497
    },
    "SCHL_1 or more years of college credit, no degree_relative_bias": {
        "bias mean": 9.637449231012171,
        "bias sd": 5.811915686570734,
        "wasserstein mean": 0.04201456926459443,
        "wasserstein sd": 0.0249505999247394
    },
    "SCHL_12th grade - no diploma_relative_bias": {
        "bias mean": 23.543805252273955,
        "bias sd": 18.99968611389352,
        "wasserstein mean": 0.033792730377975866,
        "wasserstein sd": 0.02313119493250648
    },
    "SCHL_Associate's degree_relative_bias": {
        "bias mean": 7.689621138289477,
        "bias sd": 5.300051582057584,
        "wasserstein mean": 0.022261364288790192,
        "wasserstein sd": 0.015391076967334527
    },
    "SCHL_Bachelor's degree_relative_bias": {
        "bias mean": 12.824723999207906,
        "bias sd": 5.131836007342303,
        "wasserstein mean": 0.07255151878921505,
        "wasserstein sd": 0.02997254851210095
    },
    "SCHL_Doctorate degree_relative_bias": {
        "bias mean": 25.52162907064702,
        "bias sd": 13.99936282793407,
        "wasserstein mean": 0.038318560892517006,
        "wasserstein sd": 0.024533791882783013
    },
    "SCHL_GED or alternative credential_relative_bias": {
        "bias mean": 18.85081993160619,
        "bias sd": 16.759504114383233,
        "wasserstein mean": 0.026355982413048457,
        "wasserstein sd": 0.02184474384689387
    },
    "SCHL_Grade 1_relative_bias": {
        "bias mean": Infinity,
        "bias sd": NaN,
        "wasserstein mean": 0.026557310528676836,
        "wasserstein sd": 0.020611747862864276
    },
    "SCHL_Grade 10_relative_bias": {
        "bias mean": 38.04629976104967,
        "bias sd": 42.43962157404134,
        "wasserstein mean": 0.02763045897403381,
        "wasserstein sd": 0.02160078435523091
    },
    "SCHL_Grade 11_relative_bias": {
        "bias mean": 26.339590833704698,
        "bias sd": 22.162563161441142,
        "wasserstein mean": 0.030895738094360792,
        "wasserstein sd": 0.022805503525606015
    },
    "SCHL_Grade 2_relative_bias": {
        "bias mean": -1.4182530041293784e+16,
        "bias sd": 9.927771028905704e+16,
        "wasserstein mean": 0.026291062031007315,
        "wasserstein sd": 0.020630395817367204
    },
    "SCHL_Grade 3_relative_bias": {
        "bias mean": 51.6755727676596,
        "bias sd": 53.34236959105121,
        "wasserstein mean": 0.023146336616059356,
        "wasserstein sd": 0.01828225618106207
    },
    "SCHL_Grade 4_relative_bias": {
        "bias mean": 63.9556562019518,
        "bias sd": 55.37988157745075,
        "wasserstein mean": 0.02147441906556431,
        "wasserstein sd": 0.01223332894566556
    },
    "SCHL_Grade 5_relative_bias": {
        "bias mean": 83.63964136578535,
        "bias sd": 91.6595270276062,
        "wasserstein mean": 0.029626705295518852,
        "wasserstein sd": 0.024271021098488207
    },
    "SCHL_Grade 6_relative_bias": {
        "bias mean": 27.667819296053686,
        "bias sd": 22.26639266981053,
        "wasserstein mean": 0.03203876387630708,
        "wasserstein sd": 0.02147005284659106
    },
    "SCHL_Grade 7_relative_bias": {
        "bias mean": 56.5189333401121,
        "bias sd": 49.23408097978927,
        "wasserstein mean": 0.027402258918444788,
        "wasserstein sd": 0.020016006465844956
    },
    "SCHL_Grade 8_relative_bias": {
        "bias mean": 34.35528734155167,
        "bias sd": 27.566200054158955,
        "wasserstein mean": 0.02496924190443571,
        "wasserstein sd": 0.0167064757712944
    },
    "SCHL_Grade 9_relative_bias": {
        "bias mean": 29.138011694570825,
        "bias sd": 25.929329971411804,
        "wasserstein mean": 0.028594618428293375,
        "wasserstein sd": 0.02180100366003442
    },
    "SCHL_Kindergarten_relative_bias": {
        "bias mean": Infinity,
        "bias sd": NaN,
        "wasserstein mean": 0.023082520200568037,
        "wasserstein sd": 0.01817851968605648
    },
    "SCHL_Master's degree_relative_bias": {
        "bias mean": 22.530323956150387,
        "bias sd": 7.622561950771268,
        "wasserstein mean": 0.07627797838028527,
        "wasserstein sd": 0.028103268589977415
    },
    "SCHL_No schooling completed_relative_bias": {
        "bias mean": 26.38769583517407,
        "bias sd": 19.9061850737,
        "wasserstein mean": 0.03318957099767612,
        "wasserstein sd": 0.022561281501841352
    },
    "SCHL_Nursery school, preschool_relative_bias": {
        "bias mean": 3.0219446642062445e+17,
        "bias sd": 5.796125888051955e+17,
        "wasserstein mean": 0.02329834809187795,
        "wasserstein sd": 0.021266036766908393
    },
    "SCHL_Professional degree beyond a bachelor's degree_relative_bias": {
        "bias mean": 23.369000217536353,
        "bias sd": 12.732309547737104,
        "wasserstein mean": 0.042369450046199825,
        "wasserstein sd": 0.02462784365302003
    },