{
    "MMDs": {
        "mean": 0.06454508050914366,
        "sd": 0.005411807095856179
    },
    "auroc": {
        "mean": 0.5758659107993286,
        "sd": 0.07244035631130535
    },
    "auprc": {
        "mean": 0.44518108249540794,
        "sd": 0.019874172041857787
    },
    "mse": {
        "mean": 1.2494542308490684,
        "sd": 0.06314925518571658
    },
    "remaining samples": {
        "mean": 1513.7,
        "sd": 23.989789494699615
    },
    "all_samples": 1502,
    "AGEP_relative_bias": {
        "bias mean": 7.010207275706617,
        "bias sd": 0.8866872693993342,
        "wasserstein mean": 0.20342798788394295,
        "wasserstein sd": 0.025855964572498818
    },
    "WKHP_relative_bias": {
        "bias mean": 9.088232433430788,
        "bias sd": 1.312917895746899,
        "wasserstein mean": 0.2684357816258887,
        "wasserstein sd": 0.037724843060911645
    },
    "COW_Employee of a private for-profit company or business, or of an individual, for wages, salary, or commissions_relative_bias": {
        "bias mean": 4.6677915342441505,
        "bias sd": 2.0914685559409074,
        "wasserstein mean": 0.06381576933229623,
        "wasserstein sd": 0.028405786329089192
    },
    "COW_Employee of a private not-for-profit, tax-exempt, or charitable organization_relative_bias": {
        "bias mean": 11.51109564340937,
        "bias sd": 5.431407600728471,
        "wasserstein mean": 0.031639464216259724,
        "wasserstein sd": 0.01406088702089443
    },
    "COW_Federal government employee_relative_bias": {
        "bias mean": 15.128487113372708,
        "bias sd": 12.468391219561191,
        "wasserstein mean": 0.024746077068394857,
        "wasserstein sd": 0.021670374619834357
    },
    "COW_Local government employee (city, county, etc.)_relative_bias": {
        "bias mean": 17.297562573100656,
        "bias sd": 9.463758791025649,
        "wasserstein mean": 0.051582107521260634,
        "wasserstein sd": 0.029990612325141525
    },
    "COW_Self-employed in own incorporated business, professional practice or farm_relative_bias": {
        "bias mean": 30.19210139695189,
        "bias sd": 12.506661022914791,
        "wasserstein mean": 0.06493110304059177,
        "wasserstein sd": 0.02904984250754427
    },
    "COW_Self-employed in own not incorporated business, professional practice, or farm_relative_bias": {
        "bias mean": 12.710978410179381,
        "bias sd": 10.49779607433767,
        "wasserstein mean": 0.03734796569284457,
        "wasserstein sd": 0.029205075653913212
    },
    "COW_State government employee_relative_bias": {
        "bias mean": 20.72861061222336,
        "bias sd": 13.07271510446844,
        "wasserstein mean": 0.044625991659809974,
        "wasserstein sd": 0.02964740767759923
    },
    "COW_Working without pay in family business or farm_relative_bias": {
        "bias mean": 53.70384131879346,
        "bias sd": 47.19134358052176,
        "wasserstein mean": 0.021917288853974506,
        "wasserstein sd": 0.017682692944181504
    },
    "SCHL_1 or more years of college credit, no degree_relative_bias": {
        "bias mean": 16.503858051797586,
        "bias sd": 7.943545738732461,
        "wasserstein mean": 0.07196474162055065,
        "wasserstein sd": 0.03311384242292825
    },
    "SCHL_12th grade - no diploma_relative_bias": {
        "bias mean": 45.062980496709706,
        "bias sd": 31.544622830395184,
        "wasserstein mean": 0.061953439998221484,
        "wasserstein sd": 0.03832214530604833
    },
    "SCHL_Associate's degree_relative_bias": {
        "bias mean": 11.484554967967075,
        "bias sd": 7.951651226160574,
        "wasserstein mean": 0.033368516420090186,
        "wasserstein sd": 0.022482626568373142
    },
    "SCHL_Bachelor's degree_relative_bias": {
        "bias mean": 26.99013595555552,
        "bias sd": 6.254954286789901,
        "wasserstein mean": 0.1525146849442533,
        "wasserstein sd": 0.03882979735456618
    },
    "SCHL_Doctorate degree_relative_bias": {
        "bias mean": 59.44062665985878,
        "bias sd": 12.796370301095813,
        "wasserstein mean": 0.08459685407676595,
        "wasserstein sd": 0.022510957018298448
    },
    "SCHL_GED or alternative credential_relative_bias": {
        "bias mean": 33.58539678880774,
        "bias sd": 25.76937713672826,
        "wasserstein mean": 0.04394472992179347,
        "wasserstein sd": 0.02737183673706412
    },
    "SCHL_Grade 1_relative_bias": {
        "bias mean": Infinity,
        "bias sd": NaN,
        "wasserstein mean": 0.036758639919952436,
        "wasserstein sd": 0.028807154071051274
    },
    "SCHL_Grade 10_relative_bias": {
        "bias mean": 48.083959241056796,
        "bias sd": 42.992094444479996,
        "wasserstein mean": 0.03884118953928693,
        "wasserstein sd": 0.0241904701499868
    },
    "SCHL_Grade 11_relative_bias": {
        "bias mean": 52.82237837754176,
        "bias sd": 33.76226582216422,
        "wasserstein mean": 0.06291814445682066,
        "wasserstein sd": 0.03469717844401431
    },
    "SCHL_Grade 2_relative_bias": {
        "bias mean": 144.48168186711374,
        "bias sd": 163.65980599296557,
        "wasserstein mean": 0.03137172526118774,
        "wasserstein sd": 0.0234637213941398
    },
    "SCHL_Grade 3_relative_bias": {
        "bias mean": 113.00159373896811,
        "bias sd": 96.29904060647945,
        "wasserstein mean": 0.04557840558999928,
        "wasserstein sd": 0.025471642969655886
    },
    "SCHL_Grade 4_relative_bias": {
        "bias mean": 130.82505026116127,
        "bias sd": 213.99569169889892,
        "wasserstein mean": 0.03373101975758574,
        "wasserstein sd": 0.02898561195834012
    },
    "SCHL_Grade 5_relative_bias": {
        "bias mean": 60.32360675015352,
        "bias sd": 58.27532999899456,
        "wasserstein mean": 0.031554673241735276,
        "wasserstein sd": 0.026470783829183983
    },
    "SCHL_Grade 6_relative_bias": {
        "bias mean": 54.928900536408136,
        "bias sd": 33.31479876369949,
        "wasserstein mean": 0.0626593843200991,
        "wasserstein sd": 0.031806448531555995
    },
    "SCHL_Grade 7_relative_bias": {
        "bias mean": 79.79568363496335,
        "bias sd": 76.55117248485294,
        "wasserstein mean": 0.034780296833687295,
        "wasserstein sd": 0.02265597202906409
    },
    "SCHL_Grade 8_relative_bias": {
        "bias mean": 66.38854534288946,
        "bias sd": 73.32192048276573,
        "wasserstein mean": 0.0385402416249384,
        "wasserstein sd": 0.02816845527820225
    },
    "SCHL_Grade 9_relative_bias": {
        "bias mean": 62.65795114889791,
        "bias sd": 39.79567128426986,
        "wasserstein mean": 0.06203462360343674,
        "wasserstein sd": 0.03350197785034284
    },
    "SCHL_Kindergarten_relative_bias": {
        "bias mean": Infinity,
        "bias sd": NaN,
        "wasserstein mean": 0.020937182813824295,
        "wasserstein sd": 0.024501835665035072
    },
    "SCHL_Master's degree_relative_bias": {
        "bias mean": 48.459870908563126,
        "bias sd": 4.66269737294138,
        "wasserstein mean": 0.16452708496461904,
        "wasserstein sd": 0.020536580977681615
    },
    "SCHL_No schooling completed_relative_bias": {
        "bias mean": 49.46604441918058,
        "bias sd": 30.14766153921917,
        "wasserstein mean": 0.06271928532092405,
        "wasserstein sd": 0.03384561636430567
    },
    "SCHL_Nursery school, preschool_relative_bias": {
        "bias mean": 1.1974801248312138e+17,
        "bias sd": 3.5924876801775584e+17,
        "wasserstein mean": 0.02151768683906578,
        "wasserstein sd": 0.01677781713294902
    },
    "SCHL_Professional degree beyond a bachelor's degree_relative_bias": {
        "bias mean": 55.271892291466926,
        "bias sd": 10.919363120535694,
        "wasserstein mean": 0.09408826980721427,
        "wasserstein sd": 0.026366346090639103
    },