{
    "MMDs": {
        "mean": 0.022466863457212893,
        "sd": 0.003029974088289634
    },
    "auroc": {
        "mean": 0.8093473344017464,
        "sd": 0.012530685857476583
    },
    "auprc": {
        "mean": 0.7324777628474499,
        "sd": 0.020867343255765697
    },
    "remaining samples": {
        "mean": 2228.52,
        "sd": 5.092111546303753
    },
    "all_samples": 2226,
    "AGEP_relative_bias": {
        "bias mean": 1.6836249482076175,
        "bias sd": 0.8860998596492107,
        "wasserstein mean": 0.054660942796913664,
        "wasserstein sd": 0.021521336437597863
    },
    "WKHP_relative_bias": {
        "bias mean": 1.5522424307876264,
        "bias sd": 0.7487902194005875,
        "wasserstein mean": 0.055840899836063024,
        "wasserstein sd": 0.017837930742291702
    },
    "COW_Employee of a private for-profit company or business, or of an individual, for wages, salary, or commissions_relative_bias": {
        "bias mean": 2.0825422379272336,
        "bias sd": 1.46410250137215,
        "wasserstein mean": 0.02841007173706088,
        "wasserstein sd": 0.01985698408977029
    },
    "COW_Employee of a private not-for-profit, tax-exempt, or charitable organization_relative_bias": {
        "bias mean": 7.210577132070361,
        "bias sd": 6.39261283487064,
        "wasserstein mean": 0.02012970040309593,
        "wasserstein sd": 0.018018924320403994
    },
    "COW_Federal government employee_relative_bias": {
        "bias mean": 14.702582518298879,
        "bias sd": 9.956427481116632,
        "wasserstein mean": 0.024511167235459198,
        "wasserstein sd": 0.016766524410265275
    },
    "COW_Local government employee (city, county, etc.)_relative_bias": {
        "bias mean": 6.545707479278607,
        "bias sd": 4.73889643929052,
        "wasserstein mean": 0.01904899498875797,
        "wasserstein sd": 0.013995996026126552
    },
    "COW_Self-employed in own incorporated business, professional practice or farm_relative_bias": {
        "bias mean": 10.916812637667725,
        "bias sd": 7.223824485252872,
        "wasserstein mean": 0.022557959976570587,
        "wasserstein sd": 0.015240331008198247
    },
    "COW_Self-employed in own not incorporated business, professional practice, or farm_relative_bias": {
        "bias mean": 9.385679367931717,
        "bias sd": 7.568120949836674,
        "wasserstein mean": 0.028221536463933078,
        "wasserstein sd": 0.02140847507336833
    },
    "COW_State government employee_relative_bias": {
        "bias mean": 8.10043265268673,
        "bias sd": 5.215296462914866,
        "wasserstein mean": 0.01771822129648348,
        "wasserstein sd": 0.012001025066141544
    },
    "COW_Working without pay in family business or farm_relative_bias": {
        "bias mean": 70.09865510195604,
        "bias sd": 140.7504654610425,
        "wasserstein mean": 0.024016079580465154,
        "wasserstein sd": 0.01775531812622769
    },
    "SCHL_1 or more years of college credit, no degree_relative_bias": {
        "bias mean": 7.080140947883142,
        "bias sd": 4.222316050180258,
        "wasserstein mean": 0.030932323427491762,
        "wasserstein sd": 0.018143558102349164
    },
    "SCHL_12th grade - no diploma_relative_bias": {
        "bias mean": 18.7743901282917,
        "bias sd": 15.642987226246555,
        "wasserstein mean": 0.027232352582749794,
        "wasserstein sd": 0.019926812414390736
    },
    "SCHL_Associate's degree_relative_bias": {
        "bias mean": 7.330136029436034,
        "bias sd": 5.616195462147033,
        "wasserstein mean": 0.021248483793284735,
        "wasserstein sd": 0.01647639272954557
    },
    "SCHL_Bachelor's degree_relative_bias": {
        "bias mean": 6.729633035943882,
        "bias sd": 4.393486773797994,
        "wasserstein mean": 0.03828884210143632,
        "wasserstein sd": 0.025564848834200574
    },
    "SCHL_Doctorate degree_relative_bias": {
        "bias mean": 15.804669982395222,
        "bias sd": 10.55840870270599,
        "wasserstein mean": 0.023929924909289323,
        "wasserstein sd": 0.01877500249298336
    },
    "SCHL_GED or alternative credential_relative_bias": {
        "bias mean": 17.59390132252469,
        "bias sd": 14.35530835439793,
        "wasserstein mean": 0.025239331571141384,
        "wasserstein sd": 0.019452141829587127
    },
    "SCHL_Grade 1_relative_bias": {
        "bias mean": Infinity,
        "bias sd": NaN,
        "wasserstein mean": 0.02586393710283643,
        "wasserstein sd": 0.01953463152838974
    },
    "SCHL_Grade 10_relative_bias": {
        "bias mean": 30.56826988593061,
        "bias sd": 33.84493751218204,
        "wasserstein mean": 0.022502131942511806,
        "wasserstein sd": 0.01640960674111576
    },
    "SCHL_Grade 11_relative_bias": {
        "bias mean": 18.52813205521636,
        "bias sd": 17.55410161069058,
        "wasserstein mean": 0.02182482639210507,
        "wasserstein sd": 0.018105173618406512
    },
    "SCHL_Grade 2_relative_bias": {
        "bias mean": -1.2436007240703004e+16,
        "bias sd": 8.705205068492152e+16,
        "wasserstein mean": 0.02488629912071614,
        "wasserstein sd": 0.018552587940009954
    },
    "SCHL_Grade 3_relative_bias": {
        "bias mean": 44.56724479552346,
        "bias sd": 45.804359772608976,
        "wasserstein mean": 0.020564207642289806,
        "wasserstein sd": 0.016121576126266714
    },
    "SCHL_Grade 4_relative_bias": {
        "bias mean": 56.052672766064006,
        "bias sd": 45.558739606505135,
        "wasserstein mean": 0.01973495935573222,
        "wasserstein sd": 0.011041525952730948
    },
    "SCHL_Grade 5_relative_bias": {
        "bias mean": 72.01722033816952,
        "bias sd": 76.4203822058936,
        "wasserstein mean": 0.026490302740099368,
        "wasserstein sd": 0.02071367002126273
    },
    "SCHL_Grade 6_relative_bias": {
        "bias mean": 20.247685910552875,
        "bias sd": 17.504672238840296,
        "wasserstein mean": 0.023694160216990664,
        "wasserstein sd": 0.017468632031082964
    },
    "SCHL_Grade 7_relative_bias": {
        "bias mean": 51.2215775465256,
        "bias sd": 39.02491402900124,
        "wasserstein mean": 0.025566924599619057,
        "wasserstein sd": 0.017453004595084896
    },
    "SCHL_Grade 8_relative_bias": {
        "bias mean": 28.89504762682801,
        "bias sd": 23.28822382204889,
        "wasserstein mean": 0.021574884062477966,
        "wasserstein sd": 0.0161589988504971
    },
    "SCHL_Grade 9_relative_bias": {
        "bias mean": 23.490266537705512,
        "bias sd": 19.49462721018794,
        "wasserstein mean": 0.02355159141427764,
        "wasserstein sd": 0.016512305686047873
    },
    "SCHL_Kindergarten_relative_bias": {
        "bias mean": Infinity,
        "bias sd": NaN,
        "wasserstein mean": 0.022385564456168378,
        "wasserstein sd": 0.016033355976007017
    },
    "SCHL_Master's degree_relative_bias": {
        "bias mean": 11.789314335553968,
        "bias sd": 6.163627701128879,
        "wasserstein mean": 0.040120480507283236,
        "wasserstein sd": 0.021959660179193194
    },
    "SCHL_No schooling completed_relative_bias": {
        "bias mean": 19.298049705941022,
        "bias sd": 15.238906434550909,
        "wasserstein mean": 0.024543274530304183,
        "wasserstein sd": 0.01788550536727655
    },
    "SCHL_Nursery school, preschool_relative_bias": {
        "bias mean": 2.982873490109294e+17,
        "bias sd": 5.433763601994126e+17,
        "wasserstein mean": 0.02171707700552112,
        "wasserstein sd": 0.020345578384699577
    },
    "SCHL_Professional degree beyond a bachelor's degree_relative_bias": {
        "bias mean": 15.586305956357673,
        "bias sd": 9.78896670641055,
        "wasserstein mean": 0.02810568808072565,
        "wasserstein sd": 0.01871908461819007
    },