{"MMDs": {"mean": 0.022831217438734334, "sd": 0.00203311198480604}, "auroc": {"mean": 0.8262023906095115, "sd": 0.01939320380752775}, "auprc": {"mean": 0.7190499339338363, "sd": 0.0288664074820112}, "remaining samples": {"mean": 2250.0, "sd": 0.0}, "all_samples": 2250, "AGEP_relative_bias": {"bias mean": 0.7579680511181611, "bias sd": 0.21413764871382043, "wasserstein mean": 0.026095427548980327, "wasserstein sd": 0.004254262472180508}, "SCHL_1 or more years of college credit, no degree_relative_bias": {"bias mean": 2.619715955773704, "bias sd": 1.0195513508697578, "wasserstein mean": 0.010131477726067312, "wasserstein sd": 0.0038229905781697795}, "SCHL_12th grade - no diploma_relative_bias": {"bias mean": 3.2889815112167615, "bias sd": 2.1283976223930887, "wasserstein mean": 0.005099359462705408, "wasserstein sd": 0.003559165683443458}, "SCHL_Associate's degree_relative_bias": {"bias mean": 1.4749829995500716, "bias sd": 1.1340718063192152, "wasserstein mean": 0.0037708786781219276, "wasserstein sd": 0.0028480131175360954}, "SCHL_Bachelor's degree_relative_bias": {"bias mean": 3.652469952315211, "bias sd": 0.9152227557173569, "wasserstein mean": 0.016176197880133095, "wasserstein sd": 0.0038986408866669518}, "SCHL_Doctorate degree_relative_bias": {"bias mean": 2.1039678886538726, "bias sd": 1.6407416044615462, "wasserstein mean": 0.002420047200998023, "wasserstein sd": 0.001942325014153527}, "SCHL_GED or alternative credential_relative_bias": {"bias mean": 3.413100876629426, "bias sd": 2.2147826671944086, "wasserstein mean": 0.004955144438947352, "wasserstein sd": 0.0032969111480299134}, "SCHL_Grade 1_relative_bias": {"bias mean": 7.940801282365763, "bias sd": 3.186048339215793, "wasserstein mean": 0.00835342391699776, "wasserstein sd": 0.0038875024824224775}, "SCHL_Grade 10_relative_bias": {"bias mean": 4.086158076218099, "bias sd": 2.6336069561316404, "wasserstein mean": 0.006116851336225004, "wasserstein sd": 0.004091772090586367}, "SCHL_Grade 11_relative_bias": {"bias mean": 2.8736794844735494, "bias sd": 1.9938626810081854, "wasserstein mean": 0.004694955739937046, "wasserstein sd": 0.003337779890102958}, "SCHL_Grade 2_relative_bias": {"bias mean": 6.190312840724235, "bias sd": 3.232744176248409, "wasserstein mean": 0.007014995978570737, "wasserstein sd": 0.0039570443455614526}, "SCHL_Grade 3_relative_bias": {"bias mean": 5.953273650043813, "bias sd": 3.1833427053014303, "wasserstein mean": 0.0073025752469575225, "wasserstein sd": 0.003926269250963602}, "SCHL_Grade 4_relative_bias": {"bias mean": 5.655349989186788, "bias sd": 2.9999458350652395, "wasserstein mean": 0.006746284033172033, "wasserstein sd": 0.003719604090005509}, "SCHL_Grade 5_relative_bias": {"bias mean": 5.3315098329765, "bias sd": 2.8048884275980646, "wasserstein mean": 0.006525462003439295, "wasserstein sd": 0.0034819728233312073}, "SCHL_Grade 6_relative_bias": {"bias mean": 2.392075228064086, "bias sd": 1.9011161519878528, "wasserstein mean": 0.004045508501809009, "wasserstein sd": 0.00330990638644169}, "SCHL_Grade 7_relative_bias": {"bias mean": 5.509698433387564, "bias sd": 2.486279838449982, "wasserstein mean": 0.0067934833318506905, "wasserstein sd": 0.0032484137259860143}, "SCHL_Grade 8_relative_bias": {"bias mean": 4.243441898321932, "bias sd": 2.640338823882246, "wasserstein mean": 0.005805503498837029, "wasserstein sd": 0.0036943301467809234}, "SCHL_Grade 9_relative_bias": {"bias mean": 3.4493249755237394, "bias sd": 2.2139636064348918, "wasserstein mean": 0.005276694139689179, "wasserstein sd": 0.003603558996826208}, "SCHL_Kindergarten_relative_bias": {"bias mean": 5.764185508328324, "bias sd": 2.9255041959188266, "wasserstein mean": 0.0065475122262289255, "wasserstein sd": 0.0036137182371001504}, "SCHL_Master's degree_relative_bias": {"bias mean": 2.142347083861031, "bias sd": 1.4393001848990823, "wasserstein mean": 0.0058437878979636934, "wasserstein sd": 0.0037808491642724925}, "SCHL_N/A (less than 3 years old)_relative_bias": {"bias mean": 12.8235685079675, "bias sd": 2.7052524965745985, "wasserstein mean": 0.021823405531140674, "wasserstein sd": 0.005568049050020434}, "SCHL_No schooling completed_relative_bias": {"bias mean": 1.855005793893905, "bias sd": 1.352038334422952, "wasserstein mean": 0.003909626394333082, "wasserstein sd": 0.002946704084036086}, "SCHL_Nursery school, preschool_relative_bias": {"bias mean": 4.858735452850377, "bias sd": 2.8226305621681753, "wasserstein mean": 0.005776214684506781, "wasserstein sd": 0.0037987540854082006}, "SCHL_Professional degree beyond a bachelor's degree_relative_bias": {"bias mean": 1.494802198954101, "bias sd": 1.2082760218624344, "wasserstein mean": 0.0020685312799352, "wasserstein sd": 0.0017106464993852772}, "SCHL_Regular high school diploma_relative_bias": {"bias mean": 2.376593542068393, "bias sd": 0.8852375877384088, "wasserstein mean": 0.0099697719098162, "wasserstein sd": 0.003721363335673397}, "SCHL_Some college, but less than 1 year_relative_bias": {"bias mean": 1.3595470831841527, "bias sd": 0.9678070524640132, "wasserstein mean": 0.003222757105017238, "wasserstein sd": 0.0022980024961429175}, "MAR_Divorced_relative_bias": {"bias mean": 1.0432218052298572, "bias sd": 0.8236134197025045, "wasserstein mean": 0.0030759891436410924, "wasserstein sd": 0.0024418899301391164}, "MAR_Married_relative_bias": {"bias mean": 1.9335099873327948, "bias sd": 0.38768508587253164, "wasserstein mean": 0.01613788245136624, "wasserstein sd": 0.0031774652270092512}, "MAR_Never married or under 15 years old_relative_bias": {"bias mean": 1.122123415035317, "bias sd": 0.38616520150419764, "wasserstein mean": 0.01017078541901092, "wasserstein sd": 0.0035158522274379976}, "MAR_Separated_relative_bias": {"bias mean": 7.621244931639354, "bias sd": 2.979206806683851, "wasserstein mean": 0.00922554872588024, "wasserstein sd": 0.004071749629505884}, "MAR_Widowed_relative_bias": {"bias mean": 3.471961970236424, "bias sd": 1.6218466568693073, "wasserstein mean": 0.007509898367049752, "wasserstein sd": 0.0035382888479535035}, "RELP_Adopted son or daughter_relative_bias": {"bias mean": 100.0, "bias sd": 0.0, "wasserstein mean": 0.06721875308934407, "wasserstein sd": 0.01945117901869176}, "RELP_Biological son or daughter_relative_bias": {"bias mean": 1.1843788901122265, "bias sd": 0.611728734795032, "wasserstein mean": 0.006926697539625678, "wasserstein sd": 0.0035780746976445967}, "RELP_Brother or sister_relative_bias": {"bias mean": 3.3425327678287458, "bias sd": 2.4972005832683606, "wasserstein mean": 0.0041404169209950424, "wasserstein sd": 0.003139171592340436}, "RELP_Father or mother_relative_bias": {"bias mean": 3.488517260804036, "bias sd": 2.518041837812065, "wasserstein mean": 0.005028794790309996, "wasserstein sd": 0.0037435965647275755}, "RELP_Foster child_relative_bias": {"bias mean": 100.0, "bias sd": 0.0, "wasserstein mean": 0.024406576305285012, "wasserstein sd": 0.01914116452451901}, "RELP_Grandchild_relative_bias": {"bias mean": 8.566896148804425, "bias sd": 2.690516665552973, "wasserstein mean": 0.01374160685278975, "wasserstein sd": 0.0047483583309841145}, "RELP_Housemate or roommate_relative_bias": {"bias mean": 1.877320545667656, "bias sd": 1.3874908121026912, "wasserstein mean": 0.0025756709661953208, "wasserstein sd": 0.00198029857330037}, "RELP_Husband/wife_relative_bias": {"bias mean": 3.1963922294612614, "bias sd": 0.7027919713681929, "wasserstein mean": 0.01515657385977809, "wasserstein sd": 0.0032410942174997304}, "RELP_Institutionalized group quarters population_relative_bias": {"bias mean": 2.7674611748350237, "bias sd": 1.9387336760463394, "wasserstein mean": 0.004137935621125949, "wasserstein sd": 0.0028794587937766695}, "RELP_Noninstitutionalized group quarters population_relative_bias": {"bias mean": 6.288219691708328, "bias sd": 2.8584767402554356, "wasserstein mean": 0.009702302544520704, "wasserstein sd": 0.0044289459114563385}, "RELP_Other nonrelative_relative_bias": {"bias mean": 4.711483205906939,