{"MMDs": {"mean": 0.022966013465622034, "sd": 0.0019716825328565534}, "auroc": {"mean": 0.8263136465977436, "sd": 0.020149349245399545}, "auprc": {"mean": 0.7189042516944483, "sd": 0.02979991471311208}, "remaining samples": {"mean": 2250.0, "sd": 0.0}, "all_samples": 2250, "AGEP_relative_bias": {"bias mean": 0.780596979254334, "bias sd": 0.21064083540440195, "wasserstein mean": 0.02693172611408275, "wasserstein sd": 0.0046145845048505005}, "SCHL_1 or more years of college credit, no degree_relative_bias": {"bias mean": 2.726042829983818, "bias sd": 1.0695296722214418, "wasserstein mean": 0.010529546338622178, "wasserstein sd": 0.004026160838185233}, "SCHL_12th grade - no diploma_relative_bias": {"bias mean": 3.076764132617314, "bias sd": 1.959730121557448, "wasserstein mean": 0.004734502857260955, "wasserstein sd": 0.0031815755090118733}, "SCHL_Associate's degree_relative_bias": {"bias mean": 1.5549798618165869, "bias sd": 1.061382576863031, "wasserstein mean": 0.003963016238492768, "wasserstein sd": 0.0026755415518267163}, "SCHL_Bachelor's degree_relative_bias": {"bias mean": 3.6686167516362693, "bias sd": 0.9302165383546096, "wasserstein mean": 0.016292647779539322, "wasserstein sd": 0.0040314823032321844}, "SCHL_Doctorate degree_relative_bias": {"bias mean": 2.1612617826283183, "bias sd": 1.7109019820861218, "wasserstein mean": 0.0024837994847501186, "wasserstein sd": 0.00199950509349062}, "SCHL_GED or alternative credential_relative_bias": {"bias mean": 3.3280591322502056, "bias sd": 2.1530098812679492, "wasserstein mean": 0.004749475932373056, "wasserstein sd": 0.0031862860187153712}, "SCHL_Grade 1_relative_bias": {"bias mean": 7.502574308138944, "bias sd": 3.6048268281634828, "wasserstein mean": 0.00814609127571589, "wasserstein sd": 0.004191827829952794}, "SCHL_Grade 10_relative_bias": {"bias mean": 4.0288517787763745, "bias sd": 2.7411671501960044, "wasserstein mean": 0.005968388256532058, "wasserstein sd": 0.004189293249119862}, "SCHL_Grade 11_relative_bias": {"bias mean": 2.7678405292067936, "bias sd": 2.023100958954117, "wasserstein mean": 0.004587747065517317, "wasserstein sd": 0.0034052818101420017}, "SCHL_Grade 2_relative_bias": {"bias mean": 6.663062246868318, "bias sd": 3.316289615388364, "wasserstein mean": 0.007641073477394471, "wasserstein sd": 0.004120292252419027}, "SCHL_Grade 3_relative_bias": {"bias mean": 6.119920932014464, "bias sd": 3.2283548008904326, "wasserstein mean": 0.007443197645559623, "wasserstein sd": 0.00409931934886635}, "SCHL_Grade 4_relative_bias": {"bias mean": 5.990909094704499, "bias sd": 3.1260968120857275, "wasserstein mean": 0.007074914294579875, "wasserstein sd": 0.0039035287193776693}, "SCHL_Grade 5_relative_bias": {"bias mean": 5.650932016854011, "bias sd": 2.9274539608845744, "wasserstein mean": 0.007026931516507653, "wasserstein sd": 0.0038671247139500427}, "SCHL_Grade 6_relative_bias": {"bias mean": 2.4926226145756383, "bias sd": 1.8082967301398882, "wasserstein mean": 0.00423613989971884, "wasserstein sd": 0.0031621463375807106}, "SCHL_Grade 7_relative_bias": {"bias mean": 5.768379278816548, "bias sd": 3.0097673310534954, "wasserstein mean": 0.007043738233956079, "wasserstein sd": 0.003808798609018127}, "SCHL_Grade 8_relative_bias": {"bias mean": 4.282016136803536, "bias sd": 2.664997294542368, "wasserstein mean": 0.005962981137752061, "wasserstein sd": 0.003769043613214706}, "SCHL_Grade 9_relative_bias": {"bias mean": 3.463077388070369, "bias sd": 2.247417360294616, "wasserstein mean": 0.005322203827693048, "wasserstein sd": 0.0035653753073381527}, "SCHL_Kindergarten_relative_bias": {"bias mean": 5.784476096216049, "bias sd": 3.079654231608852, "wasserstein mean": 0.006586466383398429, "wasserstein sd": 0.0037037471436103526}, "SCHL_Master's degree_relative_bias": {"bias mean": 2.0759294666213663, "bias sd": 1.2212304903014755, "wasserstein mean": 0.005630333850387533, "wasserstein sd": 0.0032510957762446487}, "SCHL_N/A (less than 3 years old)_relative_bias": {"bias mean": 12.606813131739354, "bias sd": 2.598883140174643, "wasserstein mean": 0.021728778904080134, "wasserstein sd": 0.00532305301010147}, "SCHL_No schooling completed_relative_bias": {"bias mean": 1.973964082259861, "bias sd": 1.4733295289785224, "wasserstein mean": 0.004070440747644869, "wasserstein sd": 0.003088176165743606}, "SCHL_Nursery school, preschool_relative_bias": {"bias mean": 5.129529148746393, "bias sd": 2.9195753451610567, "wasserstein mean": 0.006045259860165689, "wasserstein sd": 0.0036337897478165427}, "SCHL_Professional degree beyond a bachelor's degree_relative_bias": {"bias mean": 1.4942475675112692, "bias sd": 1.1945769755162516, "wasserstein mean": 0.002105616371465459, "wasserstein sd": 0.0016933391027275817}, "SCHL_Regular high school diploma_relative_bias": {"bias mean": 2.4630911895530385, "bias sd": 1.0373543017849565, "wasserstein mean": 0.01022102668407226, "wasserstein sd": 0.004253146494494892}, "SCHL_Some college, but less than 1 year_relative_bias": {"bias mean": 1.2267343965171091, "bias sd": 0.9514792664964791, "wasserstein mean": 0.00292203627948649, "wasserstein sd": 0.002258821621562163}, "MAR_Divorced_relative_bias": {"bias mean": 0.979978831806014, "bias sd": 0.7594118219612305, "wasserstein mean": 0.0028714829604718187, "wasserstein sd": 0.002260656476616232}, "MAR_Married_relative_bias": {"bias mean": 1.987512480715374, "bias sd": 0.4189231120121967, "wasserstein mean": 0.016542142899542443, "wasserstein sd": 0.0034153104236409916}, "MAR_Never married or under 15 years old_relative_bias": {"bias mean": 1.1782293679671747, "bias sd": 0.377974185841215, "wasserstein mean": 0.010702394484748237, "wasserstein sd": 0.0034599925677023502}, "MAR_Separated_relative_bias": {"bias mean": 7.460708881017469, "bias sd": 2.8996828412434335, "wasserstein mean": 0.009078532113661797, "wasserstein sd": 0.0038198333462639324}, "MAR_Widowed_relative_bias": {"bias mean": 3.382906805938787, "bias sd": 1.6251779719754413, "wasserstein mean": 0.007386743520133043, "wasserstein sd": 0.0036006765216458816}, "RELP_Adopted son or daughter_relative_bias": {"bias mean": 100.0, "bias sd": 0.0, "wasserstein mean": 0.06966101560697194, "wasserstein sd": 0.020538459148489036}, "RELP_Biological son or daughter_relative_bias": {"bias mean": 1.187882029533083, "bias sd": 0.630050409621191, "wasserstein mean": 0.006970899036901367, "wasserstein sd": 0.0036532842722355272}, "RELP_Brother or sister_relative_bias": {"bias mean": 3.1526908406344636, "bias sd": 2.3044859408894687, "wasserstein mean": 0.003919002238258032, "wasserstein sd": 0.0029721312459355673}, "RELP_Father or mother_relative_bias": {"bias mean": 3.5683317551900555, "bias sd": 2.187940786685111, "wasserstein mean": 0.004962105929970297, "wasserstein sd": 0.0031544300820147055}, "RELP_Foster child_relative_bias": {"bias mean": 100.0, "bias sd": 0.0, "wasserstein mean": 0.02550238177205298, "wasserstein sd": 0.019817636079242567}, "RELP_Grandchild_relative_bias": {"bias mean": 8.30930599434365, "bias sd": 2.7751047275978324, "wasserstein mean": 0.013170681476880115, "wasserstein sd": 0.004842077625175015}, "RELP_Housemate or roommate_relative_bias": {"bias mean": 1.6385230906038208, "bias sd": 1.2377380066681605, "wasserstein mean": 0.00227360516040956, "wasserstein sd": 0.001729036801199139}, "RELP_Husband/wife_relative_bias": {"bias mean": 3.335391195686245, "bias sd": 0.703430660011439, "wasserstein mean": 0.015696394050562414, "wasserstein sd": 0.0032291936477106186}, "RELP_Institutionalized group quarters population_relative_bias": {"bias mean": 3.079309431494888, "bias sd": 2.046807369028712, "wasserstein mean": 0.004615148821680271, "wasserstein sd": 0.0031714878075713533}, "RELP_Noninstitutionalized group quarters population_relative_bias": {"bias mean": 6.3416246734423405, "bias sd": 2.6683079478620235, "wasserstein mean": 0.009793752797381539, "wasserstein sd": 0.004310019482828987},