{
    "MMDs": {
        "mean": 0.0651428472677811,
        "sd": 0.01104218854091368
    },
    "auroc": {
        "mean": 0.7002615332093661,
        "sd": 0.02446315182069221
    },
    "auprc": {
        "mean": 0.7911013901480173,
        "sd": 0.022354447645086237
    },
    "remaining samples": {
        "mean": 199.06,
        "sd": 12.711270589520153
    },
    "all_samples": 216,
    "Dependents_relative_bias": {
        "bias mean": 7.4446446624176765,
        "bias sd": 5.3287793174060205,
        "wasserstein mean": 0.07215198936806956,
        "wasserstein sd": 0.035350425667326386
    },
    "ApplicantIncome_relative_bias": {
        "bias mean": 12.815801431215942,
        "bias sd": 6.374113184459659,
        "wasserstein mean": 0.14384949777907086,
        "wasserstein sd": 0.05672093823429875
    },
    "CoapplicantIncome_relative_bias": {
        "bias mean": 14.666330330824099,
        "bias sd": 8.4672428539242,
        "wasserstein mean": 0.13117373273893695,
        "wasserstein sd": 0.043477944002026356
    },
    "LoanAmount_relative_bias": {
        "bias mean": 6.263354440969588,
        "bias sd": 3.722748906281908,
        "wasserstein mean": 0.15579894343394518,
        "wasserstein sd": 0.05327765546396075
    },
    "Loan_Amount_Term_relative_bias": {
        "bias mean": 1.876131325968951,
        "bias sd": 1.3518748652898414,
        "wasserstein mean": 0.1245241750714285,
        "wasserstein sd": 0.060703718058725015
    },
    "Credit_History_relative_bias": {
        "bias mean": 3.168734766544526,
        "bias sd": 2.1578285688027528,
        "wasserstein mean": 0.07649220279449244,
        "wasserstein sd": 0.0515121711448994
    },
    "Loan_Status_relative_bias": {
        "bias mean": 5.518342556496865,
        "bias sd": 4.8952737626022405,
        "wasserstein mean": 0.03735579053130317,
        "wasserstein sd": 0.031773692021679734
    },
    "Gender_Male_relative_bias": {
        "bias mean": 3.2504155850484824,
        "bias sd": 2.354427828736394,
        "wasserstein mean": 0.0694651076491526,
        "wasserstein sd": 0.049446932467974755
    },
    "Married_Yes_relative_bias": {
        "bias mean": 5.60803284808513,
        "bias sd": 3.530608395112347,
        "wasserstein mean": 0.0753302460752676,
        "wasserstein sd": 0.046555205622956855
    },
    "Education_Not Graduate_relative_bias": {
        "bias mean": 12.458639866133074,
        "bias sd": 9.76986728097222,
        "wasserstein mean": 0.05999681613100626,
        "wasserstein sd": 0.043124890684230824
    },
    "Self_Employed_Yes_relative_bias": {
        "bias mean": 24.711389016242265,
        "bias sd": 14.627375996839705,
        "wasserstein mean": 0.09918570809787657,
        "wasserstein sd": 0.062140337211367185
    },
    "Property_Area_Semiurban_relative_bias": {
        "bias mean": 7.9033148634035,
        "bias sd": 5.346236415947391,
        "wasserstein mean": 0.06485523928134274,
        "wasserstein sd": 0.04427499376128673
    },
    "Property_Area_Urban_relative_bias": {
        "bias mean": 9.946649113151262,
        "bias sd": 9.333577728899737,
        "wasserstein mean": 0.06464952203253144,
        "wasserstein sd": 0.054489663374818025
    }
}