{"MMDs": {"mean": 0.06421938234205915, "sd": 0.011793142431068179}, "auroc": {"mean": 0.6323471132449504, "sd": 0.09565297352894102}, "auprc": {"mean": 0.759283076113374, "sd": 0.050301842990840624}, "remaining samples": {"mean": 190.63, "sd": 22.539145946552633}, "all_samples": 216, "Dependents_relative_bias": {"bias mean": 7.423468577206502, "bias sd": 5.557848798216136, "wasserstein mean": 0.07345193975200705, "wasserstein sd": 0.036802180067449466}, "ApplicantIncome_relative_bias": {"bias mean": 12.636080156923203, "bias sd": 5.228879770578826, "wasserstein mean": 0.1394892069185627, "wasserstein sd": 0.04533345162515628}, "CoapplicantIncome_relative_bias": {"bias mean": 12.989795302953786, "bias sd": 7.433074096900993, "wasserstein mean": 0.1191158051626876, "wasserstein sd": 0.04151247534753799}, "LoanAmount_relative_bias": {"bias mean": 6.357083951390324, "bias sd": 3.0046483675826727, "wasserstein mean": 0.1486363674596295, "wasserstein sd": 0.042056623414792015}, "Loan_Amount_Term_relative_bias": {"bias mean": 1.8627107357393788, "bias sd": 1.164427943296074, "wasserstein mean": 0.11984966288086091, "wasserstein sd": 0.054404963323879556}, "Credit_History_relative_bias": {"bias mean": 3.3219268242784317, "bias sd": 2.3598699714152582, "wasserstein mean": 0.07990486353741684, "wasserstein sd": 0.055627971768777394}, "Loan_Status_relative_bias": {"bias mean": 5.323134832950704, "bias sd": 3.612814568716271, "wasserstein mean": 0.03664357710397502, "wasserstein sd": 0.02421686405410843}, "Gender_Male_relative_bias": {"bias mean": 3.413084376016682, "bias sd": 2.6450668272612465, "wasserstein mean": 0.072343236283279, "wasserstein sd": 0.05474178923442142}, "Married_Yes_relative_bias": {"bias mean": 4.433922756553436, "bias sd": 3.48753485965239, "wasserstein mean": 0.059893696391846094, "wasserstein sd": 0.04623585513914488}, "Education_Not Graduate_relative_bias": {"bias mean": 12.635053334144224, "bias sd": 9.362561230635658, "wasserstein mean": 0.06251600238809218, "wasserstein sd": 0.04643987984543089}, "Self_Employed_Yes_relative_bias": {"bias mean": 20.962885136081358, "bias sd": 12.855416967260506, "wasserstein mean": 0.08681773464697075, "wasserstein sd": 0.05969170184037223}, "Property_Area_Semiurban_relative_bias": {"bias mean": 9.10853512871963, "bias sd": 7.207129879130052, "wasserstein mean": 0.0744438229271546, "wasserstein sd": 0.06005008722699485}, "Property_Area_Urban_relative_bias": {"bias mean": 9.168428844519541, "bias sd": 7.077810996385104, "wasserstein mean": 0.06168946025624191, "wasserstein sd": 0.045495561299984236}}