{
    "MMDs": {
        "mean": 0.06462189013376639,
        "sd": 0.012199878898051164
    },
    "auroc": {
        "mean": 0.6441782040900944,
        "sd": 0.09279995736114126
    },
    "auprc": {
        "mean": 0.761925325808276,
        "sd": 0.051773982813598615
    },
    "remaining samples": {
        "mean": 192.44,
        "sd": 22.42762582174047
    },
    "all_samples": 216,
    "Dependents_relative_bias": {
        "bias mean": 8.174949585030525,
        "bias sd": 6.342298541944426,
        "wasserstein mean": 0.07636800522647791,
        "wasserstein sd": 0.04223499113549036
    },
    "ApplicantIncome_relative_bias": {
        "bias mean": 12.492731762528102,
        "bias sd": 5.300370394904269,
        "wasserstein mean": 0.13793869481919285,
        "wasserstein sd": 0.04609208413022762
    },
    "CoapplicantIncome_relative_bias": {
        "bias mean": 12.584058935271479,
        "bias sd": 7.564608538081227,
        "wasserstein mean": 0.1168518934249636,
        "wasserstein sd": 0.04092634371497035
    },
    "LoanAmount_relative_bias": {
        "bias mean": 5.984731735164933,
        "bias sd": 3.280386980330351,
        "wasserstein mean": 0.1473864525065132,
        "wasserstein sd": 0.044932208716498535
    },
    "Loan_Amount_Term_relative_bias": {
        "bias mean": 1.902497385058855,
        "bias sd": 1.2888444333138511,
        "wasserstein mean": 0.1249150062987826,
        "wasserstein sd": 0.059351915013858725
    },
    "Credit_History_relative_bias": {
        "bias mean": 3.363558059778814,
        "bias sd": 2.546764653447064,
        "wasserstein mean": 0.08060241214729993,
        "wasserstein sd": 0.059880565022158876
    },
    "Loan_Status_relative_bias": {
        "bias mean": 5.7253392113696595,
        "bias sd": 4.252817336630299,
        "wasserstein mean": 0.03901631051638572,
        "wasserstein sd": 0.028086991092426822
    },
    "Gender_Male_relative_bias": {
        "bias mean": 3.176667879874046,
        "bias sd": 2.4676766004233097,
        "wasserstein mean": 0.06736075267029264,
        "wasserstein sd": 0.05128371963976415
    },
    "Married_Yes_relative_bias": {
        "bias mean": 4.662443986152982,
        "bias sd": 3.7297454294709094,
        "wasserstein mean": 0.06300891988067828,
        "wasserstein sd": 0.049616014323885245
    },
    "Education_Not Graduate_relative_bias": {
        "bias mean": 12.804196916521288,
        "bias sd": 9.77769557686518,
        "wasserstein mean": 0.06403290192213196,
        "wasserstein sd": 0.048156807737242714
    },
    "Self_Employed_Yes_relative_bias": {
        "bias mean": 22.09801740641532,
        "bias sd": 13.584553219379606,
        "wasserstein mean": 0.09242329409511978,
        "wasserstein sd": 0.06491238954396585
    },
    "Property_Area_Semiurban_relative_bias": {
        "bias mean": 7.997536373404738,
        "bias sd": 6.058369456115958,
        "wasserstein mean": 0.06484409117851592,
        "wasserstein sd": 0.04939226315696768
    },
    "Property_Area_Urban_relative_bias": {
        "bias mean": 10.085309406539096,
        "bias sd": 7.723660560538068,
        "wasserstein mean": 0.06809570385540487,
        "wasserstein sd": 0.0514123370373946
    }
}