{
    "MMDs": {
        "mean": 0.048072702379521846,
        "sd": 0.0031323298394095216
    },
    "auroc": {
        "mean": 0.7953989054661267,
        "sd": 0.018059193222228494
    },
    "auprc": {
        "mean": 0.6231088553937878,
        "sd": 0.01726072275919584
    },
    "remaining samples": {
        "mean": 2250.0,
        "sd": 0.0
    },
    "all_samples": 2250,
    "AGEP_relative_bias": {
        "bias mean": 0.3684078568309065,
        "bias sd": 0.224988159656682,
        "wasserstein mean": 0.021369357968173217,
        "wasserstein sd": 0.004336616105759869
    },
    "WKHP_relative_bias": {
        "bias mean": 0.33904514758269005,
        "bias sd": 0.2512746069504507,
        "wasserstein mean": 0.027215141611206715,
        "wasserstein sd": 0.004473598512565406
    },
    "COW_Employee of a private for-profit company or business, or of an individual, for wages, salary, or commissions_relative_bias": {
        "bias mean": 1.1825400810034166,
        "bias sd": 0.7889372438824768,
        "wasserstein mean": 0.0161428834466685,
        "wasserstein sd": 0.010746517043025731
    },
    "COW_Employee of a private not-for-profit, tax-exempt, or charitable organization_relative_bias": {
        "bias mean": 6.968417190574849,
        "bias sd": 3.960395717097386,
        "wasserstein mean": 0.019011835034691206,
        "wasserstein sd": 0.010767479704082395
    },
    "COW_Federal government employee_relative_bias": {
        "bias mean": 11.68532827774314,
        "bias sd": 8.200763321521483,
        "wasserstein mean": 0.018257913231130494,
        "wasserstein sd": 0.012168251474867829
    },
    "COW_Local government employee (city, county, etc.)_relative_bias": {
        "bias mean": 5.127794834834214,
        "bias sd": 3.8430322177618113,
        "wasserstein mean": 0.01569356889992803,
        "wasserstein sd": 0.012742177642113469
    },
    "COW_Self-employed in own incorporated business, professional practice or farm_relative_bias": {
        "bias mean": 8.480597805909705,
        "bias sd": 4.790712531080726,
        "wasserstein mean": 0.017700663281989187,
        "wasserstein sd": 0.009806095768587497
    },
    "COW_Self-employed in own not incorporated business, professional practice, or farm_relative_bias": {
        "bias mean": 5.622599484702889,
        "bias sd": 3.108779651479464,
        "wasserstein mean": 0.018031924504766848,
        "wasserstein sd": 0.010514201441218467
    },
    "COW_State government employee_relative_bias": {
        "bias mean": 10.31693501306771,
        "bias sd": 6.58658927797683,
        "wasserstein mean": 0.02059007991669557,
        "wasserstein sd": 0.012347933797315535
    },
    "COW_Working without pay in family business or farm_relative_bias": {
        "bias mean": 100.0,
        "bias sd": 0.0,
        "wasserstein mean": 0.052415869206286506,
        "wasserstein sd": 0.01686832083540687
    },
    "SCHL_1 or more years of college credit, no degree_relative_bias": {
        "bias mean": 5.01069953494572,
        "bias sd": 3.60753767743898,
        "wasserstein mean": 0.02162135751042588,
        "wasserstein sd": 0.014974014615654447
    },
    "SCHL_12th grade - no diploma_relative_bias": {
        "bias mean": 11.543814752104526,
        "bias sd": 6.823252557031462,
        "wasserstein mean": 0.01835015035103121,
        "wasserstein sd": 0.011279234688325408
    },
    "SCHL_Associate's degree_relative_bias": {
        "bias mean": 7.436059143549454,
        "bias sd": 4.4906108416446235,
        "wasserstein mean": 0.021196288828941794,
        "wasserstein sd": 0.011952258990930099
    },
    "SCHL_Bachelor's degree_relative_bias": {
        "bias mean": 4.627367907690084,
        "bias sd": 2.718040118576885,
        "wasserstein mean": 0.025698671223511847,
        "wasserstein sd": 0.014573699606825223
    },
    "SCHL_Doctorate degree_relative_bias": {
        "bias mean": 15.802892904308596,
        "bias sd": 11.98490306962199,
        "wasserstein mean": 0.020879862242983504,
        "wasserstein sd": 0.013349801064145631
    },
    "SCHL_GED or alternative credential_relative_bias": {
        "bias mean": 15.786438632219141,
        "bias sd": 7.299570658593166,
        "wasserstein mean": 0.023091109634149034,
        "wasserstein sd": 0.011047013695968111
    },
    "SCHL_Grade 1_relative_bias": {
        "bias mean": 100.0,
        "bias sd": 0.0,
        "wasserstein mean": 0.019676203091903814,
        "wasserstein sd": 0.018167774531200748
    },
    "SCHL_Grade 10_relative_bias": {
        "bias mean": 84.25439378016036,
        "bias sd": 16.785592217233713,
        "wasserstein mean": 0.08043514736705751,
        "wasserstein sd": 0.024677607441633814
    },
    "SCHL_Grade 11_relative_bias": {
        "bias mean": 12.180846168957304,
        "bias sd": 11.132022083945637,
        "wasserstein mean": 0.015089543973290275,
        "wasserstein sd": 0.014197774318681838
    },
    "SCHL_Grade 2_relative_bias": {
        "bias mean": 95.00000000000001,
        "bias sd": 21.794494717703373,
        "wasserstein mean": 0.03419650371734185,
        "wasserstein sd": 0.020959454625664783
    },
    "SCHL_Grade 3_relative_bias": {
        "bias mean": 100.0,
        "bias sd": 0.0,
        "wasserstein mean": 0.05517322790750434,
        "wasserstein sd": 0.01316909775053565
    },
    "SCHL_Grade 4_relative_bias": {
        "bias mean": 100.0,
        "bias sd": 0.0,
        "wasserstein mean": 0.043441447442050495,
        "wasserstein sd": 0.02028221504921376
    },
    "SCHL_Grade 5_relative_bias": {
        "bias mean": 100.0,
        "bias sd": 0.0,
        "wasserstein mean": 0.054722482686271987,
        "wasserstein sd": 0.017265119035591334
    },
    "SCHL_Grade 6_relative_bias": {
        "bias mean": 15.553519185580345,
        "bias sd": 8.213434966555115,
        "wasserstein mean": 0.02088000494165811,
        "wasserstein sd": 0.012316458235808622
    },
    "SCHL_Grade 7_relative_bias": {
        "bias mean": 100.0,
        "bias sd": 0.0,
        "wasserstein mean": 0.05246346740231499,
        "wasserstein sd": 0.01911949716623004
    },
    "SCHL_Grade 8_relative_bias": {
        "bias mean": 100.0,
        "bias sd": 0.0,
        "wasserstein mean": 0.08075000308290421,
        "wasserstein sd": 0.02470141771186405
    },
    "SCHL_Grade 9_relative_bias": {
        "bias mean": 17.82617408810715,
        "bias sd": 9.612945052409943,
        "wasserstein mean": 0.01854506016006957,
        "wasserstein sd": 0.011466583507894923
    },
    "SCHL_Kindergarten_relative_bias": {
        "bias mean": 100.0,
        "bias sd": 0.0,
        "wasserstein mean": 0.022074483507588265,
        "wasserstein sd": 0.027956077244121674
    },
    "SCHL_Master's degree_relative_bias": {
        "bias mean": 6.488112029048158,
        "bias sd": 3.855667529115308,
        "wasserstein mean": 0.021946928520389736,
        "wasserstein sd": 0.012503893390578027
    },
    "SCHL_No schooling completed_relative_bias": {
        "bias mean": 15.393129317327825,
        "bias sd": 9.08233832350907,
        "wasserstein mean": 0.022225073616564544,
        "wasserstein sd": 0.015038545999400259
    },
    "SCHL_Nursery school, preschool_relative_bias": {
        "bias mean": 29.999999999999993,
        "bias sd": 45.8257569495584,
        "wasserstein mean": 0.00806350929701587,
        "wasserstein sd": 0.013184440323831908
    },
    "SCHL_Professional degree beyond a bachelor's degree_relative_bias": {
        "bias mean": 13.251289889139912,
        "bias sd": 8.355766906811901,
        "wasserstein mean": 0.02150547604841032,
        "wasserstein sd": 0.01167097507809773
    },
    "SCHL_Regular high school diploma_relative_bias": {
        "bias mean": 5.184277700374756,
        "bias sd": 3.3831776512572302,
        "wasserstein mean": 0.022829458473611293,
        "wasserstein sd": 0.014756807629980264
    },