{
    "MMDs": {
        "mean": 0.034566827614163576,
        "sd": 0.0038563492670651953
    },
    "auroc": {
        "mean": 0.7956989317592967,
        "sd": 0.02140764048004797
    },
    "auprc": {
        "mean": 0.6176845463912619,
        "sd": 0.019448304755184276
    },
    "remaining samples": {
        "mean": 2250.0,
        "sd": 0.0
    },
    "all_samples": 2250,
    "AGEP_relative_bias": {
        "bias mean": 0.20442306765736387,
        "bias sd": 0.16148175103102294,
        "wasserstein mean": 0.012316596625989943,
        "wasserstein sd": 0.003110741270529706
    },
    "WKHP_relative_bias": {
        "bias mean": 0.21790946528397118,
        "bias sd": 0.1976644700487859,
        "wasserstein mean": 0.012689654282023427,
        "wasserstein sd": 0.004800595020081125
    },
    "COW_Employee of a private for-profit company or business, or of an individual, for wages, salary, or commissions_relative_bias": {
        "bias mean": 0.27512946852708786,
        "bias sd": 0.19184297008089066,
        "wasserstein mean": 0.0037593735690562647,
        "wasserstein sd": 0.0026152670121695667
    },
    "COW_Employee of a private not-for-profit, tax-exempt, or charitable organization_relative_bias": {
        "bias mean": 1.8417245454889823,
        "bias sd": 1.2299026181257429,
        "wasserstein mean": 0.0052468748936150885,
        "wasserstein sd": 0.003512126564676858
    },
    "COW_Federal government employee_relative_bias": {
        "bias mean": 2.8796874967869,
        "bias sd": 1.4854172342018088,
        "wasserstein mean": 0.004438793943530218,
        "wasserstein sd": 0.0022644599592358313
    },
    "COW_Local government employee (city, county, etc.)_relative_bias": {
        "bias mean": 1.082213347496988,
        "bias sd": 0.6765931328796152,
        "wasserstein mean": 0.003142862293312271,
        "wasserstein sd": 0.0020014437315041263
    },
    "COW_Self-employed in own incorporated business, professional practice or farm_relative_bias": {
        "bias mean": 1.6288063855310349,
        "bias sd": 1.0029143888929228,
        "wasserstein mean": 0.003251091905076101,
        "wasserstein sd": 0.0019386041169848944
    },
    "COW_Self-employed in own not incorporated business, professional practice, or farm_relative_bias": {
        "bias mean": 1.0728392697312246,
        "bias sd": 0.8911132380159958,
        "wasserstein mean": 0.0032296965550803374,
        "wasserstein sd": 0.0026041141773587555
    },
    "COW_State government employee_relative_bias": {
        "bias mean": 2.077217803968573,
        "bias sd": 1.4799515025462326,
        "wasserstein mean": 0.004449331367102011,
        "wasserstein sd": 0.0031039531862900823
    },
    "COW_Working without pay in family business or farm_relative_bias": {
        "bias mean": 100.0,
        "bias sd": 0.0,
        "wasserstein mean": 0.04944191918039782,
        "wasserstein sd": 0.015286761264454935
    },
    "SCHL_1 or more years of college credit, no degree_relative_bias": {
        "bias mean": 1.9760806605425631,
        "bias sd": 1.0068393387202081,
        "wasserstein mean": 0.008764285381870697,
        "wasserstein sd": 0.00433931770228337
    },
    "SCHL_12th grade - no diploma_relative_bias": {
        "bias mean": 3.2987722856856507,
        "bias sd": 2.065434653283991,
        "wasserstein mean": 0.00508379842017782,
        "wasserstein sd": 0.0031306083221488146
    },
    "SCHL_Associate's degree_relative_bias": {
        "bias mean": 2.171258590954633,
        "bias sd": 1.4948402815362847,
        "wasserstein mean": 0.006281289417585828,
        "wasserstein sd": 0.004255627753649109
    },
    "SCHL_Bachelor's degree_relative_bias": {
        "bias mean": 1.8750540103674465,
        "bias sd": 1.0583249861627173,
        "wasserstein mean": 0.010296771521305464,
        "wasserstein sd": 0.005760128901892811
    },
    "SCHL_Doctorate degree_relative_bias": {
        "bias mean": 4.1680716865577185,
        "bias sd": 2.6186509743877227,
        "wasserstein mean": 0.005634555878499943,
        "wasserstein sd": 0.003476001956840968
    },
    "SCHL_GED or alternative credential_relative_bias": {
        "bias mean": 2.4802715294360604,
        "bias sd": 1.8609336662978442,
        "wasserstein mean": 0.003689578406144641,
        "wasserstein sd": 0.002839114933053495
    },
    "SCHL_Grade 1_relative_bias": {
        "bias mean": 100.0,
        "bias sd": 0.0,
        "wasserstein mean": 0.022242664364760616,
        "wasserstein sd": 0.01958299459479909
    },
    "SCHL_Grade 10_relative_bias": {
        "bias mean": 94.2181309615,
        "bias sd": 34.06654232560038,
        "wasserstein mean": 0.08354220212363857,
        "wasserstein sd": 0.03368621809854905
    },
    "SCHL_Grade 11_relative_bias": {
        "bias mean": 4.6694375571340005,
        "bias sd": 3.705832681378604,
        "wasserstein mean": 0.006030475255819881,
        "wasserstein sd": 0.004880211526474588
    },
    "SCHL_Grade 2_relative_bias": {
        "bias mean": 90.00000000000001,
        "bias sd": 30.000000000000007,
        "wasserstein mean": 0.03582490865626287,
        "wasserstein sd": 0.024299090291123055
    },
    "SCHL_Grade 3_relative_bias": {
        "bias mean": 100.0,
        "bias sd": 0.0,
        "wasserstein mean": 0.056269384753348584,
        "wasserstein sd": 0.02169049162743231
    },
    "SCHL_Grade 4_relative_bias": {
        "bias mean": 100.0,
        "bias sd": 0.0,
        "wasserstein mean": 0.04075434760027421,
        "wasserstein sd": 0.017796050028904428
    },
    "SCHL_Grade 5_relative_bias": {
        "bias mean": 100.0,
        "bias sd": 0.0,
        "wasserstein mean": 0.051617660973575716,
        "wasserstein sd": 0.018737766237870965
    },
    "SCHL_Grade 6_relative_bias": {
        "bias mean": 3.9135894591725355,
        "bias sd": 2.947218543859749,
        "wasserstein mean": 0.005024170886324621,
        "wasserstein sd": 0.0036490675928789813
    },
    "SCHL_Grade 7_relative_bias": {
        "bias mean": 100.0,
        "bias sd": 0.0,
        "wasserstein mean": 0.04795488817242871,
        "wasserstein sd": 0.02012545121235055
    },
    "SCHL_Grade 8_relative_bias": {
        "bias mean": 100.0,
        "bias sd": 0.0,
        "wasserstein mean": 0.0815166170362229,
        "wasserstein sd": 0.020726950401643175
    },
    "SCHL_Grade 9_relative_bias": {
        "bias mean": 4.1783852462902855,
        "bias sd": 3.5022948202859627,
        "wasserstein mean": 0.004393549684498897,
        "wasserstein sd": 0.00397997370121073
    },
    "SCHL_Kindergarten_relative_bias": {
        "bias mean": 100.0,
        "bias sd": 0.0,
        "wasserstein mean": 0.017427223821780618,
        "wasserstein sd": 0.025321169168536058
    },
    "SCHL_Master's degree_relative_bias": {
        "bias mean": 2.8073525860554147,
        "bias sd": 1.6537346737776497,
        "wasserstein mean": 0.009684322615503858,
        "wasserstein sd": 0.005665630919995769
    },
    "SCHL_No schooling completed_relative_bias": {
        "bias mean": 3.9868721230789204,
        "bias sd": 3.8423844888530656,
        "wasserstein mean": 0.005454985375109008,
        "wasserstein sd": 0.005289688002198794
    },
    "SCHL_Nursery school, preschool_relative_bias": {
        "bias mean": 59.999999999999986,
        "bias sd": 48.989794855663554,
        "wasserstein mean": 0.01612701859403174,
        "wasserstein sd": 0.01475190051956855
    },
    "SCHL_Professional degree beyond a bachelor's degree_relative_bias": {
        "bias mean": 3.7558692859985774,
        "bias sd": 2.2245062309984975,
        "wasserstein mean": 0.006763843408175085,
        "wasserstein sd": 0.00404849650939259
    },
    "SCHL_Regular high school diploma_relative_bias": {
        "bias mean": 2.0129434350446282,
        "bias sd": 1.4012601626370156,
        "wasserstein mean": 0.009008823822518974,