{
    "MMDs": {
        "mean": 0.053647910649846475,
        "sd": 0.004164801024311342
    },
    "auroc": {
        "mean": 0.7998712062635548,
        "sd": 0.022807625270502292
    },
    "auprc": {
        "mean": 0.616208645601896,
        "sd": 0.02077834268096362
    },
    "remaining samples": {
        "mean": 2250.0,
        "sd": 0.0
    },
    "all_samples": 2250,
    "AGEP_relative_bias": {
        "bias mean": 0.7727595860160252,
        "bias sd": 0.622513201210965,
        "wasserstein mean": 0.0345354654476061,
        "wasserstein sd": 0.012706032749446667
    },
    "WKHP_relative_bias": {
        "bias mean": 1.034947822979666,
        "bias sd": 0.5485675446602314,
        "wasserstein mean": 0.04237810117715117,
        "wasserstein sd": 0.012117971694913264
    },
    "COW_Employee of a private for-profit company or business, or of an individual, for wages, salary, or commissions_relative_bias": {
        "bias mean": 1.4695725596901823,
        "bias sd": 0.7709702827981926,
        "wasserstein mean": 0.020213043624347504,
        "wasserstein sd": 0.010754485144128658
    },
    "COW_Employee of a private not-for-profit, tax-exempt, or charitable organization_relative_bias": {
        "bias mean": 7.252079455137204,
        "bias sd": 6.59556797684166,
        "wasserstein mean": 0.0194446686961796,
        "wasserstein sd": 0.01703206767608746
    },
    "COW_Federal government employee_relative_bias": {
        "bias mean": 17.05192995883305,
        "bias sd": 11.750059553253136,
        "wasserstein mean": 0.027251206499252716,
        "wasserstein sd": 0.01958104172924191
    },
    "COW_Local government employee (city, county, etc.)_relative_bias": {
        "bias mean": 9.272658274352924,
        "bias sd": 6.5779547636036755,
        "wasserstein mean": 0.02702399327362241,
        "wasserstein sd": 0.0182297995855934
    },
    "COW_Self-employed in own incorporated business, professional practice or farm_relative_bias": {
        "bias mean": 13.967503574129939,
        "bias sd": 10.631182071502952,
        "wasserstein mean": 0.02655984710529205,
        "wasserstein sd": 0.019120900458757348
    },
    "COW_Self-employed in own not incorporated business, professional practice, or farm_relative_bias": {
        "bias mean": 9.974233934960107,
        "bias sd": 6.875943877035662,
        "wasserstein mean": 0.030605105020975343,
        "wasserstein sd": 0.01993918110524704
    },
    "COW_State government employee_relative_bias": {
        "bias mean": 9.747874614041606,
        "bias sd": 7.3546017776395205,
        "wasserstein mean": 0.021895607558509216,
        "wasserstein sd": 0.01755724835773647
    },
    "COW_Working without pay in family business or farm_relative_bias": {
        "bias mean": 100.0,
        "bias sd": 0.0,
        "wasserstein mean": 0.05390284421923085,
        "wasserstein sd": 0.015924349976012515
    },
    "SCHL_1 or more years of college credit, no degree_relative_bias": {
        "bias mean": 8.124110142765124,
        "bias sd": 5.752459157843,
        "wasserstein mean": 0.0348686154869776,
        "wasserstein sd": 0.023649613867318054
    },
    "SCHL_12th grade - no diploma_relative_bias": {
        "bias mean": 15.231188948762114,
        "bias sd": 8.951087160149221,
        "wasserstein mean": 0.024265663351816562,
        "wasserstein sd": 0.01591185063380048
    },
    "SCHL_Associate's degree_relative_bias": {
        "bias mean": 9.38973510012704,
        "bias sd": 5.975185343268992,
        "wasserstein mean": 0.027106146982353734,
        "wasserstein sd": 0.016934473379609544
    },
    "SCHL_Bachelor's degree_relative_bias": {
        "bias mean": 7.573631870988817,
        "bias sd": 6.231788815977145,
        "wasserstein mean": 0.04111394401990857,
        "wasserstein sd": 0.03274000306257372
    },
    "SCHL_Doctorate degree_relative_bias": {
        "bias mean": 13.597932759537091,
        "bias sd": 8.852528587592504,
        "wasserstein mean": 0.01956994691961527,
        "wasserstein sd": 0.011877941397551132
    },
    "SCHL_GED or alternative credential_relative_bias": {
        "bias mean": 10.343574617224709,
        "bias sd": 7.127103837680413,
        "wasserstein mean": 0.014005950313916151,
        "wasserstein sd": 0.009603493781877765
    },
    "SCHL_Grade 1_relative_bias": {
        "bias mean": 100.0,
        "bias sd": 0.0,
        "wasserstein mean": 0.029942048183332216,
        "wasserstein sd": 0.02222620660123229
    },
    "SCHL_Grade 10_relative_bias": {
        "bias mean": 94.73899433883903,
        "bias sd": 10.415836718040612,
        "wasserstein mean": 0.08599644777200174,
        "wasserstein sd": 0.02078971617151958
    },
    "SCHL_Grade 11_relative_bias": {
        "bias mean": 18.37723791454955,
        "bias sd": 11.286138583052061,
        "wasserstein mean": 0.0243483114244893,
        "wasserstein sd": 0.01573473404396057
    },
    "SCHL_Grade 2_relative_bias": {
        "bias mean": 100.00000000000001,
        "bias sd": 1.797546735911271e-14,
        "wasserstein mean": 0.03528210700995592,
        "wasserstein sd": 0.022215114800880426
    },
    "SCHL_Grade 3_relative_bias": {
        "bias mean": 100.0,
        "bias sd": 0.0,
        "wasserstein mean": 0.04238473137265217,
        "wasserstein sd": 0.01813726496233121
    },
    "SCHL_Grade 4_relative_bias": {
        "bias mean": 100.0,
        "bias sd": 0.0,
        "wasserstein mean": 0.04165004754753314,
        "wasserstein sd": 0.01926796116683338
    },
    "SCHL_Grade 5_relative_bias": {
        "bias mean": 100.0,
        "bias sd": 0.0,
        "wasserstein mean": 0.05161766097357562,
        "wasserstein sd": 0.016332623862788553
    },
    "SCHL_Grade 6_relative_bias": {
        "bias mean": 18.883498128111405,
        "bias sd": 11.166905852400602,
        "wasserstein mean": 0.025540626828224562,
        "wasserstein sd": 0.01663481466217995
    },
    "SCHL_Grade 7_relative_bias": {
        "bias mean": 100.0,
        "bias sd": 0.0,
        "wasserstein mean": 0.050823984045992955,
        "wasserstein sd": 0.01880052117227121
    },
    "SCHL_Grade 8_relative_bias": {
        "bias mean": 100.0,
        "bias sd": 0.0,
        "wasserstein mean": 0.09199367439824525,
        "wasserstein sd": 0.01992540945295583
    },
    "SCHL_Grade 9_relative_bias": {
        "bias mean": 27.338701412582985,
        "bias sd": 14.895664890055718,
        "wasserstein mean": 0.03010003982486919,
        "wasserstein sd": 0.017852254011251054
    },
    "SCHL_Kindergarten_relative_bias": {
        "bias mean": 100.0,
        "bias sd": 0.0,
        "wasserstein mean": 0.017427223821779327,
        "wasserstein sd": 0.01446447912352277
    },
    "SCHL_Master's degree_relative_bias": {
        "bias mean": 9.127271597663073,
        "bias sd": 6.572195115605704,
        "wasserstein mean": 0.030146643385865174,
        "wasserstein sd": 0.020739614882571335
    },
    "SCHL_No schooling completed_relative_bias": {
        "bias mean": 18.802849614217624,
        "bias sd": 12.87264671394056,
        "wasserstein mean": 0.026338947342200002,
        "wasserstein sd": 0.022040443229298413
    },
    "SCHL_Nursery school, preschool_relative_bias": {
        "bias mean": 34.99999999999999,
        "bias sd": 47.69696007084728,
        "wasserstein mean": 0.01151929899573746,
        "wasserstein sd": 0.01708588155691866
    },
    "SCHL_Professional degree beyond a bachelor's degree_relative_bias": {
        "bias mean": 19.04093780167089,
        "bias sd": 9.330495220029539,
        "wasserstein mean": 0.031098026259816457,
        "wasserstein sd": 0.01417584162736357
    },
    "SCHL_Regular high school diploma_relative_bias": {
        "bias mean": 4.9985011720193295,
        "bias sd": 4.843093244015039,
        "wasserstein mean": 0.022706664320176206,
        "wasserstein sd": 0.02237140492254258
    },