{
    "MMDs": {
        "mean": 0.037185083214042944,
        "sd": 0.003695407333736662
    },
    "auroc": {
        "mean": 0.8030302749912682,
        "sd": 0.016426799382191656
    },
    "auprc": {
        "mean": 0.6260715970162067,
        "sd": 0.01907403431143901
    },
    "remaining samples": {
        "mean": 2250.0,
        "sd": 0.0
    },
    "all_samples": 2250,
    "AGEP_relative_bias": {
        "bias mean": 0.19772950255182772,
        "bias sd": 0.12818805881951983,
        "wasserstein mean": 0.015513831526172495,
        "wasserstein sd": 0.003029695372653272
    },
    "WKHP_relative_bias": {
        "bias mean": 0.23387081163768847,
        "bias sd": 0.14417808777555485,
        "wasserstein mean": 0.015810907705117207,
        "wasserstein sd": 0.0038726630439176765
    },
    "COW_Employee of a private for-profit company or business, or of an individual, for wages, salary, or commissions_relative_bias": {
        "bias mean": 0.6572707199021457,
        "bias sd": 0.5113846785150978,
        "wasserstein mean": 0.00905467276282639,
        "wasserstein sd": 0.007049392768254671
    },
    "COW_Employee of a private not-for-profit, tax-exempt, or charitable organization_relative_bias": {
        "bias mean": 2.2618401822681533,
        "bias sd": 1.8206748717226948,
        "wasserstein mean": 0.006058573103221794,
        "wasserstein sd": 0.004553736733629901
    },
    "COW_Federal government employee_relative_bias": {
        "bias mean": 4.376969051152759,
        "bias sd": 2.9993390656337566,
        "wasserstein mean": 0.007194205227312253,
        "wasserstein sd": 0.005373877991442701
    },
    "COW_Local government employee (city, county, etc.)_relative_bias": {
        "bias mean": 2.032900350495433,
        "bias sd": 0.958434367119833,
        "wasserstein mean": 0.00589405228004052,
        "wasserstein sd": 0.0028256943186304793
    },
    "COW_Self-employed in own incorporated business, professional practice or farm_relative_bias": {
        "bias mean": 2.513590558659966,
        "bias sd": 2.036230447226919,
        "wasserstein mean": 0.005060791455744667,
        "wasserstein sd": 0.0041907715944304175
    },
    "COW_Self-employed in own not incorporated business, professional practice, or farm_relative_bias": {
        "bias mean": 1.4998138741531795,
        "bias sd": 1.0799439788986143,
        "wasserstein mean": 0.00453474758147525,
        "wasserstein sd": 0.003206347245299479
    },
    "COW_State government employee_relative_bias": {
        "bias mean": 2.880066697258664,
        "bias sd": 1.8176086555463853,
        "wasserstein mean": 0.006250140033009437,
        "wasserstein sd": 0.0038297522996368124
    },
    "COW_Working without pay in family business or farm_relative_bias": {
        "bias mean": 100.0,
        "bias sd": 0.0,
        "wasserstein mean": 0.05687679424511943,
        "wasserstein sd": 0.01884927791343965
    },
    "SCHL_1 or more years of college credit, no degree_relative_bias": {
        "bias mean": 2.8890420452822836,
        "bias sd": 1.5709157780470493,
        "wasserstein mean": 0.013061763338512727,
        "wasserstein sd": 0.007153143615963549
    },
    "SCHL_12th grade - no diploma_relative_bias": {
        "bias mean": 2.8553911779554144,
        "bias sd": 2.4411312284404953,
        "wasserstein mean": 0.004230934409111403,
        "wasserstein sd": 0.0038981822619769922
    },
    "SCHL_Associate's degree_relative_bias": {
        "bias mean": 2.779812901974318,
        "bias sd": 1.5577335729135349,
        "wasserstein mean": 0.008153440137457672,
        "wasserstein sd": 0.004502628257583561
    },
    "SCHL_Bachelor's degree_relative_bias": {
        "bias mean": 2.7241941001909367,
        "bias sd": 1.1175662504627617,
        "wasserstein mean": 0.015167650674313356,
        "wasserstein sd": 0.006095501909673681
    },
    "SCHL_Doctorate degree_relative_bias": {
        "bias mean": 6.056194725869934,
        "bias sd": 5.950640723760321,
        "wasserstein mean": 0.008265485314884118,
        "wasserstein sd": 0.007673235396901219
    },
    "SCHL_GED or alternative credential_relative_bias": {
        "bias mean": 3.8259667537143622,
        "bias sd": 3.681769132413756,
        "wasserstein mean": 0.005205591726384264,
        "wasserstein sd": 0.004812633218410919
    },
    "SCHL_Grade 1_relative_bias": {
        "bias mean": 100.0,
        "bias sd": 0.0,
        "wasserstein mean": 0.024809125637617658,
        "wasserstein sd": 0.01665455624434203
    },
    "SCHL_Grade 10_relative_bias": {
        "bias mean": 85.04294689387673,
        "bias sd": 31.756822507507852,
        "wasserstein mean": 0.07361000642214993,
        "wasserstein sd": 0.03288902786145856
    },
    "SCHL_Grade 11_relative_bias": {
        "bias mean": 4.927978532594246,
        "bias sd": 2.9360202783353304,
        "wasserstein mean": 0.006230382394508802,
        "wasserstein sd": 0.0038385013746394603
    },
    "SCHL_Grade 2_relative_bias": {
        "bias mean": 100.00000000000001,
        "bias sd": 1.4210854715202004e-14,
        "wasserstein mean": 0.04613813993609668,
        "wasserstein sd": 0.01998070481493419
    },
    "SCHL_Grade 3_relative_bias": {
        "bias mean": 100.0,
        "bias sd": 0.0,
        "wasserstein mean": 0.052615528600533826,
        "wasserstein sd": 0.019690182969435314
    },
    "SCHL_Grade 4_relative_bias": {
        "bias mean": 100.0,
        "bias sd": 0.0,
        "wasserstein mean": 0.042097897521162345,
        "wasserstein sd": 0.01943895893019042
    },
    "SCHL_Grade 5_relative_bias": {
        "bias mean": 100.0,
        "bias sd": 0.0,
        "wasserstein mean": 0.05200576368766282,
        "wasserstein sd": 0.01754636363744474
    },
    "SCHL_Grade 6_relative_bias": {
        "bias mean": 4.688445495998538,
        "bias sd": 3.969100811568728,
        "wasserstein mean": 0.005881894843351386,
        "wasserstein sd": 0.004973042713892562
    },
    "SCHL_Grade 7_relative_bias": {
        "bias mean": 100.0,
        "bias sd": 0.0,
        "wasserstein mean": 0.0446759214597837,
        "wasserstein sd": 0.01841684276544412
    },
    "SCHL_Grade 8_relative_bias": {
        "bias mean": 100.0,
        "bias sd": 0.0,
        "wasserstein mean": 0.07666139533187119,
        "wasserstein sd": 0.021379841684167376
    },
    "SCHL_Grade 9_relative_bias": {
        "bias mean": 6.388309234917064,
        "bias sd": 4.314768297849546,
        "wasserstein mean": 0.0067750978003284,
        "wasserstein sd": 0.005168270625751763
    },
    "SCHL_Kindergarten_relative_bias": {
        "bias mean": 100.0,
        "bias sd": 0.0,
        "wasserstein mean": 0.01975085366468412,
        "wasserstein sd": 0.023553630669436786
    },
    "SCHL_Master's degree_relative_bias": {
        "bias mean": 2.933177010598899,
        "bias sd": 1.8255640220731473,
        "wasserstein mean": 0.009985889635197146,
        "wasserstein sd": 0.006066995900162547
    },
    "SCHL_No schooling completed_relative_bias": {
        "bias mean": 4.956868789039789,
        "bias sd": 3.0394430665276846,
        "wasserstein mean": 0.006984667325290737,
        "wasserstein sd": 0.004627696411592125
    },
    "SCHL_Nursery school, preschool_relative_bias": {
        "bias mean": 64.99999999999999,
        "bias sd": 47.696960070847275,
        "wasserstein mean": 0.018430878393179362,
        "wasserstein sd": 0.015625537392675387
    },
    "SCHL_Professional degree beyond a bachelor's degree_relative_bias": {
        "bias mean": 4.184662853987396,
        "bias sd": 3.709898014387747,
        "wasserstein mean": 0.006551477333839021,
        "wasserstein sd": 0.0049028691463606075
    },
    "SCHL_Regular high school diploma_relative_bias": {
        "bias mean": 2.919980872834758,
        "bias sd": 1.2959499872504217,
        "wasserstein mean": 0.01301495143086378,
        "wasserstein sd": 0.00577354406760266
    },