{
    "MMDs": {
        "mean": 0.034768779546757056,
        "sd": 0.004237275397735039
    },
    "auroc": {
        "mean": 0.79598320456942,
        "sd": 0.01910470815930412
    },
    "auprc": {
        "mean": 0.6157264532359907,
        "sd": 0.016535079012956467
    },
    "mse": {
        "mean": 1.1855518101416065,
        "sd": 0.03315146646094627
    },
    "remaining samples": {
        "mean": 2250.0,
        "sd": 0.0
    },
    "all_samples": 2250,
    "AGEP_relative_bias": {
        "bias mean": 0.5739454536324815,
        "bias sd": 0.40926095067624124,
        "wasserstein mean": 0.024229184441231528,
        "wasserstein sd": 0.009427931662845687
    },
    "WKHP_relative_bias": {
        "bias mean": 0.3852788906116168,
        "bias sd": 0.24187403883383113,
        "wasserstein mean": 0.021993639897773344,
        "wasserstein sd": 0.005084085291231811
    },
    "COW_Employee of a private for-profit company or business, or of an individual, for wages, salary, or commissions_relative_bias": {
        "bias mean": 0.7864904493519338,
        "bias sd": 0.5592824452725439,
        "wasserstein mean": 0.010806508646905933,
        "wasserstein sd": 0.007614854128744636
    },
    "COW_Employee of a private not-for-profit, tax-exempt, or charitable organization_relative_bias": {
        "bias mean": 3.0704433361977643,
        "bias sd": 2.2055282390258495,
        "wasserstein mean": 0.008299301160058798,
        "wasserstein sd": 0.005818736169310338
    },
    "COW_Federal government employee_relative_bias": {
        "bias mean": 6.652719804223617,
        "bias sd": 6.302806173464098,
        "wasserstein mean": 0.010303762153997217,
        "wasserstein sd": 0.009088473534749458
    },
    "COW_Local government employee (city, county, etc.)_relative_bias": {
        "bias mean": 3.227009890094341,
        "bias sd": 3.1210035508282674,
        "wasserstein mean": 0.009364302359876247,
        "wasserstein sd": 0.009177819223724558
    },
    "COW_Self-employed in own incorporated business, professional practice or farm_relative_bias": {
        "bias mean": 5.648312854896551,
        "bias sd": 4.841754450508442,
        "wasserstein mean": 0.011139007677291302,
        "wasserstein sd": 0.008422636859643432
    },
    "COW_Self-employed in own not incorporated business, professional practice, or farm_relative_bias": {
        "bias mean": 3.0983570725596428,
        "bias sd": 2.9925874410536717,
        "wasserstein mean": 0.009387785507725394,
        "wasserstein sd": 0.009467019111646397
    },
    "COW_State government employee_relative_bias": {
        "bias mean": 4.211051816193765,
        "bias sd": 3.898883030149404,
        "wasserstein mean": 0.008959072672035303,
        "wasserstein sd": 0.008376114787496829
    },
    "COW_Working without pay in family business or farm_relative_bias": {
        "bias mean": 100.0,
        "bias sd": 0.0,
        "wasserstein mean": 0.046839712907745495,
        "wasserstein sd": 0.01596335374917078
    },
    "SCHL_1 or more years of college credit, no degree_relative_bias": {
        "bias mean": 1.9001542231594957,
        "bias sd": 2.015585399313558,
        "wasserstein mean": 0.008478011638529888,
        "wasserstein sd": 0.008983313767474788
    },
    "SCHL_12th grade - no diploma_relative_bias": {
        "bias mean": 5.696004002864448,
        "bias sd": 3.744233587711916,
        "wasserstein mean": 0.009078651189153469,
        "wasserstein sd": 0.006135976130964549
    },
    "SCHL_Associate's degree_relative_bias": {
        "bias mean": 3.2977248013062295,
        "bias sd": 2.9607442049124937,
        "wasserstein mean": 0.009800751075063107,
        "wasserstein sd": 0.009067242404645015
    },
    "SCHL_Bachelor's degree_relative_bias": {
        "bias mean": 2.6700562761908118,
        "bias sd": 2.3353633333858914,
        "wasserstein mean": 0.01490141255193192,
        "wasserstein sd": 0.013396819369126485
    },
    "SCHL_Doctorate degree_relative_bias": {
        "bias mean": 9.090926657765397,
        "bias sd": 7.9474939043213215,
        "wasserstein mean": 0.011665195815287261,
        "wasserstein sd": 0.009303106885330916
    },
    "SCHL_GED or alternative credential_relative_bias": {
        "bias mean": 5.030874657949136,
        "bias sd": 4.176290559651767,
        "wasserstein mean": 0.007765304756759944,
        "wasserstein sd": 0.006863019909661983
    },
    "SCHL_Grade 1_relative_bias": {
        "bias mean": 100.0,
        "bias sd": 0.0,
        "wasserstein mean": 0.02309815145571312,
        "wasserstein sd": 0.01647784507736563
    },
    "SCHL_Grade 10_relative_bias": {
        "bias mean": 84.8128299544993,
        "bias sd": 33.13691553420477,
        "wasserstein mean": 0.08152745935488169,
        "wasserstein sd": 0.03843668315527636
    },
    "SCHL_Grade 11_relative_bias": {
        "bias mean": 9.000945407472733,
        "bias sd": 6.2862898391368685,
        "wasserstein mean": 0.011352882584152764,
        "wasserstein sd": 0.007774765834164975
    },
    "SCHL_Grade 2_relative_bias": {
        "bias mean": 100.00000000000001,
        "bias sd": 1.5239443903799964e-14,
        "wasserstein mean": 0.04179572676564013,
        "wasserstein sd": 0.018254605785970924
    },
    "SCHL_Grade 3_relative_bias": {
        "bias mean": 100.0,
        "bias sd": 0.0,
        "wasserstein mean": 0.04567320191018578,
        "wasserstein sd": 0.014774416037269006
    },
    "SCHL_Grade 4_relative_bias": {
        "bias mean": 100.0,
        "bias sd": 0.0,
        "wasserstein mean": 0.03761939778486885,
        "wasserstein sd": 0.01641845123312509
    },
    "SCHL_Grade 5_relative_bias": {
        "bias mean": 100.0,
        "bias sd": 0.0,
        "wasserstein mean": 0.04657232569044406,
        "wasserstein sd": 0.019789433124081164
    },
    "SCHL_Grade 6_relative_bias": {
        "bias mean": 7.578806755917029,
        "bias sd": 7.357628314190651,
        "wasserstein mean": 0.010136027438939849,
        "wasserstein sd": 0.010177840073734257
    },
    "SCHL_Grade 7_relative_bias": {
        "bias mean": 100.0,
        "bias sd": 0.0,
        "wasserstein mean": 0.05287333824139576,
        "wasserstein sd": 0.025461524898319765
    },
    "SCHL_Grade 8_relative_bias": {
        "bias mean": 100.0,
        "bias sd": 0.0,
        "wasserstein mean": 0.0733394015341565,
        "wasserstein sd": 0.016264345320418348
    },
    "SCHL_Grade 9_relative_bias": {
        "bias mean": 10.6235139587855,
        "bias sd": 7.000287147590618,
        "wasserstein mean": 0.011518911138940274,
        "wasserstein sd": 0.008672431645529787
    },
    "SCHL_Kindergarten_relative_bias": {
        "bias mean": 100.0,
        "bias sd": 0.0,
        "wasserstein mean": 0.023236298429039855,
        "wasserstein sd": 0.01944088206019515
    },
    "SCHL_Master's degree_relative_bias": {
        "bias mean": 2.739985272934047,
        "bias sd": 1.9660686936641887,
        "wasserstein mean": 0.0090182263594837,
        "wasserstein sd": 0.006288905537597758
    },
    "SCHL_No schooling completed_relative_bias": {
        "bias mean": 7.562139893260293,
        "bias sd": 5.473184854679408,
        "wasserstein mean": 0.010536723427683936,
        "wasserstein sd": 0.00863580401576357
    },
    "SCHL_Nursery school, preschool_relative_bias": {
        "bias mean": 65.0,
        "bias sd": 47.69696007084728,
        "wasserstein mean": 0.026494387690196193,
        "wasserstein sd": 0.02446325948402942
    },
    "SCHL_Professional degree beyond a bachelor's degree_relative_bias": {
        "bias mean": 4.539658925415573,
        "bias sd": 4.168937170032746,
        "wasserstein mean": 0.007959425184240615,
        "wasserstein sd": 0.007645998919961043
    },
    "SCHL_Regular high school diploma_relative_bias": {
        "bias mean": 4.76444422329204,
        "bias sd": 3.1540886154544854,