{
    "MMDs": {
        "mean": 0.00920745526699008,
        "sd": 0.0004493054694088962
    },
    "auroc": {
        "mean": 0.7287927426230978,
        "sd": 0.01209015653917097
    },
    "auprc": {
        "mean": 0.3925183323740315,
        "sd": 0.01972863216693536
    },
    "remaining samples": {
        "mean": 1978.16,
        "sd": 4.085878118593358
    },
    "all_samples": 1980,
    "city_development_index_relative_bias": {
        "bias mean": 0.026717583458896285,
        "bias sd": 0.019164170862458366,
        "wasserstein mean": 0.01499571179661199,
        "wasserstein sd": 0.004445358034801895
    },
    "experience_relative_bias": {
        "bias mean": 0.15504644994428224,
        "bias sd": 0.11053002572273703,
        "wasserstein mean": 0.019662224151636886,
        "wasserstein sd": 0.006220959737545783
    },
    "training_hours_relative_bias": {
        "bias mean": 0.2528381056805594,
        "bias sd": 0.14944461545372442,
        "wasserstein mean": 0.023962027963758317,
        "wasserstein sd": 0.0070884086551513984
    },
    "target_relative_bias": {
        "bias mean": 18.950382854164328,
        "bias sd": 6.637927545104851,
        "wasserstein mean": 0.03130812590846791,
        "wasserstein sd": 0.010333687160058676
    },
    "gender_Male_relative_bias": {
        "bias mean": 0.07761402718939939,
        "bias sd": 0.05010584410372728,
        "wasserstein mean": 0.0023455463958667972,
        "wasserstein sd": 0.0015130650772837376
    },
    "gender_Other_relative_bias": {
        "bias mean": 2.8861561415797428,
        "bias sd": 2.1462019082806076,
        "wasserstein mean": 0.0027705190569407056,
        "wasserstein sd": 0.0023075269374128117
    },
    "relevent_experience_No relevent experience_relative_bias": {
        "bias mean": 0.7310124146062056,
        "bias sd": 0.5745704721620432,
        "wasserstein mean": 0.0027120913132566787,
        "wasserstein sd": 0.002106730359201545
    },
    "enrolled_university_Part time course_relative_bias": {
        "bias mean": 1.0419994604867324,
        "bias sd": 0.9004789165971596,
        "wasserstein mean": 0.002630891059358332,
        "wasserstein sd": 0.002280621319460209
    },
    "enrolled_university_no_enrollment_relative_bias": {
        "bias mean": 0.10271604497523366,
        "bias sd": 0.07870474735118008,
        "wasserstein mean": 0.002421745805242353,
        "wasserstein sd": 0.0018575765356481288
    },
    "education_level_Masters_relative_bias": {
        "bias mean": 0.41605052331356385,
        "bias sd": 0.3406206974463394,
        "wasserstein mean": 0.002558073515298943,
        "wasserstein sd": 0.0021121234012799308
    },
    "education_level_Phd_relative_bias": {
        "bias mean": 1.7417543185446147,
        "bias sd": 1.157018865910164,
        "wasserstein mean": 0.0029498393119726154,
        "wasserstein sd": 0.0019439091969934447
    },
    "major_discipline_Business Degree_relative_bias": {
        "bias mean": 1.7595541454935313,
        "bias sd": 1.2832661951614193,
        "wasserstein mean": 0.002585546491445381,
        "wasserstein sd": 0.0020433403253051255
    },
    "major_discipline_Humanities_relative_bias": {
        "bias mean": 1.0738165735474674,
        "bias sd": 0.777216664408575,
        "wasserstein mean": 0.0022582958064731513,
        "wasserstein sd": 0.001666341510740634
    },
    "major_discipline_No Major_relative_bias": {
        "bias mean": 2.2069715869324096,
        "bias sd": 1.968063460714003,
        "wasserstein mean": 0.0024539661898898375,
        "wasserstein sd": 0.0022557953445868956
    },
    "major_discipline_Other_relative_bias": {
        "bias mean": 1.6411848164890896,
        "bias sd": 1.3241530500049454,
        "wasserstein mean": 0.0023706259209886264,
        "wasserstein sd": 0.0019678599960383705
    },
    "major_discipline_STEM_relative_bias": {
        "bias mean": 0.08264878390318105,
        "bias sd": 0.0698974602088572,
        "wasserstein mean": 0.002373638562618458,
        "wasserstein sd": 0.0020011165511839143
    },
    "company_size_100-500_relative_bias": {
        "bias mean": 0.42710749321233066,
        "bias sd": 0.3388495758174809,
        "wasserstein mean": 0.0021648167287338874,
        "wasserstein sd": 0.0017482030446967956
    },
    "company_size_1000-4999_relative_bias": {
        "bias mean": 0.6535851741289129,
        "bias sd": 0.45287067126598674,
        "wasserstein mean": 0.00219185868861376,
        "wasserstein sd": 0.0015072280525623455
    },
    "company_size_10000+_relative_bias": {
        "bias mean": 0.4687376408974224,
        "bias sd": 0.3419065393635709,
        "wasserstein mean": 0.0020520344559824483,
        "wasserstein sd": 0.0014983638640090396
    },
    "company_size_50-99_relative_bias": {
        "bias mean": 0.36801590578092563,
        "bias sd": 0.32166682454966705,
        "wasserstein mean": 0.0019687249396196384,
        "wasserstein sd": 0.0017426936375719148
    },
    "company_size_500-999_relative_bias": {
        "bias mean": 1.0967970818364317,
        "bias sd": 0.8785994240860792,
        "wasserstein mean": 0.0029661845607212517,
        "wasserstein sd": 0.0024232228076491
    },
    "company_size_5000-9999_relative_bias": {
        "bias mean": 1.0034413328983518,
        "bias sd": 0.7717568239869816,
        "wasserstein mean": 0.0021175433690526486,
        "wasserstein sd": 0.0016218370998163899
    },
    "company_size_<10_relative_bias": {
        "bias mean": 0.7432160913192747,
        "bias sd": 0.5153313979084426,
        "wasserstein mean": 0.0024060254378682117,
        "wasserstein sd": 0.0016285547831974537
    },
    "company_type_Funded Startup_relative_bias": {
        "bias mean": 0.6200053906461034,
        "bias sd": 0.4672501264023999,
        "wasserstein mean": 0.0019327868298170431,
        "wasserstein sd": 0.0014488081569453126
    },
    "company_type_NGO_relative_bias": {
        "bias mean": 0.9869781223674541,
        "bias sd": 0.834194152313486,
        "wasserstein mean": 0.00195628290563088,
        "wasserstein sd": 0.0016323800610208866
    },
    "company_type_Other_relative_bias": {
        "bias mean": 2.18669955212385,
        "bias sd": 1.544997604451404,
        "wasserstein mean": 0.0020013789657364655,
        "wasserstein sd": 0.001515313354658913
    },
    "company_type_Public Sector_relative_bias": {
        "bias mean": 0.7861310975700924,
        "bias sd": 0.6961006090585141,
        "wasserstein mean": 0.002031672988774718,
        "wasserstein sd": 0.0018582765569135314
    },
    "company_type_Pvt Ltd_relative_bias": {
        "bias mean": 0.10406604582574816,
        "bias sd": 0.08313994507985653,
        "wasserstein mean": 0.001846516407368263,
        "wasserstein sd": 0.0014792028373094852
    },
    "last_new_job_2_relative_bias": {
        "bias mean": 0.5153589051475812,
        "bias sd": 0.4331156257759193,
        "wasserstein mean": 0.0023593467719039774,
        "wasserstein sd": 0.0019810783015665064
    },
    "last_new_job_3_relative_bias": {
        "bias mean": 0.8814667534208455,
        "bias sd": 0.7311181489866936,
        "wasserstein mean": 0.002389923676260333,
        "wasserstein sd": 0.0020437937899238814
    },
    "last_new_job_4_relative_bias": {
        "bias mean": 0.9292559238788738,
        "bias sd": 0.6236301576071094,
        "wasserstein mean": 0.0024796210083910058,
        "wasserstein sd": 0.0016550171014058947
    },
    "last_new_job_>4_relative_bias": {
        "bias mean": 0.4290815856537082,
        "bias sd": 0.2938537461416481,
        "wasserstein mean": 0.0022455346679709004,
        "wasserstein sd": 0.0015312903005640758
    },
    "last_new_job_never_relative_bias": {
        "bias mean": 1.0979034230457347,
        "bias sd": 0.8415213525348882,
        "wasserstein mean": 0.002354064015343797,
        "wasserstein sd": 0.0018513280942031053
    }
}