{
    "MMDs": {
        "mean": 0.05520224446748287,
        "sd": 0.010876162643475946
    },
    "auroc": {
        "mean": 0.7078971593122829,
        "sd": 0.02311995336557436
    },
    "auprc": {
        "mean": 0.7927462640789997,
        "sd": 0.02160582632901884
    },
    "remaining samples": {
        "mean": 199.04,
        "sd": 16.73673803344009
    },
    "all_samples": 222,
    "Dependents_relative_bias": {
        "bias mean": 6.820158206288333,
        "bias sd": 5.38627048352343,
        "wasserstein mean": 0.06568269581674682,
        "wasserstein sd": 0.036825851480855716
    },
    "ApplicantIncome_relative_bias": {
        "bias mean": 5.704224997318439,
        "bias sd": 4.233157879873208,
        "wasserstein mean": 0.11044900497680937,
        "wasserstein sd": 0.03283740528520109
    },
    "CoapplicantIncome_relative_bias": {
        "bias mean": 11.025409722226609,
        "bias sd": 8.903721133258104,
        "wasserstein mean": 0.11193740269868335,
        "wasserstein sd": 0.03368330576590825
    },
    "LoanAmount_relative_bias": {
        "bias mean": 3.532216429311598,
        "bias sd": 2.7086126801837627,
        "wasserstein mean": 0.10600942822771793,
        "wasserstein sd": 0.03566433023387179
    },
    "Loan_Amount_Term_relative_bias": {
        "bias mean": 1.3147542961962322,
        "bias sd": 1.0416937325987148,
        "wasserstein mean": 0.09863878112960844,
        "wasserstein sd": 0.048575613448919946
    },
    "Credit_History_relative_bias": {
        "bias mean": 3.924910615158191,
        "bias sd": 2.898177504639034,
        "wasserstein mean": 0.09383807364665002,
        "wasserstein sd": 0.0688305192632223
    },
    "Loan_Status_relative_bias": {
        "bias mean": 9.537897639610568,
        "bias sd": 5.927685340651118,
        "wasserstein mean": 0.06448461662443236,
        "wasserstein sd": 0.038200262763004235
    },
    "Gender_Male_relative_bias": {
        "bias mean": 3.6101114067274307,
        "bias sd": 2.446998991748561,
        "wasserstein mean": 0.0775486092698547,
        "wasserstein sd": 0.05180288650844796
    },
    "Married_Yes_relative_bias": {
        "bias mean": 5.374940845146744,
        "bias sd": 3.6220970019695313,
        "wasserstein mean": 0.07242099345360443,
        "wasserstein sd": 0.048899091820300354
    },
    "Education_Not Graduate_relative_bias": {
        "bias mean": 12.614625617783508,
        "bias sd": 9.067133854852859,
        "wasserstein mean": 0.06444311769851714,
        "wasserstein sd": 0.0493663751835941
    },
    "Self_Employed_Yes_relative_bias": {
        "bias mean": 15.98135813249449,
        "bias sd": 14.937201060690715,
        "wasserstein mean": 0.06045323030075937,
        "wasserstein sd": 0.050310204669736416
    },
    "Property_Area_Semiurban_relative_bias": {
        "bias mean": 10.007685100362378,
        "bias sd": 7.4225990444150565,
        "wasserstein mean": 0.07845613289512943,
        "wasserstein sd": 0.05448490305677096
    },
    "Property_Area_Urban_relative_bias": {
        "bias mean": 10.434763484987707,
        "bias sd": 8.207719237498093,
        "wasserstein mean": 0.07214677784355034,
        "wasserstein sd": 0.05957803220313761
    }
}