{"MMDs": {"mean": 0.022277200779430743, "sd": 0.0031792359876413392}, "auroc": {"mean": 0.6625101275423146, "sd": 0.0807747230751425}, "auprc": {"mean": 0.7756011525616187, "sd": 0.048424176087693414}, "remaining samples": {"mean": 216.0, "sd": 0.0}, "all_samples": 216, "Dependents_relative_bias": {"bias mean": 1.3000163813633128, "bias sd": 0.9129698991338808, "wasserstein mean": 0.06367178242429121, "wasserstein sd": 0.028451774748079448}, "ApplicantIncome_relative_bias": {"bias mean": 7.3135696580251635, "bias sd": 3.030617234265674, "wasserstein mean": 0.131418799288971, "wasserstein sd": 0.0366131222491731}, "CoapplicantIncome_relative_bias": {"bias mean": 7.830570342175636, "bias sd": 4.823059391684621, "wasserstein mean": 0.10909036769954153, "wasserstein sd": 0.037512293901255316}, "LoanAmount_relative_bias": {"bias mean": 2.6154875583272927, "bias sd": 1.0403709119531899, "wasserstein mean": 0.16656141713486775, "wasserstein sd": 0.05448848325668363}, "Loan_Amount_Term_relative_bias": {"bias mean": 0.4045483336660321, "bias sd": 0.24247590541471795, "wasserstein mean": 0.0898528203935511, "wasserstein sd": 0.03872743649107159}, "Credit_History_relative_bias": {"bias mean": 0.5996410949109052, "bias sd": 0.42238013218204956, "wasserstein mean": 0.01441478000232204, "wasserstein sd": 0.009998656651805988}, "Loan_Status_relative_bias": {"bias mean": 6.104848779359114, "bias sd": 4.88642428098578, "wasserstein mean": 0.04252047195815184, "wasserstein sd": 0.03449041713105486}, "Gender_Male_relative_bias": {"bias mean": 0.3890690524732346, "bias sd": 0.30863780938877455, "wasserstein mean": 0.008264162183329234, "wasserstein sd": 0.006481512662503823}, "Married_Yes_relative_bias": {"bias mean": 0.5439636794888362, "bias sd": 0.4536655104690565, "wasserstein mean": 0.007359380219026711, "wasserstein sd": 0.006107102939829593}, "Education_Not Graduate_relative_bias": {"bias mean": 1.6433210551674167, "bias sd": 1.453203948864002, "wasserstein mean": 0.007856837714804284, "wasserstein sd": 0.006773807256789708}, "Self_Employed_Yes_relative_bias": {"bias mean": 4.611302232616357, "bias sd": 2.4314002592606903, "wasserstein mean": 0.018760960844610285, "wasserstein sd": 0.010766622710594477}, "Property_Area_Semiurban_relative_bias": {"bias mean": 0.907534086330902, "bias sd": 0.6134900603151594, "wasserstein mean": 0.007448394480632108, "wasserstein sd": 0.005109343122755772}, "Property_Area_Urban_relative_bias": {"bias mean": 1.3705831970079887, "bias sd": 1.029663718681116, "wasserstein mean": 0.009041334693689373, "wasserstein sd": 0.006289393573675751}}