{
    "MMDs": {
        "mean": 0.023966219925607008,
        "sd": 0.0037621180268455
    },
    "auroc": {
        "mean": 0.6965163653031378,
        "sd": 0.02841632871912581
    },
    "auprc": {
        "mean": 0.7903353650087603,
        "sd": 0.02341368989564719
    },
    "remaining samples": {
        "mean": 216.0,
        "sd": 0.0
    },
    "all_samples": 216,
    "Dependents_relative_bias": {
        "bias mean": 1.303519887323507,
        "bias sd": 0.9202412224713457,
        "wasserstein mean": 0.059292113946412914,
        "wasserstein sd": 0.027221966576526504
    },
    "ApplicantIncome_relative_bias": {
        "bias mean": 6.71684300392812,
        "bias sd": 3.4154806868451844,
        "wasserstein mean": 0.12222221319418153,
        "wasserstein sd": 0.0384113456678644
    },
    "CoapplicantIncome_relative_bias": {
        "bias mean": 9.009155136186227,
        "bias sd": 4.851463505085835,
        "wasserstein mean": 0.11045928149528639,
        "wasserstein sd": 0.0378119938184746
    },
    "LoanAmount_relative_bias": {
        "bias mean": 2.7228218311117565,
        "bias sd": 1.10032764503908,
        "wasserstein mean": 0.17135419018187673,
        "wasserstein sd": 0.05432637803200281
    },
    "Loan_Amount_Term_relative_bias": {
        "bias mean": 0.4448600775226723,
        "bias sd": 0.2665104229624349,
        "wasserstein mean": 0.0887491513043477,
        "wasserstein sd": 0.04517421877539169
    },
    "Credit_History_relative_bias": {
        "bias mean": 0.4908688487254841,
        "bias sd": 0.3835710782598807,
        "wasserstein mean": 0.011858819709568084,
        "wasserstein sd": 0.009200982992519728
    },
    "Loan_Status_relative_bias": {
        "bias mean": 3.893175034852218,
        "bias sd": 3.3738601432345368,
        "wasserstein mean": 0.026868791482193358,
        "wasserstein sd": 0.023173789128032193
    },
    "Gender_Male_relative_bias": {
        "bias mean": 0.34439946717554043,
        "bias sd": 0.24438798610850868,
        "wasserstein mean": 0.007402557170267771,
        "wasserstein sd": 0.005262798251226332
    },
    "Married_Yes_relative_bias": {
        "bias mean": 0.6885776045196751,
        "bias sd": 0.5136461398574402,
        "wasserstein mean": 0.009279859317067526,
        "wasserstein sd": 0.006799885862215363
    },
    "Education_Not Graduate_relative_bias": {
        "bias mean": 1.7515235437586258,
        "bias sd": 1.6836103014119965,
        "wasserstein mean": 0.008499095172126367,
        "wasserstein sd": 0.008059543740888912
    },
    "Self_Employed_Yes_relative_bias": {
        "bias mean": 4.792506074620678,
        "bias sd": 2.903622625292825,
        "wasserstein mean": 0.01947494936241765,
        "wasserstein sd": 0.012996527277062278
    },
    "Property_Area_Semiurban_relative_bias": {
        "bias mean": 1.06170372800167,
        "bias sd": 0.7806617536560478,
        "wasserstein mean": 0.008718211629377548,
        "wasserstein sd": 0.006487612677048293
    },
    "Property_Area_Urban_relative_bias": {
        "bias mean": 1.6141931453438823,
        "bias sd": 0.9570847282997658,
        "wasserstein mean": 0.010711466782709749,
        "wasserstein sd": 0.00635354693774313
    }
}