{
    "MMDs": {
        "mean": 0.021856991963267788,
        "sd": 0.0028981500315315638
    },
    "auroc": {
        "mean": 0.7032453721251006,
        "sd": 0.033263904741287285
    },
    "auprc": {
        "mean": 0.7908902643768653,
        "sd": 0.02628888050260178
    },
    "remaining samples": {
        "mean": 221.64,
        "sd": 1.3965672200076873
    },
    "all_samples": 222,
    "Dependents_relative_bias": {
        "bias mean": 1.5070508717999482,
        "bias sd": 1.384359847920045,
        "wasserstein mean": 0.0277066596085215,
        "wasserstein sd": 0.011722924292243477
    },
    "ApplicantIncome_relative_bias": {
        "bias mean": 4.261449538859053,
        "bias sd": 2.703639987320905,
        "wasserstein mean": 0.09716033027158905,
        "wasserstein sd": 0.024514437093087153
    },
    "CoapplicantIncome_relative_bias": {
        "bias mean": 7.03088080332444,
        "bias sd": 4.20311458038397,
        "wasserstein mean": 0.08669601514998067,
        "wasserstein sd": 0.020238920951827992
    },
    "LoanAmount_relative_bias": {
        "bias mean": 1.1181613062552396,
        "bias sd": 0.9010097201318519,
        "wasserstein mean": 0.082479266975835,
        "wasserstein sd": 0.02088647366765851
    },
    "Loan_Amount_Term_relative_bias": {
        "bias mean": 0.30191296018354025,
        "bias sd": 0.2334856685545146,
        "wasserstein mean": 0.05337142184930963,
        "wasserstein sd": 0.022621710268879144
    },
    "Credit_History_relative_bias": {
        "bias mean": 0.5695208621246118,
        "bias sd": 0.38621215275538195,
        "wasserstein mean": 0.01366859824551748,
        "wasserstein sd": 0.009202969439457451
    },
    "Loan_Status_relative_bias": {
        "bias mean": 6.747707956237356,
        "bias sd": 4.268856539447499,
        "wasserstein mean": 0.04590480925803437,
        "wasserstein sd": 0.027738254859249238
    },
    "Gender_Male_relative_bias": {
        "bias mean": 0.4160034101779397,
        "bias sd": 0.3148127961903434,
        "wasserstein mean": 0.008918327123838906,
        "wasserstein sd": 0.006686772471347886
    },
    "Married_Yes_relative_bias": {
        "bias mean": 0.5492365994879921,
        "bias sd": 0.4540258585279011,
        "wasserstein mean": 0.007478634914286136,
        "wasserstein sd": 0.006246594595308091
    },
    "Education_Not Graduate_relative_bias": {
        "bias mean": 1.2568046736623604,
        "bias sd": 1.0594391161631647,
        "wasserstein mean": 0.006332236841223007,
        "wasserstein sd": 0.005486895294854782
    },
    "Self_Employed_Yes_relative_bias": {
        "bias mean": 2.97108500927493,
        "bias sd": 2.0809906476853026,
        "wasserstein mean": 0.011829904396431633,
        "wasserstein sd": 0.008687083103048325
    },
    "Property_Area_Semiurban_relative_bias": {
        "bias mean": 1.0156456826567364,
        "bias sd": 0.7805304751235567,
        "wasserstein mean": 0.008139691581675011,
        "wasserstein sd": 0.006328780441901798
    },
    "Property_Area_Urban_relative_bias": {
        "bias mean": 1.3537250964369059,
        "bias sd": 1.070813816980289,
        "wasserstein mean": 0.009198418602042145,
        "wasserstein sd": 0.007277394911015142
    }
}