{
    "MMDs": {
        "mean": 0.0184771299406026,
        "sd": 0.0014488842039548193
    },
    "auroc": {
        "mean": 0.691287248825269,
        "sd": 0.028990411981667054
    },
    "auprc": {
        "mean": 0.5056738287575233,
        "sd": 0.015061234966001261
    },
    "mse": {
        "mean": 1.2951874964412986,
        "sd": 0.046869885641894184
    },
    "remaining samples": {
        "mean": 1219.8,
        "sd": 25.293477420078087
    },
    "all_samples": 1194,
    "AGEP_relative_bias": {
        "bias mean": 0.8150516596561079,
        "bias sd": 0.48484046945911446,
        "wasserstein mean": 0.030265029047153967,
        "wasserstein sd": 0.010548059796474442
    },
    "WKHP_relative_bias": {
        "bias mean": 0.4557475108943465,
        "bias sd": 0.2494187839856086,
        "wasserstein mean": 0.025322530006333343,
        "wasserstein sd": 0.004867737797563311
    },
    "COW_Employee of a private for-profit company or business, or of an individual, for wages, salary, or commissions_relative_bias": {
        "bias mean": 0.8018177177805106,
        "bias sd": 0.6093710621938085,
        "wasserstein mean": 0.011107141388513984,
        "wasserstein sd": 0.008513268641582172
    },
    "COW_Employee of a private not-for-profit, tax-exempt, or charitable organization_relative_bias": {
        "bias mean": 3.967993215555432,
        "bias sd": 2.0819464868405926,
        "wasserstein mean": 0.010948714861226677,
        "wasserstein sd": 0.0059633915291301305
    },
    "COW_Federal government employee_relative_bias": {
        "bias mean": 4.722929894296885,
        "bias sd": 4.053854506455801,
        "wasserstein mean": 0.007436455230404706,
        "wasserstein sd": 0.006685273821668861
    },
    "COW_Local government employee (city, county, etc.)_relative_bias": {
        "bias mean": 3.2053947241805276,
        "bias sd": 1.4877227665755395,
        "wasserstein mean": 0.009416924968444831,
        "wasserstein sd": 0.004328799453416131
    },
    "COW_Self-employed in own incorporated business, professional practice or farm_relative_bias": {
        "bias mean": 4.027279894159248,
        "bias sd": 3.378482334846646,
        "wasserstein mean": 0.00795219237435155,
        "wasserstein sd": 0.006770728154463104
    },
    "COW_Self-employed in own not incorporated business, professional practice, or farm_relative_bias": {
        "bias mean": 3.462116750274943,
        "bias sd": 3.3451449131771844,
        "wasserstein mean": 0.010160442713261459,
        "wasserstein sd": 0.009058737408538943
    },
    "COW_State government employee_relative_bias": {
        "bias mean": 3.4119007141523747,
        "bias sd": 1.9505593822995295,
        "wasserstein mean": 0.006970280708703623,
        "wasserstein sd": 0.003974646126922908
    },
    "COW_Working without pay in family business or farm_relative_bias": {
        "bias mean": 32.23203542971724,
        "bias sd": 24.58329393292797,
        "wasserstein mean": 0.01723742505586984,
        "wasserstein sd": 0.011469100119777382
    },
    "SCHL_1 or more years of college credit, no degree_relative_bias": {
        "bias mean": 1.8947398931167403,
        "bias sd": 1.2222632120657084,
        "wasserstein mean": 0.008356620270244839,
        "wasserstein sd": 0.0054207870069601285
    },
    "SCHL_12th grade - no diploma_relative_bias": {
        "bias mean": 5.7483470159708725,
        "bias sd": 5.21966964675563,
        "wasserstein mean": 0.009114479340310476,
        "wasserstein sd": 0.0084473814771093
    },
    "SCHL_Associate's degree_relative_bias": {
        "bias mean": 3.88806534804135,
        "bias sd": 2.9385190963855017,
        "wasserstein mean": 0.011134380334225636,
        "wasserstein sd": 0.008187403498683445
    },
    "SCHL_Bachelor's degree_relative_bias": {
        "bias mean": 1.6060502810587807,
        "bias sd": 1.2083495351409317,
        "wasserstein mean": 0.008940786149942297,
        "wasserstein sd": 0.006658384596125547
    },
    "SCHL_Doctorate degree_relative_bias": {
        "bias mean": 6.1873023476215065,
        "bias sd": 5.348272298776284,
        "wasserstein mean": 0.008412019169089482,
        "wasserstein sd": 0.00718046347292916
    },
    "SCHL_GED or alternative credential_relative_bias": {
        "bias mean": 7.206400784575649,
        "bias sd": 4.567773021209654,
        "wasserstein mean": 0.010959659589000645,
        "wasserstein sd": 0.007470239781057615
    },
    "SCHL_Grade 1_relative_bias": {
        "bias mean": Infinity,
        "bias sd": NaN,
        "wasserstein mean": 0.02228814038625398,
        "wasserstein sd": 0.02040918762876602
    },
    "SCHL_Grade 10_relative_bias": {
        "bias mean": 10.800180767737917,
        "bias sd": 10.13548876715477,
        "wasserstein mean": 0.011461075303489216,
        "wasserstein sd": 0.011090267754203773
    },
    "SCHL_Grade 11_relative_bias": {
        "bias mean": 11.215489616304183,
        "bias sd": 7.14454464425353,
        "wasserstein mean": 0.014189706257508275,
        "wasserstein sd": 0.009136322235767722
    },
    "SCHL_Grade 2_relative_bias": {
        "bias mean": -2.157128314989978e+16,
        "bias sd": 9.402704333291536e+16,
        "wasserstein mean": 0.03846204078146949,
        "wasserstein sd": 0.026595862502850766
    },
    "SCHL_Grade 3_relative_bias": {
        "bias mean": 64.9206033302895,
        "bias sd": 70.05105215939355,
        "wasserstein mean": 0.03160262973605227,
        "wasserstein sd": 0.02880620200597695
    },
    "SCHL_Grade 4_relative_bias": {
        "bias mean": 54.92958919125887,
        "bias sd": 35.9968001234573,
        "wasserstein mean": 0.025316685406933263,
        "wasserstein sd": 0.017745269679051823
    },
    "SCHL_Grade 5_relative_bias": {
        "bias mean": 57.614230410228174,
        "bias sd": 45.88773317561135,
        "wasserstein mean": 0.02556290574121106,
        "wasserstein sd": 0.024839403133405734
    },
    "SCHL_Grade 6_relative_bias": {
        "bias mean": 8.914321074686782,
        "bias sd": 5.663569700779842,
        "wasserstein mean": 0.011192377694103257,
        "wasserstein sd": 0.007397091052734328
    },
    "SCHL_Grade 7_relative_bias": {
        "bias mean": 40.29322675140667,
        "bias sd": 32.757913023916394,
        "wasserstein mean": 0.023749366452677632,
        "wasserstein sd": 0.02509577901803968
    },
    "SCHL_Grade 8_relative_bias": {
        "bias mean": 20.51500681482153,
        "bias sd": 20.560634298570765,
        "wasserstein mean": 0.015611165883251638,
        "wasserstein sd": 0.016171159784139553
    },
    "SCHL_Grade 9_relative_bias": {
        "bias mean": 10.226400759080992,
        "bias sd": 9.073531775525936,
        "wasserstein mean": 0.010922567320856542,
        "wasserstein sd": 0.009716099641388658
    },
    "SCHL_Kindergarten_relative_bias": {
        "bias mean": Infinity,
        "bias sd": NaN,
        "wasserstein mean": 0.014461729788195089,
        "wasserstein sd": 0.01164737973378195
    },
    "SCHL_Master's degree_relative_bias": {
        "bias mean": 2.2032137966547425,
        "bias sd": 1.2778002407555902,
        "wasserstein mean": 0.007435284202497139,
        "wasserstein sd": 0.0043699423963648246
    },
    "SCHL_No schooling completed_relative_bias": {
        "bias mean": 6.9946826303874925,
        "bias sd": 6.321818470285464,
        "wasserstein mean": 0.009217183188823181,
        "wasserstein sd": 0.008307607863916405
    },
    "SCHL_Nursery school, preschool_relative_bias": {
        "bias mean": 5.765927508713958e+16,
        "bias sd": 2.513309532626535e+17,
        "wasserstein mean": 0.020832671274835287,
        "wasserstein sd": 0.015564773914827601
    },
    "SCHL_Professional degree beyond a bachelor's degree_relative_bias": {
        "bias mean": 6.3391193680693,
        "bias sd": 4.7643974140331045,
        "wasserstein mean": 0.01082667857944895,