{
    "MMDs": {
        "mean": 0.020325779577643366,
        "sd": 0.0023272163303916433
    },
    "auroc": {
        "mean": 0.7291004664735352,
        "sd": 0.012838763642530416
    },
    "auprc": {
        "mean": 0.39326924147464637,
        "sd": 0.019954863685406464
    },
    "remaining samples": {
        "mean": 1978.16,
        "sd": 4.085878118593358
    },
    "all_samples": 1980,
    "city_development_index_relative_bias": {
        "bias mean": 0.7846577111813495,
        "bias sd": 0.4231900052649384,
        "wasserstein mean": 0.06073249646618686,
        "wasserstein sd": 0.02819698503215253
    },
    "experience_relative_bias": {
        "bias mean": 1.3576120409957437,
        "bias sd": 0.957327138693309,
        "wasserstein mean": 0.030688576212309217,
        "wasserstein sd": 0.013542041584710049
    },
    "training_hours_relative_bias": {
        "bias mean": 2.4289812895874814,
        "bias sd": 1.6018551051025833,
        "wasserstein mean": 0.03512632562829095,
        "wasserstein sd": 0.013873411428437033
    },
    "target_relative_bias": {
        "bias mean": 25.303791367995668,
        "bias sd": 7.8994711778753866,
        "wasserstein mean": 0.041804631588931496,
        "wasserstein sd": 0.01194090984318283
    },
    "gender_Male_relative_bias": {
        "bias mean": 0.8559052152506266,
        "bias sd": 0.5690553524915122,
        "wasserstein mean": 0.02586851676093758,
        "wasserstein sd": 0.017126577712762294
    },
    "gender_Other_relative_bias": {
        "bias mean": 32.40940404287759,
        "bias sd": 33.112816242277574,
        "wasserstein mean": 0.02794743762414214,
        "wasserstein sd": 0.02252918727289224
    },
    "relevent_experience_No relevent experience_relative_bias": {
        "bias mean": 6.246439959555447,
        "bias sd": 5.130322830388798,
        "wasserstein mean": 0.022955996789896307,
        "wasserstein sd": 0.018206941231846113
    },
    "enrolled_university_Part time course_relative_bias": {
        "bias mean": 7.039594154122592,
        "bias sd": 4.243251432324273,
        "wasserstein mean": 0.01785260697083265,
        "wasserstein sd": 0.010777337991135953
    },
    "enrolled_university_no_enrollment_relative_bias": {
        "bias mean": 0.9738832928397413,
        "bias sd": 0.7045780641519904,
        "wasserstein mean": 0.02295733116751759,
        "wasserstein sd": 0.01652486309181126
    },
    "education_level_Masters_relative_bias": {
        "bias mean": 4.0261969289984645,
        "bias sd": 2.926494065336426,
        "wasserstein mean": 0.02476065440525182,
        "wasserstein sd": 0.01802061927084314
    },
    "education_level_Phd_relative_bias": {
        "bias mean": 16.73742554991532,
        "bias sd": 10.82004950701086,
        "wasserstein mean": 0.02840322809429592,
        "wasserstein sd": 0.01801637270675274
    },
    "major_discipline_Business Degree_relative_bias": {
        "bias mean": 18.8294679621385,
        "bias sd": 15.721152292288535,
        "wasserstein mean": 0.026798160401622834,
        "wasserstein sd": 0.021930054926094338
    },
    "major_discipline_Humanities_relative_bias": {
        "bias mean": 11.959363726182525,
        "bias sd": 8.457891423321382,
        "wasserstein mean": 0.024946595725691478,
        "wasserstein sd": 0.017749242436891865
    },
    "major_discipline_No Major_relative_bias": {
        "bias mean": 19.731182921962283,
        "bias sd": 15.496273977690372,
        "wasserstein mean": 0.02149842852583181,
        "wasserstein sd": 0.01623067778156857
    },
    "major_discipline_Other_relative_bias": {
        "bias mean": 18.8434094518623,
        "bias sd": 14.056044410813959,
        "wasserstein mean": 0.026999776226276837,
        "wasserstein sd": 0.01993751073381133
    },
    "major_discipline_STEM_relative_bias": {
        "bias mean": 0.942195375445917,
        "bias sd": 0.6705416411740422,
        "wasserstein mean": 0.027039312613151355,
        "wasserstein sd": 0.01917907762178321
    },
    "company_size_100-500_relative_bias": {
        "bias mean": 4.3933946472997825,
        "bias sd": 3.2055667105785774,
        "wasserstein mean": 0.0222430044253545,
        "wasserstein sd": 0.016507627718261957
    },
    "company_size_1000-4999_relative_bias": {
        "bias mean": 7.554366662942074,
        "bias sd": 6.245864937842006,
        "wasserstein mean": 0.02510501739777371,
        "wasserstein sd": 0.01996273876433525
    },
    "company_size_10000+_relative_bias": {
        "bias mean": 4.812015754188342,
        "bias sd": 4.063072457768725,
        "wasserstein mean": 0.020919161742357514,
        "wasserstein sd": 0.017330965768825226
    },
    "company_size_50-99_relative_bias": {
        "bias mean": 4.1936087902437285,
        "bias sd": 3.120655070389041,
        "wasserstein mean": 0.022420118371465958,
        "wasserstein sd": 0.016853904184676333
    },
    "company_size_500-999_relative_bias": {
        "bias mean": 9.88748476964855,
        "bias sd": 7.296416591968347,
        "wasserstein mean": 0.026393753679414357,
        "wasserstein sd": 0.019332917970348033
    },
    "company_size_5000-9999_relative_bias": {
        "bias mean": 10.169019839945117,
        "bias sd": 8.826818648177387,
        "wasserstein mean": 0.022150265559401926,
        "wasserstein sd": 0.01990900016676612
    },
    "company_size_<10_relative_bias": {
        "bias mean": 8.615337269999383,
        "bias sd": 5.345197008401561,
        "wasserstein mean": 0.02809913819423772,
        "wasserstein sd": 0.017757814452771664
    },
    "company_type_Funded Startup_relative_bias": {
        "bias mean": 7.8964543489216465,
        "bias sd": 5.656851282042012,
        "wasserstein mean": 0.02458577928931241,
        "wasserstein sd": 0.01792720994063728
    },
    "company_type_NGO_relative_bias": {
        "bias mean": 12.101274095551327,
        "bias sd": 11.016509422679963,
        "wasserstein mean": 0.023620584939724597,
        "wasserstein sd": 0.019949406056870986
    },
    "company_type_Other_relative_bias": {
        "bias mean": 27.072027145571006,
        "bias sd": 17.640717398457802,
        "wasserstein mean": 0.0244370162915166,
        "wasserstein sd": 0.016153267004023357
    },
    "company_type_Public Sector_relative_bias": {
        "bias mean": 9.422527920846083,
        "bias sd": 7.359726658338024,
        "wasserstein mean": 0.02446549056486165,
        "wasserstein sd": 0.019526817773059178
    },
    "company_type_Pvt Ltd_relative_bias": {
        "bias mean": 1.4956788207311698,
        "bias sd": 1.1241087450925897,
        "wasserstein mean": 0.026493192838526646,
        "wasserstein sd": 0.019777460977010497
    },
    "last_new_job_2_relative_bias": {
        "bias mean": 5.4042160474963,
        "bias sd": 3.4051548607432935,
        "wasserstein mean": 0.02480046993626273,
        "wasserstein sd": 0.015612777821843567
    },
    "last_new_job_3_relative_bias": {
        "bias mean": 8.523897170890697,
        "bias sd": 6.5533798017133105,
        "wasserstein mean": 0.022463146848894864,
        "wasserstein sd": 0.01620915482166192
    },
    "last_new_job_4_relative_bias": {
        "bias mean": 8.256703807042946,
        "bias sd": 6.181224383657003,
        "wasserstein mean": 0.02199122384852181,
        "wasserstein sd": 0.01587439981629361
    },
    "last_new_job_>4_relative_bias": {
        "bias mean": 4.860957294717842,
        "bias sd": 3.3432661291415875,
        "wasserstein mean": 0.02583569914977526,
        "wasserstein sd": 0.018296228686431035
    },
    "last_new_job_never_relative_bias": {
        "bias mean": 12.770956050096453,
        "bias sd": 10.46179506239355,
        "wasserstein mean": 0.026399402716733366,
        "wasserstein sd": 0.020162065372585095
    }
}