{
    "MMDs": {
        "mean": 0.021688383495301743,
        "sd": 0.003050583583422872
    },
    "auroc": {
        "mean": 0.7012738769620962,
        "sd": 0.02756387506412099
    },
    "auprc": {
        "mean": 0.7915040217719203,
        "sd": 0.02363535907943003
    },
    "remaining samples": {
        "mean": 198.36,
        "sd": 1.3965672200076873
    },
    "all_samples": 198,
    "Dependents_relative_bias": {
        "bias mean": 1.679877774614607,
        "bias sd": 1.2904859313653796,
        "wasserstein mean": 0.02820574775939149,
        "wasserstein sd": 0.014862291369853741
    },
    "ApplicantIncome_relative_bias": {
        "bias mean": 4.539465679024941,
        "bias sd": 2.568923609145794,
        "wasserstein mean": 0.09865770745913587,
        "wasserstein sd": 0.021924934409611234
    },
    "CoapplicantIncome_relative_bias": {
        "bias mean": 6.981037376515892,
        "bias sd": 4.76001633590899,
        "wasserstein mean": 0.0876155084118089,
        "wasserstein sd": 0.02535706830927537
    },
    "LoanAmount_relative_bias": {
        "bias mean": 1.0552666878658123,
        "bias sd": 1.0962877793040289,
        "wasserstein mean": 0.08479461655173981,
        "wasserstein sd": 0.02102055471732165
    },
    "Loan_Amount_Term_relative_bias": {
        "bias mean": 0.2743929292403821,
        "bias sd": 0.20010991993144525,
        "wasserstein mean": 0.052746324878768756,
        "wasserstein sd": 0.02239203991070615
    },
    "Credit_History_relative_bias": {
        "bias mean": 0.36482191717706336,
        "bias sd": 0.31528255729346416,
        "wasserstein mean": 0.008751884236168553,
        "wasserstein sd": 0.007537538217026072
    },
    "Loan_Status_relative_bias": {
        "bias mean": 7.388179591560032,
        "bias sd": 4.934735740730101,
        "wasserstein mean": 0.05171726925238104,
        "wasserstein sd": 0.03610488927946268
    },
    "Gender_Male_relative_bias": {
        "bias mean": 0.32563998198383787,
        "bias sd": 0.2789207324617976,
        "wasserstein mean": 0.006977640083551394,
        "wasserstein sd": 0.0059240003242409705
    },
    "Married_Yes_relative_bias": {
        "bias mean": 0.6210936152519153,
        "bias sd": 0.608049411231809,
        "wasserstein mean": 0.008456850437243476,
        "wasserstein sd": 0.00823010236370077
    },
    "Education_Not Graduate_relative_bias": {
        "bias mean": 1.2418705325935533,
        "bias sd": 0.9922678593568939,
        "wasserstein mean": 0.00624598734108928,
        "wasserstein sd": 0.005063150961966397
    },
    "Self_Employed_Yes_relative_bias": {
        "bias mean": 2.93382593638044,
        "bias sd": 2.2860613792344973,
        "wasserstein mean": 0.011613650894208537,
        "wasserstein sd": 0.009163521503165377
    },
    "Property_Area_Semiurban_relative_bias": {
        "bias mean": 1.0327515135949428,
        "bias sd": 0.8492746008668248,
        "wasserstein mean": 0.00822758488491679,
        "wasserstein sd": 0.006721734449122737
    },
    "Property_Area_Urban_relative_bias": {
        "bias mean": 1.478016510656746,
        "bias sd": 1.0632559144013853,
        "wasserstein mean": 0.010124699219190937,
        "wasserstein sd": 0.007545555310610217
    }
}