{
    "MMDs": {
        "mean": 0.02360739502665137,
        "sd": 0.0032889924477258626
    },
    "auroc": {
        "mean": 0.6952648252382333,
        "sd": 0.03956031085485804
    },
    "auprc": {
        "mean": 0.7912604851381866,
        "sd": 0.025163918789067177
    },
    "remaining samples": {
        "mean": 156.66,
        "sd": 2.825668062600418
    },
    "all_samples": 156,
    "Dependents_relative_bias": {
        "bias mean": 1.780335892326936,
        "bias sd": 1.5060465039666089,
        "wasserstein mean": 0.03321759894194051,
        "wasserstein sd": 0.01859408264216263
    },
    "ApplicantIncome_relative_bias": {
        "bias mean": 5.06187072295783,
        "bias sd": 2.6370414321970252,
        "wasserstein mean": 0.10582727734598653,
        "wasserstein sd": 0.022032413995814792
    },
    "CoapplicantIncome_relative_bias": {
        "bias mean": 7.521476988374323,
        "bias sd": 4.4309763649565115,
        "wasserstein mean": 0.09439951225487259,
        "wasserstein sd": 0.02415069845156043
    },
    "LoanAmount_relative_bias": {
        "bias mean": 1.1719532914442388,
        "bias sd": 1.1242914569388887,
        "wasserstein mean": 0.09124605139036342,
        "wasserstein sd": 0.021351068771142578
    },
    "Loan_Amount_Term_relative_bias": {
        "bias mean": 0.30526032466699954,
        "bias sd": 0.23333707078432409,
        "wasserstein mean": 0.06087421065512839,
        "wasserstein sd": 0.027798027125548755
    },
    "Credit_History_relative_bias": {
        "bias mean": 0.3996182622803548,
        "bias sd": 0.3139852102817581,
        "wasserstein mean": 0.009577933805883282,
        "wasserstein sd": 0.007481997636913188
    },
    "Loan_Status_relative_bias": {
        "bias mean": 17.066328895753806,
        "bias sd": 6.13927954751366,
        "wasserstein mean": 0.11870924509136178,
        "wasserstein sd": 0.04560746177657922
    },
    "Gender_Male_relative_bias": {
        "bias mean": 0.3773976461592655,
        "bias sd": 0.35094101248308623,
        "wasserstein mean": 0.008100005645782442,
        "wasserstein sd": 0.007374405074190407
    },
    "Married_Yes_relative_bias": {
        "bias mean": 0.6646704635890168,
        "bias sd": 0.5936227139257086,
        "wasserstein mean": 0.009040275136568892,
        "wasserstein sd": 0.00811903370333112
    },
    "Education_Not Graduate_relative_bias": {
        "bias mean": 1.3760161104674282,
        "bias sd": 1.0128851823206728,
        "wasserstein mean": 0.006850945685743129,
        "wasserstein sd": 0.005000009763241379
    },
    "Self_Employed_Yes_relative_bias": {
        "bias mean": 3.195744198170899,
        "bias sd": 2.210938823072773,
        "wasserstein mean": 0.012565881249540656,
        "wasserstein sd": 0.008786898876258633
    },
    "Property_Area_Semiurban_relative_bias": {
        "bias mean": 1.167125688370965,
        "bias sd": 1.0237239846722554,
        "wasserstein mean": 0.009310326155049117,
        "wasserstein sd": 0.008156035035934145
    },
    "Property_Area_Urban_relative_bias": {
        "bias mean": 1.4351417036050578,
        "bias sd": 1.1933717894490226,
        "wasserstein mean": 0.009834510576110692,
        "wasserstein sd": 0.0084939703300394
    }
}