{"MMDs": {"mean": 0.01540384386450294, "sd": 0.0010310638309640996}, "auroc": {"mean": 0.8462074491115895, "sd": 0.01387629786366736}, "auprc": {"mean": 0.7500037912828814, "sd": 0.025330586005569596}, "remaining samples": {"mean": 2175.78, "sd": 8.514199903690306}, "all_samples": 2250, "AGEP_relative_bias": {"bias mean": 0.9201022972915384, "bias sd": 0.2176486608276003, "wasserstein mean": 0.023417620829912854, "wasserstein sd": 0.004509495753936806}, "SCHL_1 or more years of college credit, no degree_relative_bias": {"bias mean": 2.562372123904565, "bias sd": 1.5195050427034367, "wasserstein mean": 0.009849864483229352, "wasserstein sd": 0.005946695386948308}, "SCHL_12th grade - no diploma_relative_bias": {"bias mean": 4.999231075186328, "bias sd": 3.3970945902211507, "wasserstein mean": 0.007293941242818402, "wasserstein sd": 0.00468014704483837}, "SCHL_Associate's degree_relative_bias": {"bias mean": 1.9020580074352063, "bias sd": 1.431418269121061, "wasserstein mean": 0.004929868178254533, "wasserstein sd": 0.0037467266524818773}, "SCHL_Bachelor's degree_relative_bias": {"bias mean": 2.010613772345327, "bias sd": 1.230016442485945, "wasserstein mean": 0.008927221060720478, "wasserstein sd": 0.005544684297352071}, "SCHL_Doctorate degree_relative_bias": {"bias mean": 13.55211418114665, "bias sd": 5.65221902172735, "wasserstein mean": 0.014533917128800849, "wasserstein sd": 0.004116296806395324}, "SCHL_GED or alternative credential_relative_bias": {"bias mean": 6.177799864658208, "bias sd": 2.890653817167361, "wasserstein mean": 0.00853919891935594, "wasserstein sd": 0.0037662281943987167}, "SCHL_Grade 1_relative_bias": {"bias mean": 10.740639834801007, "bias sd": 5.970349820861284, "wasserstein mean": 0.010578553818289657, "wasserstein sd": 0.0042523223628157065}, "SCHL_Grade 10_relative_bias": {"bias mean": 4.556991076474953, "bias sd": 3.3237585445645075, "wasserstein mean": 0.006477726189280988, "wasserstein sd": 0.004153957757426368}, "SCHL_Grade 11_relative_bias": {"bias mean": 3.701931030313459, "bias sd": 2.9281348193062016, "wasserstein mean": 0.005912365953083279, "wasserstein sd": 0.004291297214282008}, "SCHL_Grade 2_relative_bias": {"bias mean": 8.9029231334026, "bias sd": 4.554223317553585, "wasserstein mean": 0.00958842169435321, "wasserstein sd": 0.004482912475045776}, "SCHL_Grade 3_relative_bias": {"bias mean": 7.47176785154669, "bias sd": 4.187763004967813, "wasserstein mean": 0.008923942525479383, "wasserstein sd": 0.004667822491763946}, "SCHL_Grade 4_relative_bias": {"bias mean": 7.911348484941102, "bias sd": 4.801295762474739, "wasserstein mean": 0.008647614527459303, "wasserstein sd": 0.004499289236109801}, "SCHL_Grade 5_relative_bias": {"bias mean": 6.6373130253186305, "bias sd": 3.7356389003800223, "wasserstein mean": 0.0078902079118996, "wasserstein sd": 0.0039060524778189135}, "SCHL_Grade 6_relative_bias": {"bias mean": 3.0694551257074743, "bias sd": 2.0627299489536153, "wasserstein mean": 0.004933366066963682, "wasserstein sd": 0.0030247631511515854}, "SCHL_Grade 7_relative_bias": {"bias mean": 7.532116112090916, "bias sd": 3.3559298858115514, "wasserstein mean": 0.008975349902646012, "wasserstein sd": 0.0036126561156460944}, "SCHL_Grade 8_relative_bias": {"bias mean": 4.580362206427799, "bias sd": 3.621699983264102, "wasserstein mean": 0.006386241550241919, "wasserstein sd": 0.004682667253542535}, "SCHL_Grade 9_relative_bias": {"bias mean": 4.295619123174399, "bias sd": 3.1068848422438267, "wasserstein mean": 0.006182532726550623, "wasserstein sd": 0.00399865909625533}, "SCHL_Kindergarten_relative_bias": {"bias mean": 9.547999525421437, "bias sd": 5.054721248743858, "wasserstein mean": 0.009932920458110834, "wasserstein sd": 0.004308917025485541}, "SCHL_Master's degree_relative_bias": {"bias mean": 1.708449929346619, "bias sd": 0.9961099563267235, "wasserstein mean": 0.004702012497315562, "wasserstein sd": 0.002759317987367233}, "SCHL_N/A (less than 3 years old)_relative_bias": {"bias mean": 10.868925462419782, "bias sd": 2.6713633215456847, "wasserstein mean": 0.019117131185694625, "wasserstein sd": 0.005661908080207006}, "SCHL_No schooling completed_relative_bias": {"bias mean": 2.2774898248980278, "bias sd": 1.7028413945555205, "wasserstein mean": 0.0047663637707269614, "wasserstein sd": 0.003572182933496551}, "SCHL_Nursery school, preschool_relative_bias": {"bias mean": 8.782279671535392, "bias sd": 4.18652370497267, "wasserstein mean": 0.009523052400639909, "wasserstein sd": 0.0034395599587869327}, "SCHL_Professional degree beyond a bachelor's degree_relative_bias": {"bias mean": 7.384398504663052, "bias sd": 3.088698461635927, "wasserstein mean": 0.010174060546963605, "wasserstein sd": 0.0037179668162693716}, "SCHL_Regular high school diploma_relative_bias": {"bias mean": 3.1744043829331723, "bias sd": 1.455361947835265, "wasserstein mean": 0.013280961264604301, "wasserstein sd": 0.006129103711463018}, "SCHL_Some college, but less than 1 year_relative_bias": {"bias mean": 1.8622861443425216, "bias sd": 1.3453505315776613, "wasserstein mean": 0.00448978257674563, "wasserstein sd": 0.0033759798360387012}, "MAR_Divorced_relative_bias": {"bias mean": 3.1403326667214513, "bias sd": 1.562436941155464, "wasserstein mean": 0.009182202572817712, "wasserstein sd": 0.004620711481458993}, "MAR_Married_relative_bias": {"bias mean": 0.5106526746358633, "bias sd": 0.3757637652615685, "wasserstein mean": 0.004242566405942901, "wasserstein sd": 0.0031065993958164263}, "MAR_Never married or under 15 years old_relative_bias": {"bias mean": 1.5920843408125547, "bias sd": 0.46802878253066926, "wasserstein mean": 0.014445712140887959, "wasserstein sd": 0.0043208672864475306}, "MAR_Separated_relative_bias": {"bias mean": 13.87746813118411, "bias sd": 6.63824812730034, "wasserstein mean": 0.016007011931315537, "wasserstein sd": 0.005954014629654987}, "MAR_Widowed_relative_bias": {"bias mean": 2.869118024535569, "bias sd": 1.889493212459751, "wasserstein mean": 0.006237501645781084, "wasserstein sd": 0.0039364286653020475}, "RELP_Adopted son or daughter_relative_bias": {"bias mean": 100.0, "bias sd": 0.0, "wasserstein mean": 0.0688582348720109, "wasserstein sd": 0.0197039745939136}, "RELP_Biological son or daughter_relative_bias": {"bias mean": 2.04701154301344, "bias sd": 0.7387992851640155, "wasserstein mean": 0.012176813341621146, "wasserstein sd": 0.00446804505007363}, "RELP_Brother or sister_relative_bias": {"bias mean": 14.148160967479896, "bias sd": 4.9260974844648135, "wasserstein mean": 0.016467580729940152, "wasserstein sd": 0.004269861408174295}, "RELP_Father or mother_relative_bias": {"bias mean": 9.712737987663978, "bias sd": 3.264310113843701, "wasserstein mean": 0.013334943154598418, "wasserstein sd": 0.0037835754668337973}, "RELP_Foster child_relative_bias": {"bias mean": 100.0, "bias sd": 0.0, "wasserstein mean": 0.02357642064864253, "wasserstein sd": 0.017283194816781946}, "RELP_Grandchild_relative_bias": {"bias mean": 2.7592928335649134, "bias sd": 2.0938989517914317, "wasserstein mean": 0.004364873687018624, "wasserstein sd": 0.003389430633693663}, "RELP_Housemate or roommate_relative_bias": {"bias mean": 10.671069363834858, "bias sd": 3.47841832669621, "wasserstein mean": 0.014643642136745074, "wasserstein sd": 0.004320774687570159}, "RELP_Husband/wife_relative_bias": {"bias mean": 0.6614992055376095, "bias sd": 0.5324291269459162, "wasserstein mean": 0.003152350680780417, "wasserstein sd": 0.0025491694027193566}, "RELP_Institutionalized group quarters population_relative_bias": {"bias mean": 8.002301784895932, "bias sd": 3.339663745577068, "wasserstein mean": 0.011314619802638336, "wasserstein sd": 0.004019379408645444}, "RELP_Noninstitutionalized group quarters population_relative_bias": {"bias mean": 3.486286321287752, "bias sd": 2.714264886603546, "wasserstein mean": 0.005164103861976582, "wasserstein sd": 0.0038535689085086896}, "RELP_Other nonrelative_relative_bias": {"bias mean": 20.217436142612467,