{"MMDs": {"mean": 0.015024118379453055, "sd": 0.001300715634531242}, "auroc": {"mean": 0.8346433907742242, "sd": 0.019192129707643325}, "auprc": {"mean": 0.731689718792281, "sd": 0.02946597204015442}, "remaining samples": {"mean": 2174.83, "sd": 7.923452530305209}, "all_samples": 2250, "AGEP_relative_bias": {"bias mean": 0.909948541292954, "bias sd": 0.25626096533001413, "wasserstein mean": 0.029779842609750782, "wasserstein sd": 0.006464448426504681}, "SCHL_1 or more years of college credit, no degree_relative_bias": {"bias mean": 2.8095807982770693, "bias sd": 1.1654061216577323, "wasserstein mean": 0.010994575001258363, "wasserstein sd": 0.004681549467897666}, "SCHL_12th grade - no diploma_relative_bias": {"bias mean": 4.894162111613196, "bias sd": 2.904635543592745, "wasserstein mean": 0.007079850922393752, "wasserstein sd": 0.0038356563425906765}, "SCHL_Associate's degree_relative_bias": {"bias mean": 1.9646186635470908, "bias sd": 1.2283997909198845, "wasserstein mean": 0.0050465487110103605, "wasserstein sd": 0.003197180127365813}, "SCHL_Bachelor's degree_relative_bias": {"bias mean": 2.1952937062327806, "bias sd": 1.10597693830296, "wasserstein mean": 0.00979480847944017, "wasserstein sd": 0.00499283066054374}, "SCHL_Doctorate degree_relative_bias": {"bias mean": 13.965823514028852, "bias sd": 4.815287547466372, "wasserstein mean": 0.015431203952285446, "wasserstein sd": 0.0034365947646871125}, "SCHL_GED or alternative credential_relative_bias": {"bias mean": 7.254821353957127, "bias sd": 3.8119553510441997, "wasserstein mean": 0.009775637840189288, "wasserstein sd": 0.004372722984191519}, "SCHL_Grade 1_relative_bias": {"bias mean": 10.012498886306846, "bias sd": 6.305644078548572, "wasserstein mean": 0.009568866117870535, "wasserstein sd": 0.004877974004412244}, "SCHL_Grade 10_relative_bias": {"bias mean": 4.704136954249871, "bias sd": 3.114924625587192, "wasserstein mean": 0.006694474886636517, "wasserstein sd": 0.004098332168814249}, "SCHL_Grade 11_relative_bias": {"bias mean": 3.8224694058519657, "bias sd": 2.687647953338228, "wasserstein mean": 0.006070241873237764, "wasserstein sd": 0.004107205329998381}, "SCHL_Grade 2_relative_bias": {"bias mean": 10.055709678505012, "bias sd": 5.586004195633877, "wasserstein mean": 0.01044108905415233, "wasserstein sd": 0.0045680572763790615}, "SCHL_Grade 3_relative_bias": {"bias mean": 7.357444428498088, "bias sd": 4.360898051118895, "wasserstein mean": 0.008552266487281033, "wasserstein sd": 0.004552309563520618}, "SCHL_Grade 4_relative_bias": {"bias mean": 8.204807919938318, "bias sd": 4.035148281664936, "wasserstein mean": 0.009369682231082945, "wasserstein sd": 0.004104901884176611}, "SCHL_Grade 5_relative_bias": {"bias mean": 7.086220612025071, "bias sd": 3.9667713660201387, "wasserstein mean": 0.008280007627760296, "wasserstein sd": 0.004071299553822151}, "SCHL_Grade 6_relative_bias": {"bias mean": 3.3101037580676715, "bias sd": 2.4799376693988786, "wasserstein mean": 0.005424108679244042, "wasserstein sd": 0.0038229854486493114}, "SCHL_Grade 7_relative_bias": {"bias mean": 6.949958950205923, "bias sd": 3.8156708550102407, "wasserstein mean": 0.008176766407533714, "wasserstein sd": 0.003926601641112053}, "SCHL_Grade 8_relative_bias": {"bias mean": 4.974194471700609, "bias sd": 3.531879932209528, "wasserstein mean": 0.006418240321248977, "wasserstein sd": 0.004022365396924086}, "SCHL_Grade 9_relative_bias": {"bias mean": 3.780938440390914, "bias sd": 2.8759313223390084, "wasserstein mean": 0.005438323198045053, "wasserstein sd": 0.0039303538694933}, "SCHL_Kindergarten_relative_bias": {"bias mean": 9.602887121795055, "bias sd": 5.102189185778845, "wasserstein mean": 0.010163466240797066, "wasserstein sd": 0.004527411801839618}, "SCHL_Master's degree_relative_bias": {"bias mean": 1.7551531002038636, "bias sd": 1.26914302944853, "wasserstein mean": 0.004825637366467974, "wasserstein sd": 0.003419126499274118}, "SCHL_N/A (less than 3 years old)_relative_bias": {"bias mean": 11.150436920645106, "bias sd": 2.9559825439615657, "wasserstein mean": 0.019070734558353526, "wasserstein sd": 0.006017983178677145}, "SCHL_No schooling completed_relative_bias": {"bias mean": 2.0459402942428433, "bias sd": 1.5581794062007226, "wasserstein mean": 0.0043148738476256445, "wasserstein sd": 0.003401148876170122}, "SCHL_Nursery school, preschool_relative_bias": {"bias mean": 8.722437555734544, "bias sd": 4.6361269881101075, "wasserstein mean": 0.00955101248141867, "wasserstein sd": 0.004376521389595986}, "SCHL_Professional degree beyond a bachelor's degree_relative_bias": {"bias mean": 7.91291610671401, "bias sd": 2.8938521786598725, "wasserstein mean": 0.010751113800934055, "wasserstein sd": 0.0034969349063180893}, "SCHL_Regular high school diploma_relative_bias": {"bias mean": 3.1506386731583125, "bias sd": 1.36316176499303, "wasserstein mean": 0.01321051079169805, "wasserstein sd": 0.0057192648078489665}, "SCHL_Some college, but less than 1 year_relative_bias": {"bias mean": 1.5352313355624918, "bias sd": 1.1182683394098085, "wasserstein mean": 0.003680119224238391, "wasserstein sd": 0.0028123575141932697}, "MAR_Divorced_relative_bias": {"bias mean": 2.962274816099401, "bias sd": 1.6526545277526565, "wasserstein mean": 0.008552184071972849, "wasserstein sd": 0.0046124549094959085}, "MAR_Married_relative_bias": {"bias mean": 0.503180934058086, "bias sd": 0.36169249421750094, "wasserstein mean": 0.004193071227848356, "wasserstein sd": 0.0029904936384148005}, "MAR_Never married or under 15 years old_relative_bias": {"bias mean": 1.6198854987028093, "bias sd": 0.4737056197783708, "wasserstein mean": 0.014692546398795936, "wasserstein sd": 0.004360561372184057}, "MAR_Separated_relative_bias": {"bias mean": 14.702286991071006, "bias sd": 6.477328005591301, "wasserstein mean": 0.016751880720398613, "wasserstein sd": 0.005695141393716901}, "MAR_Widowed_relative_bias": {"bias mean": 3.2815625157198953, "bias sd": 2.0094357156233906, "wasserstein mean": 0.0069396889550384375, "wasserstein sd": 0.0040393224818614055}, "RELP_Adopted son or daughter_relative_bias": {"bias mean": 100.0, "bias sd": 0.0, "wasserstein mean": 0.06721875308934407, "wasserstein sd": 0.01945117901869176}, "RELP_Biological son or daughter_relative_bias": {"bias mean": 2.1842965373624827, "bias sd": 0.7311577979418156, "wasserstein mean": 0.012820621880160083, "wasserstein sd": 0.004390997483149818}, "RELP_Brother or sister_relative_bias": {"bias mean": 14.877449359359584, "bias sd": 5.760061787442896, "wasserstein mean": 0.017613754655290897, "wasserstein sd": 0.005108032817112305}, "RELP_Father or mother_relative_bias": {"bias mean": 9.532181930957957, "bias sd": 3.9097070597324417, "wasserstein mean": 0.013247757631795158, "wasserstein sd": 0.0049171127566449025}, "RELP_Foster child_relative_bias": {"bias mean": 100.0, "bias sd": 0.0, "wasserstein mean": 0.024406576305285012, "wasserstein sd": 0.01914116452451901}, "RELP_Grandchild_relative_bias": {"bias mean": 2.684384990031808, "bias sd": 2.1435272523345223, "wasserstein mean": 0.004217238934721962, "wasserstein sd": 0.003335266867483763}, "RELP_Housemate or roommate_relative_bias": {"bias mean": 11.095737379159704, "bias sd": 4.338619073199233, "wasserstein mean": 0.014850809003130284, "wasserstein sd": 0.0045285956845759895}, "RELP_Husband/wife_relative_bias": {"bias mean": 0.6996905893330952, "bias sd": 0.5266932668782949, "wasserstein mean": 0.0033289854588257894, "wasserstein sd": 0.0025357950856233127}, "RELP_Institutionalized group quarters population_relative_bias": {"bias mean": 7.9968870703683, "bias sd": 3.11476142557073, "wasserstein mean": 0.011679714909165534, "wasserstein sd": 0.00407575009352433}, "RELP_Noninstitutionalized group quarters population_relative_bias": {"bias mean": 3.3098139386265535, "bias sd": 2.8999484974544094, "wasserstein mean": 0.00488867425576375, "wasserstein sd": 0.003898805584135667}, "RELP_Other nonrelative_relative_bias": {"bias mean": 18.654987319876124,