{"MMDs": {"mean": 0.015121714170965134, "sd": 0.0012353640651972017}, "auroc": {"mean": 0.8294146236842478, "sd": 0.01924837991541617}, "auprc": {"mean": 0.7233052608214188, "sd": 0.028910585600860468}, "remaining samples": {"mean": 2174.656, "sd": 8.282129194838728}, "all_samples": 2250, "AGEP_relative_bias": {"bias mean": 0.9344953381428887, "bias sd": 0.2616126551149562, "wasserstein mean": 0.028583319637426347, "wasserstein sd": 0.006313020337538054}, "SCHL_1 or more years of college credit, no degree_relative_bias": {"bias mean": 2.7292211886221347, "bias sd": 1.2401708945743828, "wasserstein mean": 0.010620348501037807, "wasserstein sd": 0.004875461455103126}, "SCHL_12th grade - no diploma_relative_bias": {"bias mean": 5.155296531562612, "bias sd": 3.0252479597347177, "wasserstein mean": 0.007549631947752868, "wasserstein sd": 0.004122932122465873}, "SCHL_Associate's degree_relative_bias": {"bias mean": 1.694693230044522, "bias sd": 1.2301733402129693, "wasserstein mean": 0.004331037667684846, "wasserstein sd": 0.0031327421838157252}, "SCHL_Bachelor's degree_relative_bias": {"bias mean": 2.2438395726388234, "bias sd": 1.1046946497233465, "wasserstein mean": 0.010002864982933663, "wasserstein sd": 0.004958207404328738}, "SCHL_Doctorate degree_relative_bias": {"bias mean": 13.67295817001904, "bias sd": 4.567356505537465, "wasserstein mean": 0.015272549409635785, "wasserstein sd": 0.00392259192277843}, "SCHL_GED or alternative credential_relative_bias": {"bias mean": 7.553696424527982, "bias sd": 3.854874892515189, "wasserstein mean": 0.010208681041753483, "wasserstein sd": 0.004575662647417968}, "SCHL_Grade 1_relative_bias": {"bias mean": 9.93935128356222, "bias sd": 5.648664858201541, "wasserstein mean": 0.010068130382727773, "wasserstein sd": 0.004818024925159717}, "SCHL_Grade 10_relative_bias": {"bias mean": 4.741425952507112, "bias sd": 3.235348197072524, "wasserstein mean": 0.006669304727178507, "wasserstein sd": 0.004171178422147272}, "SCHL_Grade 11_relative_bias": {"bias mean": 3.7637614105030472, "bias sd": 2.6678722906074377, "wasserstein mean": 0.006038454657642623, "wasserstein sd": 0.004028699098160168}, "SCHL_Grade 2_relative_bias": {"bias mean": 9.214653684369427, "bias sd": 5.0137190496496595, "wasserstein mean": 0.0098625509947609, "wasserstein sd": 0.004431322968671393}, "SCHL_Grade 3_relative_bias": {"bias mean": 7.498793800707449, "bias sd": 4.412642925391003, "wasserstein mean": 0.008617640862772185, "wasserstein sd": 0.004479794709511346}, "SCHL_Grade 4_relative_bias": {"bias mean": 8.315779428290059, "bias sd": 4.812918754871749, "wasserstein mean": 0.0091581807313026, "wasserstein sd": 0.00448222237878329}, "SCHL_Grade 5_relative_bias": {"bias mean": 6.8800570912482195, "bias sd": 4.375208053135978, "wasserstein mean": 0.008001322477509372, "wasserstein sd": 0.00438626745497914}, "SCHL_Grade 6_relative_bias": {"bias mean": 2.937169648649626, "bias sd": 2.279520254324033, "wasserstein mean": 0.004854277222860632, "wasserstein sd": 0.0036452550954204025}, "SCHL_Grade 7_relative_bias": {"bias mean": 7.162126568051294, "bias sd": 4.281635845127965, "wasserstein mean": 0.008262135427252971, "wasserstein sd": 0.004295439979314506}, "SCHL_Grade 8_relative_bias": {"bias mean": 4.9990822406943325, "bias sd": 3.593829349295687, "wasserstein mean": 0.006661422256220391, "wasserstein sd": 0.004446211447631049}, "SCHL_Grade 9_relative_bias": {"bias mean": 3.6707357738957254, "bias sd": 2.7852587568877833, "wasserstein mean": 0.00542581495713082, "wasserstein sd": 0.0038987118752403715}, "SCHL_Kindergarten_relative_bias": {"bias mean": 9.413245600441314, "bias sd": 4.7511702160670986, "wasserstein mean": 0.010114638326144931, "wasserstein sd": 0.0043439891900274655}, "SCHL_Master's degree_relative_bias": {"bias mean": 1.6887178494540092, "bias sd": 1.1908433441239215, "wasserstein mean": 0.004604531360539929, "wasserstein sd": 0.003237795749962554}, "SCHL_N/A (less than 3 years old)_relative_bias": {"bias mean": 11.024542983954229, "bias sd": 2.7938878257764728, "wasserstein mean": 0.019091225145515048, "wasserstein sd": 0.005731985880186681}, "SCHL_No schooling completed_relative_bias": {"bias mean": 2.1617176745103426, "bias sd": 1.622410073391091, "wasserstein mean": 0.0044601756619929815, "wasserstein sd": 0.00341271620522347}, "SCHL_Nursery school, preschool_relative_bias": {"bias mean": 8.435412117187603, "bias sd": 4.5223466430282855, "wasserstein mean": 0.009343946758472515, "wasserstein sd": 0.00426952195871053}, "SCHL_Professional degree beyond a bachelor's degree_relative_bias": {"bias mean": 7.745656633293065, "bias sd": 3.1420345937553504, "wasserstein mean": 0.010634111097589926, "wasserstein sd": 0.0037090319238173644}, "SCHL_Regular high school diploma_relative_bias": {"bias mean": 3.107815418729806, "bias sd": 1.3943718824948306, "wasserstein mean": 0.012959086044679853, "wasserstein sd": 0.0058790857166958034}, "SCHL_Some college, but less than 1 year_relative_bias": {"bias mean": 1.6930481298788804, "bias sd": 1.2184349448999279, "wasserstein mean": 0.004089245866705622, "wasserstein sd": 0.0030225638843338508}, "MAR_Divorced_relative_bias": {"bias mean": 2.961564228439123, "bias sd": 1.5589649749502454, "wasserstein mean": 0.00854586674601993, "wasserstein sd": 0.004373139887502027}, "MAR_Married_relative_bias": {"bias mean": 0.5522156575132792, "bias sd": 0.4082773378020349, "wasserstein mean": 0.004586246670821221, "wasserstein sd": 0.0033614253012042533}, "MAR_Never married or under 15 years old_relative_bias": {"bias mean": 1.6863307730092334, "bias sd": 0.4716365054284105, "wasserstein mean": 0.015327427548265432, "wasserstein sd": 0.004363311595680259}, "MAR_Separated_relative_bias": {"bias mean": 14.995917475153483, "bias sd": 6.094398219342481, "wasserstein mean": 0.017439508876217088, "wasserstein sd": 0.005580612214918476}, "MAR_Widowed_relative_bias": {"bias mean": 3.3220128554189245, "bias sd": 2.0190096482925983, "wasserstein mean": 0.007062462158867339, "wasserstein sd": 0.004041359007641328}, "RELP_Adopted son or daughter_relative_bias": {"bias mean": 100.0, "bias sd": 0.0, "wasserstein mean": 0.06966101560697194, "wasserstein sd": 0.020538459148489036}, "RELP_Biological son or daughter_relative_bias": {"bias mean": 2.1623950593102808, "bias sd": 0.7678897666281924, "wasserstein mean": 0.012771382464649605, "wasserstein sd": 0.0046336837835395965}, "RELP_Brother or sister_relative_bias": {"bias mean": 15.242002120868356, "bias sd": 5.898610261004981, "wasserstein mean": 0.017890523759850424, "wasserstein sd": 0.005172993413132913}, "RELP_Father or mother_relative_bias": {"bias mean": 10.136716444529112, "bias sd": 4.1029109066139, "wasserstein mean": 0.013527069009830122, "wasserstein sd": 0.004588478367622984}, "RELP_Foster child_relative_bias": {"bias mean": 100.0, "bias sd": 0.0, "wasserstein mean": 0.02550238177205298, "wasserstein sd": 0.019817636079242567}, "RELP_Grandchild_relative_bias": {"bias mean": 3.0011522835097795, "bias sd": 2.1874503555294416, "wasserstein mean": 0.004643449088638032, "wasserstein sd": 0.0032817089517105354}, "RELP_Housemate or roommate_relative_bias": {"bias mean": 11.008547934310313, "bias sd": 3.7932785019065314, "wasserstein mean": 0.014960304120418193, "wasserstein sd": 0.004135493909988131}, "RELP_Husband/wife_relative_bias": {"bias mean": 0.6634658613424541, "bias sd": 0.49731088269482787, "wasserstein mean": 0.003129129371831651, "wasserstein sd": 0.0023603972148186813}, "RELP_Institutionalized group quarters population_relative_bias": {"bias mean": 7.7155975372037835, "bias sd": 3.3557986139366385, "wasserstein mean": 0.01116228108885214, "wasserstein sd": 0.004343711007492759}, "RELP_Noninstitutionalized group quarters population_relative_bias": {"bias mean": 3.369318212267306, "bias sd": 2.77627520630083, "wasserstein mean": 0.004934371345672863, "wasserstein sd": 0.0036311705595906485},