{
    "MMDs": {
        "mean": 0.027752693690247646,
        "sd": 0.005027895693208517
    },
    "auroc": {
        "mean": 0.9415316845442412,
        "sd": 0.01835977732046611
    },
    "auprc": {
        "mean": 0.9491649741012183,
        "sd": 0.01658218085630632
    },
    "remaining samples": {
        "mean": 312.2,
        "sd": 1.5748015748023623
    },
    "all_samples": 313,
    "clump_thickness_relative_bias": {
        "bias mean": 0.5151987197001815,
        "bias sd": 0.4136399248170053,
        "wasserstein mean": 0.05399065636699421,
        "wasserstein sd": 0.018766589774307688
    },
    "uniformity_of_cell_size_relative_bias": {
        "bias mean": 0.862892888878206,
        "bias sd": 0.7083891921923389,
        "wasserstein mean": 0.04223836881326707,
        "wasserstein sd": 0.016243750570338097
    },
    "uniformity_of_cell_shape_relative_bias": {
        "bias mean": 0.9390280598527491,
        "bias sd": 0.8245318611999796,
        "wasserstein mean": 0.045130474062796286,
        "wasserstein sd": 0.017763710741801407
    },
    "marginal_adhesion_relative_bias": {
        "bias mean": 1.0096630602762442,
        "bias sd": 0.8823929603008396,
        "wasserstein mean": 0.04347723375794059,
        "wasserstein sd": 0.016153815081108493
    },
    "single_epithelial_cell_size_relative_bias": {
        "bias mean": 0.8353228647113297,
        "bias sd": 0.6282521066754835,
        "wasserstein mean": 0.05209922783355653,
        "wasserstein sd": 0.015038503725474169
    },
    "bare_nuclei_relative_bias": {
        "bias mean": 1.000665721825901,
        "bias sd": 1.1049896015421758,
        "wasserstein mean": 0.03039353626911643,
        "wasserstein sd": 0.014640630558504623
    },
    "bland_chromatin_relative_bias": {
        "bias mean": 0.7273766531332778,
        "bias sd": 0.7149389847104591,
        "wasserstein mean": 0.05415170840924028,
        "wasserstein sd": 0.021538400168810447
    },
    "normal_nucleoli_relative_bias": {
        "bias mean": 1.1268046953076385,
        "bias sd": 1.1514005947356618,
        "wasserstein mean": 0.040044291046392816,
        "wasserstein sd": 0.018201060280888807
    },
    "mitoses_relative_bias": {
        "bias mean": 1.608057803180073,
        "bias sd": 1.7725700296714737,
        "wasserstein mean": 0.04620080451572711,
        "wasserstein sd": 0.019694007449896914
    },
    "class_relative_bias": {
        "bias mean": 2.535590652891683,
        "bias sd": 1.5334284511870304,
        "wasserstein mean": 0.01647008426248144,
        "wasserstein sd": 0.010035695204709365
    }
}