{
    "MMDs": {
        "mean": 0.11093225544353787,
        "sd": 0.026311613717270827
    },
    "auroc": {
        "mean": 0.815603705626264,
        "sd": 0.08208668686747175
    },
    "auprc": {
        "mean": 0.8445392615112098,
        "sd": 0.04695295562553491
    },
    "mse": {
        "mean": 0.0,
        "sd": 0.0
    },
    "remaining samples": {
        "mean": 234.1,
        "sd": 6.624952830020755
    },
    "all_samples": 228,
    "clump_thickness_relative_bias": {
        "bias mean": 4.846770612987191,
        "bias sd": 3.1188782927055434,
        "wasserstein mean": 0.12949234096220208,
        "wasserstein sd": 0.041411169367527534
    },
    "uniformity_of_cell_size_relative_bias": {
        "bias mean": 8.927477812884678,
        "bias sd": 6.3926095778079475,
        "wasserstein mean": 0.12015368971430289,
        "wasserstein sd": 0.050586150547455064
    },
    "uniformity_of_cell_shape_relative_bias": {
        "bias mean": 10.06869792797816,
        "bias sd": 7.254625766832068,
        "wasserstein mean": 0.13843265885573458,
        "wasserstein sd": 0.06322559861850013
    },
    "marginal_adhesion_relative_bias": {
        "bias mean": 10.522863652349281,
        "bias sd": 5.318636720747757,
        "wasserstein mean": 0.1221692898900066,
        "wasserstein sd": 0.04928145159155569
    },
    "single_epithelial_cell_size_relative_bias": {
        "bias mean": 5.565028965481753,
        "bias sd": 5.735336103760057,
        "wasserstein mean": 0.1279888732246066,
        "wasserstein sd": 0.07604602729835824
    },
    "bare_nuclei_relative_bias": {
        "bias mean": 8.659719592652266,
        "bias sd": 5.876415411259727,
        "wasserstein mean": 0.09896242775977006,
        "wasserstein sd": 0.05095854800823471
    },
    "bland_chromatin_relative_bias": {
        "bias mean": 6.610976981658138,
        "bias sd": 5.446452952632297,
        "wasserstein mean": 0.1459279221834236,
        "wasserstein sd": 0.06895641972690092
    },
    "normal_nucleoli_relative_bias": {
        "bias mean": 8.834846208640943,
        "bias sd": 6.413089343109181,
        "wasserstein mean": 0.09737839619427129,
        "wasserstein sd": 0.0513639870419478
    },
    "mitoses_relative_bias": {
        "bias mean": 19.88115179685801,
        "bias sd": 15.399407727641544,
        "wasserstein mean": 0.21255220915535733,
        "wasserstein sd": 0.1290879295993821
    },
    "class_relative_bias": {
        "bias mean": 12.588459758836766,
        "bias sd": 6.54617167511426,
        "wasserstein mean": 0.08130356365493427,
        "wasserstein sd": 0.04088281859218242
    }
}