{
    "MMDs": {
        "mean": 0.007388807841480244,
        "sd": 0.0013609751583804292
    },
    "auroc": {
        "mean": 0.9408383528525945,
        "sd": 0.022107380965479522
    },
    "auprc": {
        "mean": 0.9509333564024725,
        "sd": 0.018684963173958766
    },
    "remaining samples": {
        "mean": 286.44,
        "sd": 1.5640971836813722
    },
    "all_samples": 286,
    "clump_thickness_relative_bias": {
        "bias mean": 0.23373222498071614,
        "bias sd": 0.18843286459905653,
        "wasserstein mean": 0.052595978986859686,
        "wasserstein sd": 0.018850744647946723
    },
    "uniformity_of_cell_size_relative_bias": {
        "bias mean": 0.4739358515520128,
        "bias sd": 0.41545828894801395,
        "wasserstein mean": 0.03594986684611798,
        "wasserstein sd": 0.010105818103873754
    },
    "uniformity_of_cell_shape_relative_bias": {
        "bias mean": 0.43593333339161866,
        "bias sd": 0.3404599103899662,
        "wasserstein mean": 0.034741957253987626,
        "wasserstein sd": 0.01178416695502161
    },
    "marginal_adhesion_relative_bias": {
        "bias mean": 0.4680638338971351,
        "bias sd": 0.3068953562411517,
        "wasserstein mean": 0.039137256742885644,
        "wasserstein sd": 0.011482140435753239
    },
    "single_epithelial_cell_size_relative_bias": {
        "bias mean": 0.45594635271748507,
        "bias sd": 0.3280490930890362,
        "wasserstein mean": 0.06454118109584696,
        "wasserstein sd": 0.028295586758252576
    },
    "bare_nuclei_relative_bias": {
        "bias mean": 0.3699355149280722,
        "bias sd": 0.3068997647492558,
        "wasserstein mean": 0.026593989963221567,
        "wasserstein sd": 0.007502734230735775
    },
    "bland_chromatin_relative_bias": {
        "bias mean": 0.31793650631790027,
        "bias sd": 0.24414531494665337,
        "wasserstein mean": 0.05009492690314178,
        "wasserstein sd": 0.021155780872810857
    },
    "normal_nucleoli_relative_bias": {
        "bias mean": 0.3697142825801325,
        "bias sd": 0.27900186829884416,
        "wasserstein mean": 0.03289528690822631,
        "wasserstein sd": 0.010690131291571014
    },
    "mitoses_relative_bias": {
        "bias mean": 0.891191126534095,
        "bias sd": 0.6850513081876547,
        "wasserstein mean": 0.03579199204348099,
        "wasserstein sd": 0.011518066171692131
    },
    "class_relative_bias": {
        "bias mean": 2.072191296898767,
        "bias sd": 1.731969031367253,
        "wasserstein mean": 0.013453486701301373,
        "wasserstein sd": 0.011137383859340011
    }
}