{
    "MMDs": {
        "mean": 0.01270082921997492,
        "sd": 0.001793757709381217
    },
    "auroc": {
        "mean": 0.9410210595842851,
        "sd": 0.022346274755933836
    },
    "auprc": {
        "mean": 0.9516392525852233,
        "sd": 0.018232759598885068
    },
    "remaining samples": {
        "mean": 286.44,
        "sd": 1.5640971836813722
    },
    "all_samples": 286,
    "clump_thickness_relative_bias": {
        "bias mean": 0.3905144864961094,
        "bias sd": 0.29957449524726093,
        "wasserstein mean": 0.026606680393426268,
        "wasserstein sd": 0.008206446308288167
    },
    "uniformity_of_cell_size_relative_bias": {
        "bias mean": 0.6666079692315187,
        "bias sd": 0.4798931278269231,
        "wasserstein mean": 0.023028212983148985,
        "wasserstein sd": 0.008216772157120394
    },
    "uniformity_of_cell_shape_relative_bias": {
        "bias mean": 0.5674451596731945,
        "bias sd": 0.4086232348155991,
        "wasserstein mean": 0.0230970058462154,
        "wasserstein sd": 0.006739836432278688
    },
    "marginal_adhesion_relative_bias": {
        "bias mean": 0.588133665136759,
        "bias sd": 0.4506980763630003,
        "wasserstein mean": 0.02357328370783021,
        "wasserstein sd": 0.006838992353283001
    },
    "single_epithelial_cell_size_relative_bias": {
        "bias mean": 0.5360696514959291,
        "bias sd": 0.4164063813211945,
        "wasserstein mean": 0.030466023003465542,
        "wasserstein sd": 0.0094558640873104
    },
    "bare_nuclei_relative_bias": {
        "bias mean": 0.603366270835117,
        "bias sd": 0.5423880897177927,
        "wasserstein mean": 0.018094913523461736,
        "wasserstein sd": 0.0060868089659425655
    },
    "bland_chromatin_relative_bias": {
        "bias mean": 0.4835783386833251,
        "bias sd": 0.34883216665368444,
        "wasserstein mean": 0.02909971065504092,
        "wasserstein sd": 0.009566392132607581
    },
    "normal_nucleoli_relative_bias": {
        "bias mean": 0.546611657295238,
        "bias sd": 0.43271689845109346,
        "wasserstein mean": 0.023672022352272264,
        "wasserstein sd": 0.00900775750237211
    },
    "mitoses_relative_bias": {
        "bias mean": 1.1204076305215958,
        "bias sd": 0.799909979081631,
        "wasserstein mean": 0.03087082762674943,
        "wasserstein sd": 0.011451661776115148
    },
    "class_relative_bias": {
        "bias mean": 1.6129015092476557,
        "bias sd": 1.4094087082524334,
        "wasserstein mean": 0.010471513985336838,
        "wasserstein sd": 0.009128227906818841
    }
}