{
    "MMDs": {
        "mean": 0.09768518640345765,
        "sd": 0.012248753832617807
    },
    "auroc": {
        "mean": 0.8362260046555493,
        "sd": 0.04772105514863014
    },
    "auprc": {
        "mean": 0.8529778942535821,
        "sd": 0.039800794027890156
    },
    "mse": {
        "mean": 0.0,
        "sd": 0.0
    },
    "remaining samples": {
        "mean": 234.1,
        "sd": 6.624952830020755
    },
    "all_samples": 228,
    "clump_thickness_relative_bias": {
        "bias mean": 9.409290549253349,
        "bias sd": 2.5400467309340846,
        "wasserstein mean": 0.15414858322976405,
        "wasserstein sd": 0.035812976473879016
    },
    "uniformity_of_cell_size_relative_bias": {
        "bias mean": 17.65808046390881,
        "bias sd": 5.005629953272886,
        "wasserstein mean": 0.1830622228076134,
        "wasserstein sd": 0.053650484087936504
    },
    "uniformity_of_cell_shape_relative_bias": {
        "bias mean": 17.1211975451422,
        "bias sd": 5.10705842455458,
        "wasserstein mean": 0.18790411884092667,
        "wasserstein sd": 0.057736109071466146
    },
    "marginal_adhesion_relative_bias": {
        "bias mean": 15.843056988159578,
        "bias sd": 4.201933718628834,
        "wasserstein mean": 0.16046467609098317,
        "wasserstein sd": 0.04424497283317373
    },
    "single_epithelial_cell_size_relative_bias": {
        "bias mean": 12.813289656261762,
        "bias sd": 3.33666388853556,
        "wasserstein mean": 0.18930621734318626,
        "wasserstein sd": 0.048776533946943486
    },
    "bare_nuclei_relative_bias": {
        "bias mean": 13.704942256556382,
        "bias sd": 4.8521936037228555,
        "wasserstein mean": 0.13587121962587254,
        "wasserstein sd": 0.04742897288195414
    },
    "bland_chromatin_relative_bias": {
        "bias mean": 10.44455145462393,
        "bias sd": 3.0068464304894795,
        "wasserstein mean": 0.157787797946586,
        "wasserstein sd": 0.04671961412152796
    },
    "normal_nucleoli_relative_bias": {
        "bias mean": 15.35012648392589,
        "bias sd": 3.382451879679129,
        "wasserstein mean": 0.1448743750320856,
        "wasserstein sd": 0.03178456090162377
    },
    "mitoses_relative_bias": {
        "bias mean": 19.07704016678322,
        "bias sd": 5.529989246396104,
        "wasserstein mean": 0.17748284846551915,
        "wasserstein sd": 0.057176466673543175
    },
    "class_relative_bias": {
        "bias mean": 24.734864061849148,
        "bias sd": 6.008275270100023,
        "wasserstein mean": 0.16032220952963763,
        "wasserstein sd": 0.03674191978493431
    }
}