{
    "MMDs": {
        "mean": 0.011563978859783813,
        "sd": 0.0021633508750184185
    },
    "auroc": {
        "mean": 0.9264472065014786,
        "sd": 0.029287946855427988
    },
    "auprc": {
        "mean": 0.9377458510554777,
        "sd": 0.02264702777119674
    },
    "remaining samples": {
        "mean": 312.2,
        "sd": 1.5748015748023623
    },
    "all_samples": 313,
    "clump_thickness_relative_bias": {
        "bias mean": 0.40833677486583964,
        "bias sd": 0.3066266969125122,
        "wasserstein mean": 0.057309916442437096,
        "wasserstein sd": 0.020407879169129405
    },
    "uniformity_of_cell_size_relative_bias": {
        "bias mean": 0.9433532927775259,
        "bias sd": 0.65025298246877,
        "wasserstein mean": 0.03791912168203991,
        "wasserstein sd": 0.011790999938149128
    },
    "uniformity_of_cell_shape_relative_bias": {
        "bias mean": 0.7813177411240945,
        "bias sd": 0.5481217425236358,
        "wasserstein mean": 0.04062678769773632,
        "wasserstein sd": 0.012578162659536441
    },
    "marginal_adhesion_relative_bias": {
        "bias mean": 0.8356658114019834,
        "bias sd": 0.6090625945910302,
        "wasserstein mean": 0.04189516917551023,
        "wasserstein sd": 0.011994892472827418
    },
    "single_epithelial_cell_size_relative_bias": {
        "bias mean": 0.7680272308041011,
        "bias sd": 0.5216824534119956,
        "wasserstein mean": 0.0674735629931538,
        "wasserstein sd": 0.027694644882324152
    },
    "bare_nuclei_relative_bias": {
        "bias mean": 0.6310872674174138,
        "bias sd": 0.441130370320072,
        "wasserstein mean": 0.027509463848190866,
        "wasserstein sd": 0.006931857019569252
    },
    "bland_chromatin_relative_bias": {
        "bias mean": 0.5650016136153825,
        "bias sd": 0.3618434518684839,
        "wasserstein mean": 0.05667773118822596,
        "wasserstein sd": 0.022186084338542352
    },
    "normal_nucleoli_relative_bias": {
        "bias mean": 0.7573674672826549,
        "bias sd": 0.46532405259016535,
        "wasserstein mean": 0.0380240132718289,
        "wasserstein sd": 0.013347705892011267
    },
    "mitoses_relative_bias": {
        "bias mean": 1.3944071434548064,
        "bias sd": 0.9542413878232656,
        "wasserstein mean": 0.03887082867242448,
        "wasserstein sd": 0.013504182319533544
    },
    "class_relative_bias": {
        "bias mean": 3.201092935273506,
        "bias sd": 2.164200476151884,
        "wasserstein mean": 0.020781570174885626,
        "wasserstein sd": 0.014029209481253706
    }
}