{
    "MMDs": {
        "mean": 0.021532442733965488,
        "sd": 0.004582630311204745
    },
    "auroc": {
        "mean": 0.9108928559947382,
        "sd": 0.03274554748467141
    },
    "auprc": {
        "mean": 0.9230506689970636,
        "sd": 0.022912714576454503
    },
    "remaining samples": {
        "mean": 282.2,
        "sd": 3.136877428271624
    },
    "all_samples": 284,
    "clump_thickness_relative_bias": {
        "bias mean": 1.0000862759404692,
        "bias sd": 0.733229377257639,
        "wasserstein mean": 0.06513641072142454,
        "wasserstein sd": 0.021657500462276942
    },
    "uniformity_of_cell_size_relative_bias": {
        "bias mean": 2.0928305586154634,
        "bias sd": 1.467813139620442,
        "wasserstein mean": 0.044314213758371024,
        "wasserstein sd": 0.013644927961684221
    },
    "uniformity_of_cell_shape_relative_bias": {
        "bias mean": 1.8281157576043878,
        "bias sd": 1.1662643900680416,
        "wasserstein mean": 0.04790179970188766,
        "wasserstein sd": 0.0126549319946287
    },
    "marginal_adhesion_relative_bias": {
        "bias mean": 1.7013927765309702,
        "bias sd": 1.0992125647746556,
        "wasserstein mean": 0.046402728374780905,
        "wasserstein sd": 0.015302311638653861
    },
    "single_epithelial_cell_size_relative_bias": {
        "bias mean": 1.7822408479634193,
        "bias sd": 1.2173091100276183,
        "wasserstein mean": 0.069538342003324,
        "wasserstein sd": 0.029704830565458175
    },
    "bare_nuclei_relative_bias": {
        "bias mean": 1.3029854729699935,
        "bias sd": 1.217610950416478,
        "wasserstein mean": 0.03354624998116269,
        "wasserstein sd": 0.01133783627157634
    },
    "bland_chromatin_relative_bias": {
        "bias mean": 1.2575389604026688,
        "bias sd": 0.9182038011367529,
        "wasserstein mean": 0.06480562416096179,
        "wasserstein sd": 0.022643454239991288
    },
    "normal_nucleoli_relative_bias": {
        "bias mean": 1.6101546059204417,
        "bias sd": 1.1789248878482375,
        "wasserstein mean": 0.04288251380530019,
        "wasserstein sd": 0.014487288984000462
    },
    "mitoses_relative_bias": {
        "bias mean": 2.83142043282911,
        "bias sd": 2.358301593973032,
        "wasserstein mean": 0.04906521982189821,
        "wasserstein sd": 0.022906147482090775
    },
    "class_relative_bias": {
        "bias mean": 4.791115699300902,
        "bias sd": 2.7699925984543965,
        "wasserstein mean": 0.031130368314721917,
        "wasserstein sd": 0.017878766398831222
    }
}