{
    "MMDs": {
        "mean": 0.09699179376809253,
        "sd": 0.028841842059903484
    },
    "auroc": {
        "mean": 0.940054226456219,
        "sd": 0.021555728435751802
    },
    "auprc": {
        "mean": 0.9489614270828061,
        "sd": 0.01945629918379125
    },
    "remaining samples": {
        "mean": 308.0,
        "sd": 0.0
    },
    "all_samples": 308,
    "clump_thickness_relative_bias": {
        "bias mean": 8.731883292162777,
        "bias sd": 4.419050419500159,
        "wasserstein mean": 0.14822294123118074,
        "wasserstein sd": 0.0654784780379715
    },
    "uniformity_of_cell_size_relative_bias": {
        "bias mean": 19.94530407439477,
        "bias sd": 6.661245536153488,
        "wasserstein mean": 0.2097575675307038,
        "wasserstein sd": 0.07194637936268229
    },
    "uniformity_of_cell_shape_relative_bias": {
        "bias mean": 18.709574135344614,
        "bias sd": 6.4258512165118775,
        "wasserstein mean": 0.20579908347079306,
        "wasserstein sd": 0.07304111832510482
    },
    "marginal_adhesion_relative_bias": {
        "bias mean": 16.812349947490844,
        "bias sd": 7.067732120701573,
        "wasserstein mean": 0.16996642323513714,
        "wasserstein sd": 0.0736208424142224
    },
    "single_epithelial_cell_size_relative_bias": {
        "bias mean": 14.245737594873608,
        "bias sd": 4.8632960294544,
        "wasserstein mean": 0.21451852951338157,
        "wasserstein sd": 0.07434631564040688
    },
    "bare_nuclei_relative_bias": {
        "bias mean": 13.964776231612584,
        "bias sd": 7.199992723084244,
        "wasserstein mean": 0.14094317002105622,
        "wasserstein sd": 0.07409435509629182
    },
    "bland_chromatin_relative_bias": {
        "bias mean": 12.612296947641505,
        "bias sd": 5.13483853274231,
        "wasserstein mean": 0.18444909109321422,
        "wasserstein sd": 0.0729778794255325
    },
    "normal_nucleoli_relative_bias": {
        "bias mean": 18.19340024481663,
        "bias sd": 7.044362178810461,
        "wasserstein mean": 0.17632684731026746,
        "wasserstein sd": 0.07043923424704067
    },
    "mitoses_relative_bias": {
        "bias mean": 21.643980583965458,
        "bias sd": 5.236267175801423,
        "wasserstein mean": 0.20255141024231652,
        "wasserstein sd": 0.05487783288436714
    },
    "class_relative_bias": {
        "bias mean": 11.602195205095974,
        "bias sd": 5.962161308139028,
        "wasserstein mean": 0.0742511520737335,
        "wasserstein sd": 0.03643828940133211
    }
}