{
    "MMDs": {
        "mean": 0.09590802420534401,
        "sd": 0.028702571066372723
    },
    "auroc": {
        "mean": 0.9415936856217958,
        "sd": 0.02177629856464376
    },
    "auprc": {
        "mean": 0.9498959870407043,
        "sd": 0.019983176075331493
    },
    "remaining samples": {
        "mean": 308.0,
        "sd": 0.0
    },
    "all_samples": 308,
    "clump_thickness_relative_bias": {
        "bias mean": 8.315517336565087,
        "bias sd": 4.514222414199902,
        "wasserstein mean": 0.14223837741605008,
        "wasserstein sd": 0.06661339139294241
    },
    "uniformity_of_cell_size_relative_bias": {
        "bias mean": 19.720299922161146,
        "bias sd": 6.8259035023907435,
        "wasserstein mean": 0.20738919629136948,
        "wasserstein sd": 0.07520042807312667
    },
    "uniformity_of_cell_shape_relative_bias": {
        "bias mean": 18.701726651028235,
        "bias sd": 6.486413767382899,
        "wasserstein mean": 0.20629539980608655,
        "wasserstein sd": 0.07381500344949345
    },
    "marginal_adhesion_relative_bias": {
        "bias mean": 17.424850759540096,
        "bias sd": 7.029786657200559,
        "wasserstein mean": 0.17714198813192272,
        "wasserstein sd": 0.07312310702436473
    },
    "single_epithelial_cell_size_relative_bias": {
        "bias mean": 14.239836285912151,
        "bias sd": 4.733086559519933,
        "wasserstein mean": 0.21402490550040468,
        "wasserstein sd": 0.07216982233234466
    },
    "bare_nuclei_relative_bias": {
        "bias mean": 13.794058372880256,
        "bias sd": 6.977270988470759,
        "wasserstein mean": 0.13889433327674394,
        "wasserstein sd": 0.07138161209739755
    },
    "bland_chromatin_relative_bias": {
        "bias mean": 12.404009626295077,
        "bias sd": 5.0211370569818055,
        "wasserstein mean": 0.1825050176537754,
        "wasserstein sd": 0.07023972145982095
    },
    "normal_nucleoli_relative_bias": {
        "bias mean": 17.298326439440988,
        "bias sd": 7.129831752381025,
        "wasserstein mean": 0.16680104106229462,
        "wasserstein sd": 0.07161249768481763
    },
    "mitoses_relative_bias": {
        "bias mean": 21.54426283618142,
        "bias sd": 4.994482561485841,
        "wasserstein mean": 0.20183048166679762,
        "wasserstein sd": 0.052716855413340355
    },
    "class_relative_bias": {
        "bias mean": 11.510287872063172,
        "bias sd": 6.266921969503019,
        "wasserstein mean": 0.07358609132802767,
        "wasserstein sd": 0.03816146789081569
    }
}