{
    "MMDs": {
        "mean": 0.09817711779576416,
        "sd": 0.026509618525398553
    },
    "auroc": {
        "mean": 0.9418906270999656,
        "sd": 0.020538284586538776
    },
    "auprc": {
        "mean": 0.9513006581017048,
        "sd": 0.018882167533116487
    },
    "remaining samples": {
        "mean": 308.0,
        "sd": 0.0
    },
    "all_samples": 308,
    "clump_thickness_relative_bias": {
        "bias mean": 9.065427984107401,
        "bias sd": 4.610813969636125,
        "wasserstein mean": 0.15245176744593048,
        "wasserstein sd": 0.07029209235098836
    },
    "uniformity_of_cell_size_relative_bias": {
        "bias mean": 20.29599278296172,
        "bias sd": 6.641338147382778,
        "wasserstein mean": 0.21283403601851686,
        "wasserstein sd": 0.07448275416168053
    },
    "uniformity_of_cell_shape_relative_bias": {
        "bias mean": 19.228172785032587,
        "bias sd": 6.181844170518061,
        "wasserstein mean": 0.2101832344794862,
        "wasserstein sd": 0.07411624678132281
    },
    "marginal_adhesion_relative_bias": {
        "bias mean": 17.807001250583433,
        "bias sd": 5.87558000042587,
        "wasserstein mean": 0.17822230738063763,
        "wasserstein sd": 0.06178558321542854
    },
    "single_epithelial_cell_size_relative_bias": {
        "bias mean": 15.164858126696481,
        "bias sd": 4.236148848033906,
        "wasserstein mean": 0.2269369215876985,
        "wasserstein sd": 0.06644557680470976
    },
    "bare_nuclei_relative_bias": {
        "bias mean": 14.668546320059539,
        "bias sd": 6.658219977796183,
        "wasserstein mean": 0.14689667597834588,
        "wasserstein sd": 0.06929501762801851
    },
    "bland_chromatin_relative_bias": {
        "bias mean": 12.572285827551248,
        "bias sd": 4.693564328144398,
        "wasserstein mean": 0.1839634791926544,
        "wasserstein sd": 0.06473588361552839
    },
    "normal_nucleoli_relative_bias": {
        "bias mean": 17.92464691602793,
        "bias sd": 6.010094007653172,
        "wasserstein mean": 0.17080145119614606,
        "wasserstein sd": 0.061747767164521856
    },
    "mitoses_relative_bias": {
        "bias mean": 21.490497361829384,
        "bias sd": 4.964303129038706,
        "wasserstein mean": 0.20088851994687965,
        "wasserstein sd": 0.05238573685899979
    },
    "class_relative_bias": {
        "bias mean": 11.974899427428438,
        "bias sd": 5.231754560130374,
        "wasserstein mean": 0.07678466694595805,
        "wasserstein sd": 0.03171348250013733
    }
}