{
    "logistig regression p values": {
        "GBS": 0.45259275581552694,
        "Weighted soft-mrs": 0.6242148328196917,
        "Weighted mrs": 0.4661290326047959
    }
}