{
    "MMDs": {
        "mean": 0.010850191231261418,
        "sd": 0.0006424806005062389
    },
    "auroc": {
        "mean": 0.6679765823328595,
        "sd": 0.05987197343786412
    },
    "auprc": {
        "mean": 0.5019559263732715,
        "sd": 0.02627110598500406
    },
    "mse": {
        "mean": 1.296825949904083,
        "sd": 0.07395981955286605
    },
    "remaining samples": {
        "mean": 1215.1,
        "sd": 22.373868686483345
    },
    "all_samples": 1248,
    "AGEP_relative_bias": {
        "bias mean": 0.5360852342715704,
        "bias sd": 0.22903952939436445,
        "wasserstein mean": 0.03991176438157433,
        "wasserstein sd": 0.006823380797695212
    },
    "WKHP_relative_bias": {
        "bias mean": 0.8144655479332925,
        "bias sd": 0.4143817083267401,
        "wasserstein mean": 0.05799278720159573,
        "wasserstein sd": 0.015177317096956279
    },
    "COW_Employee of a private for-profit company or business, or of an individual, for wages, salary, or commissions_relative_bias": {
        "bias mean": 0.6451792708018685,
        "bias sd": 0.46911309129521844,
        "wasserstein mean": 0.008816577838779366,
        "wasserstein sd": 0.006397687541189559
    },
    "COW_Employee of a private not-for-profit, tax-exempt, or charitable organization_relative_bias": {
        "bias mean": 2.613741788917566,
        "bias sd": 1.7149903861952778,
        "wasserstein mean": 0.007241341840675994,
        "wasserstein sd": 0.004803365285854912
    },
    "COW_Federal government employee_relative_bias": {
        "bias mean": 5.118517828691993,
        "bias sd": 5.606311185207538,
        "wasserstein mean": 0.007814840675729993,
        "wasserstein sd": 0.008299814615966251
    },
    "COW_Local government employee (city, county, etc.)_relative_bias": {
        "bias mean": 1.8502800170422944,
        "bias sd": 1.0489904401964147,
        "wasserstein mean": 0.005348819879412181,
        "wasserstein sd": 0.002920781640215063
    },
    "COW_Self-employed in own incorporated business, professional practice or farm_relative_bias": {
        "bias mean": 2.5604678234460825,
        "bias sd": 2.2617331275537644,
        "wasserstein mean": 0.005393387767446125,
        "wasserstein sd": 0.0045431686518491825
    },
    "COW_Self-employed in own not incorporated business, professional practice, or farm_relative_bias": {
        "bias mean": 3.2781116029324124,
        "bias sd": 2.1809265512898013,
        "wasserstein mean": 0.009926620953209985,
        "wasserstein sd": 0.006600586415231912
    },
    "COW_State government employee_relative_bias": {
        "bias mean": 3.808690301464323,
        "bias sd": 3.0322471932492774,
        "wasserstein mean": 0.00778589542586171,
        "wasserstein sd": 0.005728014465828399
    },
    "COW_Working without pay in family business or farm_relative_bias": {
        "bias mean": 34.20655159619583,
        "bias sd": 29.321507565684517,
        "wasserstein mean": 0.014124756947641265,
        "wasserstein sd": 0.013257741452206165
    },
    "SCHL_1 or more years of college credit, no degree_relative_bias": {
        "bias mean": 1.8375105124569913,
        "bias sd": 1.0724847230570809,
        "wasserstein mean": 0.008152148864260845,
        "wasserstein sd": 0.004823613883762155
    },
    "SCHL_12th grade - no diploma_relative_bias": {
        "bias mean": 5.873751879704916,
        "bias sd": 3.07882109436268,
        "wasserstein mean": 0.008760351116700212,
        "wasserstein sd": 0.004852319502929167
    },
    "SCHL_Associate's degree_relative_bias": {
        "bias mean": 1.7043450129845117,
        "bias sd": 1.4828704922397247,
        "wasserstein mean": 0.004890984169967012,
        "wasserstein sd": 0.004025818757118556
    },
    "SCHL_Bachelor's degree_relative_bias": {
        "bias mean": 2.2411574585409952,
        "bias sd": 1.1323837865377266,
        "wasserstein mean": 0.012586048470835784,
        "wasserstein sd": 0.006406469452373733
    },
    "SCHL_Doctorate degree_relative_bias": {
        "bias mean": 3.6525465066504346,
        "bias sd": 1.8721078639203481,
        "wasserstein mean": 0.005074690578591472,
        "wasserstein sd": 0.0024665034615782835
    },
    "SCHL_GED or alternative credential_relative_bias": {
        "bias mean": 5.217140398820772,
        "bias sd": 4.016289969876473,
        "wasserstein mean": 0.007515473175608573,
        "wasserstein sd": 0.00558873303863834
    },
    "SCHL_Grade 1_relative_bias": {
        "bias mean": Infinity,
        "bias sd": NaN,
        "wasserstein mean": 0.022257170697006237,
        "wasserstein sd": 0.013667621735733443
    },
    "SCHL_Grade 10_relative_bias": {
        "bias mean": 8.063105110692556,
        "bias sd": 6.148743436195565,
        "wasserstein mean": 0.006990714543097966,
        "wasserstein sd": 0.004784292989340071
    },
    "SCHL_Grade 11_relative_bias": {
        "bias mean": 9.025029643807724,
        "bias sd": 5.163775719815217,
        "wasserstein mean": 0.011659726116201554,
        "wasserstein sd": 0.006728058950253296
    },
    "SCHL_Grade 2_relative_bias": {
        "bias mean": 115.93473465010618,
        "bias sd": 82.60184566177696,
        "wasserstein mean": 0.028909987662742,
        "wasserstein sd": 0.017183923341085934
    },
    "SCHL_Grade 3_relative_bias": {
        "bias mean": 32.07939178632278,
        "bias sd": 31.74004579750986,
        "wasserstein mean": 0.016471088579449213,
        "wasserstein sd": 0.02015536447787588
    },
    "SCHL_Grade 4_relative_bias": {
        "bias mean": 67.35688627380756,
        "bias sd": 36.06969872906155,
        "wasserstein mean": 0.031927919111047295,
        "wasserstein sd": 0.02848347376230887
    },
    "SCHL_Grade 5_relative_bias": {
        "bias mean": 47.76509091506053,
        "bias sd": 39.377080502981116,
        "wasserstein mean": 0.02592281621893629,
        "wasserstein sd": 0.023854409369484332
    },
    "SCHL_Grade 6_relative_bias": {
        "bias mean": 7.280679368339179,
        "bias sd": 4.137541706108636,
        "wasserstein mean": 0.008806164711359945,
        "wasserstein sd": 0.005042560264198407
    },
    "SCHL_Grade 7_relative_bias": {
        "bias mean": 38.29882712525873,
        "bias sd": 35.988929044441306,
        "wasserstein mean": 0.01871872942360741,
        "wasserstein sd": 0.02010532645135393
    },
    "SCHL_Grade 8_relative_bias": {
        "bias mean": 11.79504370893498,
        "bias sd": 10.808871760727003,
        "wasserstein mean": 0.008349420796813964,
        "wasserstein sd": 0.007370855108606002
    },
    "SCHL_Grade 9_relative_bias": {
        "bias mean": 8.170422640969331,
        "bias sd": 5.070127319649432,
        "wasserstein mean": 0.008685327482865426,
        "wasserstein sd": 0.005772283673216131
    },
    "SCHL_Kindergarten_relative_bias": {
        "bias mean": Infinity,
        "bias sd": NaN,
        "wasserstein mean": 0.021883929304931188,
        "wasserstein sd": 0.025434737002968343
    },
    "SCHL_Master's degree_relative_bias": {
        "bias mean": 1.5324616122881451,
        "bias sd": 1.0802517756617063,
        "wasserstein mean": 0.00520686508371612,
        "wasserstein sd": 0.003619450923706961
    },
    "SCHL_No schooling completed_relative_bias": {
        "bias mean": 5.3753158851611555,
        "bias sd": 3.843610443997628,
        "wasserstein mean": 0.007035729529124091,
        "wasserstein sd": 0.004675092945124898
    },
    "SCHL_Nursery school, preschool_relative_bias": {
        "bias mean": 1.035789966972961e+17,
        "bias sd": 4.5149037927684666e+17,
        "wasserstein mean": 0.025427780811421514,
        "wasserstein sd": 0.020383745174909262
    },
    "SCHL_Professional degree beyond a bachelor's degree_relative_bias": {
        "bias mean": 4.13672190732535,
        "bias sd": 3.224538711313869,
        "wasserstein mean": 0.006479413136938032,