{
    "MMDs": {
        "mean": 0.006839082012608169,
        "sd": 0.0005029995053106512
    },
    "auroc": {
        "mean": 0.7909267684334668,
        "sd": 0.022952723674635175
    },
    "auprc": {
        "mean": 0.691306358880572,
        "sd": 0.036067176348611917
    },
    "remaining samples": {
        "mean": 1761.98,
        "sd": 9.246599374905351
    },
    "all_samples": 1799,
    "AGEP_relative_bias": {
        "bias mean": 0.20568328422905371,
        "bias sd": 0.13522976325460884,
        "wasserstein mean": 0.024868496282257353,
        "wasserstein sd": 0.004829851175130211
    },
    "WKHP_relative_bias": {
        "bias mean": 0.22169120074384882,
        "bias sd": 0.18868343471249469,
        "wasserstein mean": 0.0337653890912019,
        "wasserstein sd": 0.0106621442674129
    },
    "COW_Employee of a private for-profit company or business, or of an individual, for wages, salary, or commissions_relative_bias": {
        "bias mean": 0.5156327276747736,
        "bias sd": 0.2513436796364482,
        "wasserstein mean": 0.007058779912701225,
        "wasserstein sd": 0.003427551842484883
    },
    "COW_Employee of a private not-for-profit, tax-exempt, or charitable organization_relative_bias": {
        "bias mean": 1.4586963003933724,
        "bias sd": 1.236152295867049,
        "wasserstein mean": 0.003984628861738279,
        "wasserstein sd": 0.0033175229775240403
    },
    "COW_Federal government employee_relative_bias": {
        "bias mean": 1.9254533077150964,
        "bias sd": 1.410896448844508,
        "wasserstein mean": 0.003219456845217369,
        "wasserstein sd": 0.0023718293015117606
    },
    "COW_Local government employee (city, county, etc.)_relative_bias": {
        "bias mean": 1.3927601994381034,
        "bias sd": 1.0956342377480432,
        "wasserstein mean": 0.004063880015261066,
        "wasserstein sd": 0.003199358678683272
    },
    "COW_Self-employed in own incorporated business, professional practice or farm_relative_bias": {
        "bias mean": 2.2368128954637947,
        "bias sd": 1.7297408931511857,
        "wasserstein mean": 0.004605227458549146,
        "wasserstein sd": 0.003574908206474296
    },
    "COW_Self-employed in own not incorporated business, professional practice, or farm_relative_bias": {
        "bias mean": 1.883151447314825,
        "bias sd": 1.4040036582941566,
        "wasserstein mean": 0.0058144254053353476,
        "wasserstein sd": 0.004354775067258126
    },
    "COW_State government employee_relative_bias": {
        "bias mean": 1.901075709482906,
        "bias sd": 1.2801623843985523,
        "wasserstein mean": 0.0040549129750300115,
        "wasserstein sd": 0.002764538236570616
    },
    "COW_Working without pay in family business or farm_relative_bias": {
        "bias mean": 19.025175458470084,
        "bias sd": 39.15193929766237,
        "wasserstein mean": 0.0068403674217068985,
        "wasserstein sd": 0.008071643642139786
    },
    "SCHL_1 or more years of college credit, no degree_relative_bias": {
        "bias mean": 0.9789610356634165,
        "bias sd": 0.6661223118415871,
        "wasserstein mean": 0.00428173022562312,
        "wasserstein sd": 0.0028547720197361374
    },
    "SCHL_12th grade - no diploma_relative_bias": {
        "bias mean": 4.101027024337555,
        "bias sd": 2.8671942385981453,
        "wasserstein mean": 0.006352278092143872,
        "wasserstein sd": 0.004570835144996546
    },
    "SCHL_Associate's degree_relative_bias": {
        "bias mean": 1.4503613871933212,
        "bias sd": 1.1824058671545332,
        "wasserstein mean": 0.0042534475186046,
        "wasserstein sd": 0.00352318307920806
    },
    "SCHL_Bachelor's degree_relative_bias": {
        "bias mean": 0.8345596995476606,
        "bias sd": 0.5111946178286318,
        "wasserstein mean": 0.00468829999440753,
        "wasserstein sd": 0.0028472984650836286
    },
    "SCHL_Doctorate degree_relative_bias": {
        "bias mean": 1.6920487454349242,
        "bias sd": 1.3393035455516178,
        "wasserstein mean": 0.0024040051235457386,
        "wasserstein sd": 0.0019237775030595961
    },
    "SCHL_GED or alternative credential_relative_bias": {
        "bias mean": 4.546114120098898,
        "bias sd": 3.137827500377762,
        "wasserstein mean": 0.006742155636368354,
        "wasserstein sd": 0.004725743656901845
    },
    "SCHL_Grade 1_relative_bias": {
        "bias mean": Infinity,
        "bias sd": NaN,
        "wasserstein mean": 0.024577619942445308,
        "wasserstein sd": 0.020203749529704128
    },
    "SCHL_Grade 10_relative_bias": {
        "bias mean": 7.862949130568078,
        "bias sd": 4.686236232001326,
        "wasserstein mean": 0.006827968919969821,
        "wasserstein sd": 0.004024463338862823
    },
    "SCHL_Grade 11_relative_bias": {
        "bias mean": 5.183503348703044,
        "bias sd": 3.2279445362035872,
        "wasserstein mean": 0.00660444331651586,
        "wasserstein sd": 0.0043012529868272946
    },
    "SCHL_Grade 2_relative_bias": {
        "bias mean": -4127438128541279.5,
        "bias sd": 2.8892066899789216e+16,
        "wasserstein mean": 0.015590210812396683,
        "wasserstein sd": 0.018800919832874366
    },
    "SCHL_Grade 3_relative_bias": {
        "bias mean": 13.296974768554575,
        "bias sd": 12.623965115077313,
        "wasserstein mean": 0.006204724258187146,
        "wasserstein sd": 0.0050491134056517605
    },
    "SCHL_Grade 4_relative_bias": {
        "bias mean": 28.711219761042674,
        "bias sd": 30.661093657981873,
        "wasserstein mean": 0.011854628132719118,
        "wasserstein sd": 0.016889788051273568
    },
    "SCHL_Grade 5_relative_bias": {
        "bias mean": 20.09264473910386,
        "bias sd": 18.888901410236976,
        "wasserstein mean": 0.00783472920744534,
        "wasserstein sd": 0.008864331393590656
    },
    "SCHL_Grade 6_relative_bias": {
        "bias mean": 3.5245323622639457,
        "bias sd": 2.400113522920388,
        "wasserstein mean": 0.004500144461086415,
        "wasserstein sd": 0.003216009233295931
    },
    "SCHL_Grade 7_relative_bias": {
        "bias mean": 15.665520644067039,
        "bias sd": 18.80705747204886,
        "wasserstein mean": 0.007520342671903834,
        "wasserstein sd": 0.00877135914420878
    },
    "SCHL_Grade 8_relative_bias": {
        "bias mean": 6.208942041063233,
        "bias sd": 4.847374584484762,
        "wasserstein mean": 0.004809773953379687,
        "wasserstein sd": 0.003913053467799886
    },
    "SCHL_Grade 9_relative_bias": {
        "bias mean": 4.660742285225767,
        "bias sd": 3.888835699185684,
        "wasserstein mean": 0.004866284697920428,
        "wasserstein sd": 0.004049685586973558
    },
    "SCHL_Kindergarten_relative_bias": {
        "bias mean": Infinity,
        "bias sd": NaN,
        "wasserstein mean": 0.016524506143332167,
        "wasserstein sd": 0.01603997631734689
    },
    "SCHL_Master's degree_relative_bias": {
        "bias mean": 0.9625605796656133,
        "bias sd": 0.654717280431297,
        "wasserstein mean": 0.003217768684161686,
        "wasserstein sd": 0.0021861381373632013
    },
    "SCHL_No schooling completed_relative_bias": {
        "bias mean": 4.542833370763688,
        "bias sd": 3.002772056683725,
        "wasserstein mean": 0.006279000115941455,
        "wasserstein sd": 0.004522404873431186
    },
    "SCHL_Nursery school, preschool_relative_bias": {
        "bias mean": 9.827980656939336e+16,
        "bias sd": 2.8148083407383978e+17,
        "wasserstein mean": 0.018314396590440585,
        "wasserstein sd": 0.01900381551560886
    },
    "SCHL_Professional degree beyond a bachelor's degree_relative_bias": {
        "bias mean": 1.315149814831101,
        "bias sd": 1.309213558878198,
        "wasserstein mean": 0.002295428502007581,
        "wasserstein sd": 0.0021603221143201307
    },