{
    "MMDs": {
        "mean": 0.0713000179548123,
        "sd": 0.012587194478008634
    },
    "auroc": {
        "mean": 0.656637688964548,
        "sd": 0.08808374999701903
    },
    "auprc": {
        "mean": 0.7684033477666101,
        "sd": 0.05017998427309708
    },
    "remaining samples": {
        "mean": 216.0,
        "sd": 0.0
    },
    "all_samples": 216,
    "Dependents_relative_bias": {
        "bias mean": 9.286216439665973,
        "bias sd": 7.117675726274486,
        "wasserstein mean": 0.0868830724512548,
        "wasserstein sd": 0.04830752338093004
    },
    "ApplicantIncome_relative_bias": {
        "bias mean": 13.630128357142626,
        "bias sd": 5.36442921812611,
        "wasserstein mean": 0.1510191558309746,
        "wasserstein sd": 0.046070666912905414
    },
    "CoapplicantIncome_relative_bias": {
        "bias mean": 14.026970868920186,
        "bias sd": 8.161768372359207,
        "wasserstein mean": 0.12448686805379872,
        "wasserstein sd": 0.0427450836705924
    },
    "LoanAmount_relative_bias": {
        "bias mean": 6.4569499176197604,
        "bias sd": 3.7071134157155115,
        "wasserstein mean": 0.16114088538255456,
        "wasserstein sd": 0.05039762662354294
    },
    "Loan_Amount_Term_relative_bias": {
        "bias mean": 2.0794603442957893,
        "bias sd": 1.3214784754401632,
        "wasserstein mean": 0.13375492162919167,
        "wasserstein sd": 0.06173792968938996
    },
    "Credit_History_relative_bias": {
        "bias mean": 3.9395727027262146,
        "bias sd": 3.0207368559700334,
        "wasserstein mean": 0.09424038291297174,
        "wasserstein sd": 0.07060524268842838
    },
    "Loan_Status_relative_bias": {
        "bias mean": 6.089738508071262,
        "bias sd": 4.6141530969279065,
        "wasserstein mean": 0.041400925925926445,
        "wasserstein sd": 0.03016581022986837
    },
    "Gender_Male_relative_bias": {
        "bias mean": 3.3647045465874257,
        "bias sd": 2.680627826939076,
        "wasserstein mean": 0.07164670756071805,
        "wasserstein sd": 0.056079701861017385
    },
    "Married_Yes_relative_bias": {
        "bias mean": 5.388300585602334,
        "bias sd": 4.2755113186402784,
        "wasserstein mean": 0.07315597423843283,
        "wasserstein sd": 0.05731058205951628
    },
    "Education_Not Graduate_relative_bias": {
        "bias mean": 14.975036789191021,
        "bias sd": 11.245821498192553,
        "wasserstein mean": 0.07552370948441964,
        "wasserstein sd": 0.05793463192377716
    },
    "Self_Employed_Yes_relative_bias": {
        "bias mean": 24.739598082821182,
        "bias sd": 14.592233087003201,
        "wasserstein mean": 0.10418246639558155,
        "wasserstein sd": 0.07021497227978346
    },
    "Property_Area_Semiurban_relative_bias": {
        "bias mean": 9.45179108058002,
        "bias sd": 6.775087652516434,
        "wasserstein mean": 0.07681241005986605,
        "wasserstein sd": 0.055590363317532525
    },
    "Property_Area_Urban_relative_bias": {
        "bias mean": 11.082494086614053,
        "bias sd": 8.778744453476003,
        "wasserstein mean": 0.07480721910969915,
        "wasserstein sd": 0.05832739692095825
    }
}