{
    "MMDs": {
        "mean": 0.07000961310884683,
        "sd": 0.010937224624514387
    },
    "auroc": {
        "mean": 0.6985334991041401,
        "sd": 0.02552093748583255
    },
    "auprc": {
        "mean": 0.7904386846470547,
        "sd": 0.02241944723439055
    },
    "remaining samples": {
        "mean": 216.0,
        "sd": 0.0
    },
    "all_samples": 216,
    "Dependents_relative_bias": {
        "bias mean": 8.374712257506252,
        "bias sd": 6.458640211826509,
        "wasserstein mean": 0.08281799030462805,
        "wasserstein sd": 0.04130997292487546
    },
    "ApplicantIncome_relative_bias": {
        "bias mean": 12.896792691961714,
        "bias sd": 6.819723531285747,
        "wasserstein mean": 0.14952020317653866,
        "wasserstein sd": 0.05752695838598657
    },
    "CoapplicantIncome_relative_bias": {
        "bias mean": 15.694951287830945,
        "bias sd": 8.751791636392081,
        "wasserstein mean": 0.1371563842600376,
        "wasserstein sd": 0.04589167261120702
    },
    "LoanAmount_relative_bias": {
        "bias mean": 6.2950189796950164,
        "bias sd": 3.9767547118649547,
        "wasserstein mean": 0.16238801002870815,
        "wasserstein sd": 0.053257970899743746
    },
    "Loan_Amount_Term_relative_bias": {
        "bias mean": 2.021563615435444,
        "bias sd": 1.4226627771096891,
        "wasserstein mean": 0.131490722109133,
        "wasserstein sd": 0.06288322455774593
    },
    "Credit_History_relative_bias": {
        "bias mean": 3.657056930138808,
        "bias sd": 2.3805983928128067,
        "wasserstein mean": 0.08825361842860538,
        "wasserstein sd": 0.05676896477056717
    },
    "Loan_Status_relative_bias": {
        "bias mean": 5.774895210742968,
        "bias sd": 4.952160238378376,
        "wasserstein mean": 0.03912962962962987,
        "wasserstein sd": 0.032196967540327394
    },
    "Gender_Male_relative_bias": {
        "bias mean": 3.5296144762057167,
        "bias sd": 2.658402476646492,
        "wasserstein mean": 0.07540360844918856,
        "wasserstein sd": 0.05573598894954267
    },
    "Married_Yes_relative_bias": {
        "bias mean": 6.491527700985265,
        "bias sd": 4.015367466493497,
        "wasserstein mean": 0.08729630909361444,
        "wasserstein sd": 0.05305831170116655
    },
    "Education_Not Graduate_relative_bias": {
        "bias mean": 13.473052077303146,
        "bias sd": 9.898044157473992,
        "wasserstein mean": 0.0651865559528759,
        "wasserstein sd": 0.043934404246739944
    },
    "Self_Employed_Yes_relative_bias": {
        "bias mean": 26.796530151921544,
        "bias sd": 14.905123165340493,
        "wasserstein mean": 0.10749496764982325,
        "wasserstein sd": 0.0637838395013111
    },
    "Property_Area_Semiurban_relative_bias": {
        "bias mean": 8.563034141644337,
        "bias sd": 6.014302164895439,
        "wasserstein mean": 0.07025767540015805,
        "wasserstein sd": 0.049929383682318494
    },
    "Property_Area_Urban_relative_bias": {
        "bias mean": 10.464393264350935,
        "bias sd": 9.793851306455558,
        "wasserstein mean": 0.0679393698440737,
        "wasserstein sd": 0.057151920682165784
    }
}