{
    "MMDs": {
        "mean": 0.009186380060463432,
        "sd": 0.00036377766396011526
    },
    "auroc": {
        "mean": 0.8085187253021009,
        "sd": 0.015241295496737898
    },
    "auprc": {
        "mean": 0.7211469850495701,
        "sd": 0.025070648893917895
    },
    "remaining samples": {
        "mean": 2146.56,
        "sd": 5.083935483461607
    },
    "all_samples": 2149,
    "AGEP_relative_bias": {
        "bias mean": 0.09544765195530389,
        "bias sd": 0.07473559942798158,
        "wasserstein mean": 0.022663315898703403,
        "wasserstein sd": 0.004864840997570775
    },
    "WKHP_relative_bias": {
        "bias mean": 0.13230391011136994,
        "bias sd": 0.08835123607156586,
        "wasserstein mean": 0.030344088797570626,
        "wasserstein sd": 0.010061174247786887
    },
    "COW_Employee of a private for-profit company or business, or of an individual, for wages, salary, or commissions_relative_bias": {
        "bias mean": 0.21651530246425776,
        "bias sd": 0.17122661431625125,
        "wasserstein mean": 0.002963106844570785,
        "wasserstein sd": 0.0023428746842712156
    },
    "COW_Employee of a private not-for-profit, tax-exempt, or charitable organization_relative_bias": {
        "bias mean": 1.2300266340203334,
        "bias sd": 0.8920785560650638,
        "wasserstein mean": 0.0034192286152362234,
        "wasserstein sd": 0.002529104018828291
    },
    "COW_Federal government employee_relative_bias": {
        "bias mean": 1.5224346353212455,
        "bias sd": 1.3022989800402933,
        "wasserstein mean": 0.00250670289789925,
        "wasserstein sd": 0.002218653152068421
    },
    "COW_Local government employee (city, county, etc.)_relative_bias": {
        "bias mean": 0.9500718392096981,
        "bias sd": 0.7872523055269,
        "wasserstein mean": 0.00279758756863096,
        "wasserstein sd": 0.0023614161046998264
    },
    "COW_Self-employed in own incorporated business, professional practice or farm_relative_bias": {
        "bias mean": 1.388919420475326,
        "bias sd": 1.0021217042054014,
        "wasserstein mean": 0.0028643652694061513,
        "wasserstein sd": 0.0021040788812454856
    },
    "COW_Self-employed in own not incorporated business, professional practice, or farm_relative_bias": {
        "bias mean": 1.1474304828249278,
        "bias sd": 0.8153540261512802,
        "wasserstein mean": 0.0035148527186175775,
        "wasserstein sd": 0.002480329771920853
    },
    "COW_State government employee_relative_bias": {
        "bias mean": 1.415215595002077,
        "bias sd": 1.0435302317584623,
        "wasserstein mean": 0.0030545704658664517,
        "wasserstein sd": 0.002345992192707816
    },
    "COW_Working without pay in family business or farm_relative_bias": {
        "bias mean": 6.630528748879019,
        "bias sd": 7.677904780915765,
        "wasserstein mean": 0.0035433744728502066,
        "wasserstein sd": 0.0050549902770673305
    },
    "SCHL_1 or more years of college credit, no degree_relative_bias": {
        "bias mean": 0.5841697236790037,
        "bias sd": 0.45364853947100287,
        "wasserstein mean": 0.0025858619357557173,
        "wasserstein sd": 0.0020339872392302638
    },
    "SCHL_12th grade - no diploma_relative_bias": {
        "bias mean": 1.7776027510178716,
        "bias sd": 1.3754604058841606,
        "wasserstein mean": 0.002682897817843681,
        "wasserstein sd": 0.0019563951582181175
    },
    "SCHL_Associate's degree_relative_bias": {
        "bias mean": 0.7904541407970305,
        "bias sd": 0.636015634922626,
        "wasserstein mean": 0.0023441933349609536,
        "wasserstein sd": 0.0019490416850874207
    },
    "SCHL_Bachelor's degree_relative_bias": {
        "bias mean": 0.38864157907704117,
        "bias sd": 0.31192389017775335,
        "wasserstein mean": 0.002184131964510392,
        "wasserstein sd": 0.0017473559231466773
    },
    "SCHL_Doctorate degree_relative_bias": {
        "bias mean": 1.229465998083716,
        "bias sd": 0.9622720116199542,
        "wasserstein mean": 0.0017624105723563397,
        "wasserstein sd": 0.001400404527424317
    },
    "SCHL_GED or alternative credential_relative_bias": {
        "bias mean": 2.1643121232503946,
        "bias sd": 1.5277955704144035,
        "wasserstein mean": 0.0031857805882755685,
        "wasserstein sd": 0.0022409450210663703
    },
    "SCHL_Grade 1_relative_bias": {
        "bias mean": Infinity,
        "bias sd": NaN,
        "wasserstein mean": 0.012657194626180432,
        "wasserstein sd": 0.01591838403262075
    },
    "SCHL_Grade 10_relative_bias": {
        "bias mean": 3.6935849459869514,
        "bias sd": 4.32609251562126,
        "wasserstein mean": 0.003308296143207953,
        "wasserstein sd": 0.004086618063367999
    },
    "SCHL_Grade 11_relative_bias": {
        "bias mean": 2.865481718086599,
        "bias sd": 2.409884199610181,
        "wasserstein mean": 0.003642694100400155,
        "wasserstein sd": 0.0032623316875142034
    },
    "SCHL_Grade 2_relative_bias": {
        "bias mean": -28607871205825.477,
        "bias sd": 200255098440880.5,
        "wasserstein mean": 0.006782294090736131,
        "wasserstein sd": 0.011983869606469388
    },
    "SCHL_Grade 3_relative_bias": {
        "bias mean": 4.49728354310433,
        "bias sd": 3.2900312908075464,
        "wasserstein mean": 0.0025167779113707783,
        "wasserstein sd": 0.002120755374714258
    },
    "SCHL_Grade 4_relative_bias": {
        "bias mean": 8.459534812493777,
        "bias sd": 14.166247468594298,
        "wasserstein mean": 0.0039908885507972764,
        "wasserstein sd": 0.006542489600042078
    },
    "SCHL_Grade 5_relative_bias": {
        "bias mean": 5.216614241392154,
        "bias sd": 6.350097310328442,
        "wasserstein mean": 0.0027630171557335753,
        "wasserstein sd": 0.004234452112097355
    },
    "SCHL_Grade 6_relative_bias": {
        "bias mean": 2.345502681691327,
        "bias sd": 2.0917032676271243,
        "wasserstein mean": 0.0029997260346703064,
        "wasserstein sd": 0.0027782053846548745
    },
    "SCHL_Grade 7_relative_bias": {
        "bias mean": 7.489343788587581,
        "bias sd": 13.813327790834974,
        "wasserstein mean": 0.00415589795570428,
        "wasserstein sd": 0.008154633221523253
    },
    "SCHL_Grade 8_relative_bias": {
        "bias mean": 4.65536042525052,
        "bias sd": 5.907686384345487,
        "wasserstein mean": 0.0036244795774941344,
        "wasserstein sd": 0.004861734213943065
    },
    "SCHL_Grade 9_relative_bias": {
        "bias mean": 2.67170921963601,
        "bias sd": 1.908847042685324,
        "wasserstein mean": 0.0028672664209433924,
        "wasserstein sd": 0.0021944868984964615
    },
    "SCHL_Kindergarten_relative_bias": {
        "bias mean": Infinity,
        "bias sd": NaN,
        "wasserstein mean": 0.00971225235853623,
        "wasserstein sd": 0.015035293712177062
    },
    "SCHL_Master's degree_relative_bias": {
        "bias mean": 0.6491558226550276,
        "bias sd": 0.5206355445729601,
        "wasserstein mean": 0.002168275514317407,
        "wasserstein sd": 0.00171733106177201
    },
    "SCHL_No schooling completed_relative_bias": {
        "bias mean": 2.1583409906933455,
        "bias sd": 1.6014060048069927,
        "wasserstein mean": 0.0028709446690922714,
        "wasserstein sd": 0.00211880553493978
    },
    "SCHL_Nursery school, preschool_relative_bias": {
        "bias mean": 340208705722963.6,
        "bias sd": 610435455707495.5,
        "wasserstein mean": 0.009596556557744643,
        "wasserstein sd": 0.01767796050578657
    },
    "SCHL_Professional degree beyond a bachelor's degree_relative_bias": {
        "bias mean": 1.0933372250574607,
        "bias sd": 0.6673515830933503,
        "wasserstein mean": 0.001929195408163666,
        "wasserstein sd": 0.0011618222272267342
    },