{
    "MMDs": {
        "mean": 0.01050454604169124,
        "sd": 0.0005931121771601346
    },
    "auroc": {
        "mean": 0.7954260754129789,
        "sd": 0.01635411849550087
    },
    "auprc": {
        "mean": 0.6941398370234464,
        "sd": 0.027438425543065047
    },
    "remaining samples": {
        "mean": 1793.08,
        "sd": 10.063478523850488
    },
    "all_samples": 1799,
    "AGEP_relative_bias": {
        "bias mean": 0.1576805191642019,
        "bias sd": 0.13624260290279788,
        "wasserstein mean": 0.024618324091716815,
        "wasserstein sd": 0.004987062937738064
    },
    "WKHP_relative_bias": {
        "bias mean": 0.22024367945769718,
        "bias sd": 0.15405702488918,
        "wasserstein mean": 0.038636885844056786,
        "wasserstein sd": 0.01257448309853703
    },
    "COW_Employee of a private for-profit company or business, or of an individual, for wages, salary, or commissions_relative_bias": {
        "bias mean": 0.3300907122809129,
        "bias sd": 0.25097695065574405,
        "wasserstein mean": 0.004527168555582957,
        "wasserstein sd": 0.0034402066560649514
    },
    "COW_Employee of a private not-for-profit, tax-exempt, or charitable organization_relative_bias": {
        "bias mean": 1.8019900483490157,
        "bias sd": 1.098992795460733,
        "wasserstein mean": 0.004927236724777351,
        "wasserstein sd": 0.0029611690783825652
    },
    "COW_Federal government employee_relative_bias": {
        "bias mean": 2.590993736864401,
        "bias sd": 1.9569263738355487,
        "wasserstein mean": 0.004350984704990238,
        "wasserstein sd": 0.003367956692766354
    },
    "COW_Local government employee (city, county, etc.)_relative_bias": {
        "bias mean": 1.2718199354495703,
        "bias sd": 0.9334475264591742,
        "wasserstein mean": 0.0037255161276643816,
        "wasserstein sd": 0.0027897349967361414
    },
    "COW_Self-employed in own incorporated business, professional practice or farm_relative_bias": {
        "bias mean": 1.9573175344562717,
        "bias sd": 1.7227014401279452,
        "wasserstein mean": 0.003998506346033019,
        "wasserstein sd": 0.0035696556951430782
    },
    "COW_Self-employed in own not incorporated business, professional practice, or farm_relative_bias": {
        "bias mean": 1.938745699376565,
        "bias sd": 1.4099117275390205,
        "wasserstein mean": 0.005913847451295383,
        "wasserstein sd": 0.004241221966806241
    },
    "COW_State government employee_relative_bias": {
        "bias mean": 2.004725101054766,
        "bias sd": 1.4822357023285784,
        "wasserstein mean": 0.004305325744479529,
        "wasserstein sd": 0.0032415104752233858
    },
    "COW_Working without pay in family business or farm_relative_bias": {
        "bias mean": 13.352348679858453,
        "bias sd": 15.226834606735364,
        "wasserstein mean": 0.006882163975242201,
        "wasserstein sd": 0.007431903406377054
    },
    "SCHL_1 or more years of college credit, no degree_relative_bias": {
        "bias mean": 1.0036287996751805,
        "bias sd": 0.8324454718608206,
        "wasserstein mean": 0.004424131118930812,
        "wasserstein sd": 0.0036678267956401214
    },
    "SCHL_12th grade - no diploma_relative_bias": {
        "bias mean": 2.922204869815567,
        "bias sd": 2.8443873625185474,
        "wasserstein mean": 0.004466994584717016,
        "wasserstein sd": 0.00452713019198607
    },
    "SCHL_Associate's degree_relative_bias": {
        "bias mean": 1.2834428339499437,
        "bias sd": 0.9755552288323514,
        "wasserstein mean": 0.0037525903181073158,
        "wasserstein sd": 0.0028814171805800768
    },
    "SCHL_Bachelor's degree_relative_bias": {
        "bias mean": 0.6444338531439626,
        "bias sd": 0.5126764285721072,
        "wasserstein mean": 0.0036326608541951814,
        "wasserstein sd": 0.002931683173310739
    },
    "SCHL_Doctorate degree_relative_bias": {
        "bias mean": 1.4719789210504257,
        "bias sd": 1.2364555529643009,
        "wasserstein mean": 0.002087850581080929,
        "wasserstein sd": 0.0017747784424086803
    },
    "SCHL_GED or alternative credential_relative_bias": {
        "bias mean": 3.364156113349191,
        "bias sd": 2.895260640493329,
        "wasserstein mean": 0.004945794343862177,
        "wasserstein sd": 0.004309342834254795
    },
    "SCHL_Grade 1_relative_bias": {
        "bias mean": Infinity,
        "bias sd": NaN,
        "wasserstein mean": 0.019304112675857327,
        "wasserstein sd": 0.02282807044467653
    },
    "SCHL_Grade 10_relative_bias": {
        "bias mean": 5.395497740391021,
        "bias sd": 4.683964640465857,
        "wasserstein mean": 0.004802783648614563,
        "wasserstein sd": 0.004410532834683053
    },
    "SCHL_Grade 11_relative_bias": {
        "bias mean": 6.138847309280346,
        "bias sd": 5.257611855630192,
        "wasserstein mean": 0.007732673140433572,
        "wasserstein sd": 0.006305964284475408
    },
    "SCHL_Grade 2_relative_bias": {
        "bias mean": -28955875897171.965,
        "bias sd": 202691131280372.3,
        "wasserstein mean": 0.012093440727061484,
        "wasserstein sd": 0.01968500902045365
    },
    "SCHL_Grade 3_relative_bias": {
        "bias mean": 7.271738473800236,
        "bias sd": 6.405570283304662,
        "wasserstein mean": 0.003968524291619418,
        "wasserstein sd": 0.0040298644626350286
    },
    "SCHL_Grade 4_relative_bias": {
        "bias mean": 18.27643856313251,
        "bias sd": 28.164538338172278,
        "wasserstein mean": 0.009695642284092552,
        "wasserstein sd": 0.017590905700379373
    },
    "SCHL_Grade 5_relative_bias": {
        "bias mean": 9.975797519954234,
        "bias sd": 15.633171509635456,
        "wasserstein mean": 0.0053199567202984275,
        "wasserstein sd": 0.009945085680051723
    },
    "SCHL_Grade 6_relative_bias": {
        "bias mean": 2.96195529744646,
        "bias sd": 2.2957363310823777,
        "wasserstein mean": 0.003802436219572513,
        "wasserstein sd": 0.0030832302150068224
    },
    "SCHL_Grade 7_relative_bias": {
        "bias mean": 11.985551839074294,
        "bias sd": 14.839458794055608,
        "wasserstein mean": 0.006561563663283206,
        "wasserstein sd": 0.008830213634780409
    },
    "SCHL_Grade 8_relative_bias": {
        "bias mean": 5.203885641853447,
        "bias sd": 4.09407789960769,
        "wasserstein mean": 0.004046789445303191,
        "wasserstein sd": 0.003472800526555233
    },
    "SCHL_Grade 9_relative_bias": {
        "bias mean": 4.023251242266446,
        "bias sd": 3.081507396675851,
        "wasserstein mean": 0.004373546778858562,
        "wasserstein sd": 0.0035570267720268977
    },
    "SCHL_Kindergarten_relative_bias": {
        "bias mean": Infinity,
        "bias sd": NaN,
        "wasserstein mean": 0.010699987738678293,
        "wasserstein sd": 0.015189279333508296
    },
    "SCHL_Master's degree_relative_bias": {
        "bias mean": 0.9529886033244286,
        "bias sd": 0.6283387749664708,
        "wasserstein mean": 0.0031881445167934726,
        "wasserstein sd": 0.0021240236606533502
    },
    "SCHL_No schooling completed_relative_bias": {
        "bias mean": 3.7215849110998533,
        "bias sd": 2.423677569263836,
        "wasserstein mean": 0.00495253049437343,
        "wasserstein sd": 0.0031313607173864707
    },
    "SCHL_Nursery school, preschool_relative_bias": {
        "bias mean": 326722970524515.6,
        "bias sd": 616921746641956.8,
        "wasserstein mean": 0.010998495536702443,
        "wasserstein sd": 0.017796191697405324
    },
    "SCHL_Professional degree beyond a bachelor's degree_relative_bias": {
        "bias mean": 1.5346634351159765,
        "bias sd": 1.0848580282660465,
        "wasserstein mean": 0.0027116893533374307,
        "wasserstein sd": 0.0019161577439907624
    },