{
    "MMDs": {
        "mean": 0.020015462716346886,
        "sd": 0.001446203842244819
    },
    "auroc": {
        "mean": 0.692464957621868,
        "sd": 0.03454597163301457
    },
    "auprc": {
        "mean": 0.5068477239059739,
        "sd": 0.025197468257341944
    },
    "mse": {
        "mean": 1.288976351317967,
        "sd": 0.06539253519061561
    },
    "remaining samples": {
        "mean": 1236.3,
        "sd": 23.989789494699615
    },
    "all_samples": 1248,
    "AGEP_relative_bias": {
        "bias mean": 0.6763392856103712,
        "bias sd": 0.49803041405371784,
        "wasserstein mean": 0.04310783662186964,
        "wasserstein sd": 0.011361441329966313
    },
    "WKHP_relative_bias": {
        "bias mean": 1.17656573136571,
        "bias sd": 0.7564958170443901,
        "wasserstein mean": 0.09081443603391041,
        "wasserstein sd": 0.023794426118801348
    },
    "COW_Employee of a private for-profit company or business, or of an individual, for wages, salary, or commissions_relative_bias": {
        "bias mean": 1.5874129295197732,
        "bias sd": 1.1380660476693192,
        "wasserstein mean": 0.021784897867436828,
        "wasserstein sd": 0.015731228024707323
    },
    "COW_Employee of a private not-for-profit, tax-exempt, or charitable organization_relative_bias": {
        "bias mean": 4.886960059136376,
        "bias sd": 4.318624942277035,
        "wasserstein mean": 0.012975910142889128,
        "wasserstein sd": 0.010838981514440094
    },
    "COW_Federal government employee_relative_bias": {
        "bias mean": 8.672386757191454,
        "bias sd": 8.701192436087512,
        "wasserstein mean": 0.013720118818390553,
        "wasserstein sd": 0.015326746867811387
    },
    "COW_Local government employee (city, county, etc.)_relative_bias": {
        "bias mean": 3.9801945617587235,
        "bias sd": 3.8445335434701122,
        "wasserstein mean": 0.011622146198252139,
        "wasserstein sd": 0.011008629161040468
    },
    "COW_Self-employed in own incorporated business, professional practice or farm_relative_bias": {
        "bias mean": 8.41352471671041,
        "bias sd": 11.68846451369847,
        "wasserstein mean": 0.017676524397372988,
        "wasserstein sd": 0.023146137320284487
    },
    "COW_Self-employed in own not incorporated business, professional practice, or farm_relative_bias": {
        "bias mean": 6.129862006053246,
        "bias sd": 6.164592056016407,
        "wasserstein mean": 0.01866004251426537,
        "wasserstein sd": 0.01886507034206111
    },
    "COW_State government employee_relative_bias": {
        "bias mean": 9.887582043152367,
        "bias sd": 9.575406499831358,
        "wasserstein mean": 0.02112476474900785,
        "wasserstein sd": 0.02064637577379667
    },
    "COW_Working without pay in family business or farm_relative_bias": {
        "bias mean": 45.51204067024521,
        "bias sd": 36.99938752537905,
        "wasserstein mean": 0.022391755730212258,
        "wasserstein sd": 0.020925507696106585
    },
    "SCHL_1 or more years of college credit, no degree_relative_bias": {
        "bias mean": 3.7776066581077012,
        "bias sd": 2.004380741845056,
        "wasserstein mean": 0.01663183839952324,
        "wasserstein sd": 0.00866853025694808
    },
    "SCHL_12th grade - no diploma_relative_bias": {
        "bias mean": 12.175577849844444,
        "bias sd": 9.586821948373476,
        "wasserstein mean": 0.01779625236384673,
        "wasserstein sd": 0.013936950731494372
    },
    "SCHL_Associate's degree_relative_bias": {
        "bias mean": 4.393491729056761,
        "bias sd": 3.1102260142677607,
        "wasserstein mean": 0.013211876019894533,
        "wasserstein sd": 0.009564805411962021
    },
    "SCHL_Bachelor's degree_relative_bias": {
        "bias mean": 1.8003785040383065,
        "bias sd": 1.4480459739578115,
        "wasserstein mean": 0.01016053451959914,
        "wasserstein sd": 0.008196901892443507
    },
    "SCHL_Doctorate degree_relative_bias": {
        "bias mean": 5.8726151293504785,
        "bias sd": 3.756965292352228,
        "wasserstein mean": 0.008427441978363145,
        "wasserstein sd": 0.005777839300872944
    },
    "SCHL_GED or alternative credential_relative_bias": {
        "bias mean": 10.848488824279235,
        "bias sd": 8.493318462870008,
        "wasserstein mean": 0.016363910488792134,
        "wasserstein sd": 0.014345087215838798
    },
    "SCHL_Grade 1_relative_bias": {
        "bias mean": Infinity,
        "bias sd": NaN,
        "wasserstein mean": 0.013193517230510482,
        "wasserstein sd": 0.012471045240878015
    },
    "SCHL_Grade 10_relative_bias": {
        "bias mean": 38.901908324823175,
        "bias sd": 32.61962055226879,
        "wasserstein mean": 0.035206406965937784,
        "wasserstein sd": 0.029149867040008944
    },
    "SCHL_Grade 11_relative_bias": {
        "bias mean": 20.26821679774591,
        "bias sd": 17.92749790069435,
        "wasserstein mean": 0.025395482367045356,
        "wasserstein sd": 0.02063627941250209
    },
    "SCHL_Grade 2_relative_bias": {
        "bias mean": 54.78564534282837,
        "bias sd": 40.9930482053209,
        "wasserstein mean": 0.019833406426317774,
        "wasserstein sd": 0.02084051844851151
    },
    "SCHL_Grade 3_relative_bias": {
        "bias mean": 50.78178931888564,
        "bias sd": 48.842627906963486,
        "wasserstein mean": 0.02816978373011266,
        "wasserstein sd": 0.031800148608640694
    },
    "SCHL_Grade 4_relative_bias": {
        "bias mean": 61.99448073281019,
        "bias sd": 39.85996165169181,
        "wasserstein mean": 0.03113660750575803,
        "wasserstein sd": 0.030046363889769653
    },
    "SCHL_Grade 5_relative_bias": {
        "bias mean": 49.908846374602625,
        "bias sd": 38.60438821020797,
        "wasserstein mean": 0.02785120562218883,
        "wasserstein sd": 0.02324176479413135
    },
    "SCHL_Grade 6_relative_bias": {
        "bias mean": 12.466574021592212,
        "bias sd": 7.452375992480612,
        "wasserstein mean": 0.014876899123394119,
        "wasserstein sd": 0.009254283657112332
    },
    "SCHL_Grade 7_relative_bias": {
        "bias mean": 47.42895212262056,
        "bias sd": 65.89748256231888,
        "wasserstein mean": 0.024062886742573553,
        "wasserstein sd": 0.029658623990372255
    },
    "SCHL_Grade 8_relative_bias": {
        "bias mean": 22.107409472459487,
        "bias sd": 13.65987172772646,
        "wasserstein mean": 0.016839376300325424,
        "wasserstein sd": 0.01191584450259117
    },
    "SCHL_Grade 9_relative_bias": {
        "bias mean": 21.8206474758192,
        "bias sd": 25.56110610099494,
        "wasserstein mean": 0.023584091764457058,
        "wasserstein sd": 0.028979359091823313
    },
    "SCHL_Kindergarten_relative_bias": {
        "bias mean": Infinity,
        "bias sd": NaN,
        "wasserstein mean": 0.008479673104986808,
        "wasserstein sd": 0.014483445281968368
    },
    "SCHL_Master's degree_relative_bias": {
        "bias mean": 2.8917685525788497,
        "bias sd": 2.66459702244156,
        "wasserstein mean": 0.009712295287867696,
        "wasserstein sd": 0.00883902700488078
    },
    "SCHL_No schooling completed_relative_bias": {
        "bias mean": 14.062539043049725,
        "bias sd": 15.192959163394868,
        "wasserstein mean": 0.019441647231801144,
        "wasserstein sd": 0.02404594851209165
    },
    "SCHL_Nursery school, preschool_relative_bias": {
        "bias mean": 89188913426556.9,
        "bias sd": 388765460510314.6,
        "wasserstein mean": 0.01710664910944365,
        "wasserstein sd": 0.01730642275900295
    },
    "SCHL_Professional degree beyond a bachelor's degree_relative_bias": {
        "bias mean": 5.750114223236448,
        "bias sd": 4.099620852658293,
        "wasserstein mean": 0.009944469906274839,