{
    "MMDs": {
        "mean": 0.39687180188618776,
        "sd": 0.03365794530609135
    },
    "auroc": {
        "mean": 0.9312942931235677,
        "sd": 0.01934059286589554
    },
    "auprc": {
        "mean": 0.9501574488866089,
        "sd": 0.014952449356902516
    },
    "mse": {
        "mean": 0.0,
        "sd": 0.0
    },
    "remaining samples": {
        "mean": 142.1,
        "sd": 6.587108622149782
    },
    "all_samples": 149,
    "clump_thickness_relative_bias": {
        "bias mean": 47.78620452377657,
        "bias sd": 7.0288029045119,
        "wasserstein mean": 0.7476341981362051,
        "wasserstein sd": 0.08950954711370497
    },
    "uniformity_of_cell_size_relative_bias": {
        "bias mean": 84.27299128707115,
        "bias sd": 12.06794246271875,
        "wasserstein mean": 0.8589119469634559,
        "wasserstein sd": 0.08641322754574618
    },
    "uniformity_of_cell_shape_relative_bias": {
        "bias mean": 79.18705810745253,
        "bias sd": 11.168977847498239,
        "wasserstein mean": 0.848570536648317,
        "wasserstein sd": 0.08794439722314075
    },
    "marginal_adhesion_relative_bias": {
        "bias mean": 73.33913772087098,
        "bias sd": 15.438671127831231,
        "wasserstein mean": 0.7186027794624972,
        "wasserstein sd": 0.1158457117235157
    },
    "single_epithelial_cell_size_relative_bias": {
        "bias mean": 48.829323960795044,
        "bias sd": 8.428882330665116,
        "wasserstein mean": 0.7080504352540112,
        "wasserstein sd": 0.10426730177207287
    },
    "bare_nuclei_relative_bias": {
        "bias mean": 86.95779639274906,
        "bias sd": 15.287725894573631,
        "wasserstein mean": 0.8406004440464552,
        "wasserstein sd": 0.11083549539989247
    },
    "bland_chromatin_relative_bias": {
        "bias mean": 57.109704712713,
        "bias sd": 7.212339409760833,
        "wasserstein mean": 0.7990518398924069,
        "wasserstein sd": 0.07952081101399493
    },
    "normal_nucleoli_relative_bias": {
        "bias mean": 82.30972659526748,
        "bias sd": 12.329095758100724,
        "wasserstein mean": 0.764992234223123,
        "wasserstein sd": 0.08525761845577143
    },
    "mitoses_relative_bias": {
        "bias mean": 49.108778086018205,
        "bias sd": 16.224709480572646,
        "wasserstein mean": 0.44756471571486467,
        "wasserstein sd": 0.12608819298012414
    },
    "class_relative_bias": {
        "bias mean": 75.8204643360098,
        "bias sd": 2.6718267229124515,
        "wasserstein mean": 0.49395151157288614,
        "wasserstein sd": 0.03342519719554602
    }
}