{
    "MMDs": {
        "mean": 0.07438383415877249,
        "sd": 0.006102087116017916
    },
    "auroc": {
        "mean": 0.7185201390787579,
        "sd": 0.03276612702764106
    },
    "auprc": {
        "mean": 0.24864601662802555,
        "sd": 0.06135141433902264
    },
    "mse": {
        "mean": 0.0,
        "sd": 0.0
    },
    "remaining samples": {
        "mean": 615.45,
        "sd": 15.673145823350204
    },
    "all_samples": 625,
    "city_development_index_relative_bias": {
        "bias mean": 7.633185810785426,
        "bias sd": 0.58418511669943,
        "wasserstein mean": 0.555539670411391,
        "wasserstein sd": 0.04309253119533375
    },
    "experience_relative_bias": {
        "bias mean": 14.856535917579242,
        "bias sd": 2.8603535059341607,
        "wasserstein mean": 0.2643455759425847,
        "wasserstein sd": 0.05237668731278979
    },
    "training_hours_relative_bias": {
        "bias mean": 3.866073638719567,
        "bias sd": 2.9907989838507305,
        "wasserstein mean": 0.05841675578416252,
        "wasserstein sd": 0.02624614437266487
    },
    "target_relative_bias": {
        "bias mean": 294.17955206221205,
        "bias sd": 22.035365130589906,
        "wasserstein mean": 0.49249780737304194,
        "wasserstein sd": 0.016427121686442767
    },
    "gender_Male_relative_bias": {
        "bias mean": 1.284839648205136,
        "bias sd": 0.9416507835995035,
        "wasserstein mean": 0.038824291398694574,
        "wasserstein sd": 0.02844269063786382
    },
    "gender_Other_relative_bias": {
        "bias mean": 37.81522691619639,
        "bias sd": 27.26732140980882,
        "wasserstein mean": 0.040295750038300784,
        "wasserstein sd": 0.03484265871958604
    },
    "relevent_experience_No relevent experience_relative_bias": {
        "bias mean": 12.022248251319102,
        "bias sd": 9.486087297344433,
        "wasserstein mean": 0.045010228806906576,
        "wasserstein sd": 0.03462381344716539
    },
    "enrolled_university_Part time course_relative_bias": {
        "bias mean": 13.713655259101623,
        "bias sd": 11.150840797951345,
        "wasserstein mean": 0.034093750886604914,
        "wasserstein sd": 0.027989760729523458
    },
    "enrolled_university_no_enrollment_relative_bias": {
        "bias mean": 4.34843521146689,
        "bias sd": 1.5752107359067822,
        "wasserstein mean": 0.10285729026945789,
        "wasserstein sd": 0.037487609218009456
    },
    "education_level_Masters_relative_bias": {
        "bias mean": 8.504831145012506,
        "bias sd": 5.603532267774972,
        "wasserstein mean": 0.052687115103032714,
        "wasserstein sd": 0.03572643243165846
    },
    "education_level_Phd_relative_bias": {
        "bias mean": 16.454986279484217,
        "bias sd": 11.401416325141325,
        "wasserstein mean": 0.0276223895713112,
        "wasserstein sd": 0.018513506422881527
    },
    "major_discipline_Business Degree_relative_bias": {
        "bias mean": 26.748532473105975,
        "bias sd": 15.334882410179327,
        "wasserstein mean": 0.03942570536771112,
        "wasserstein sd": 0.025039651933551968
    },
    "major_discipline_Humanities_relative_bias": {
        "bias mean": 30.056543547948486,
        "bias sd": 14.12091329898674,
        "wasserstein mean": 0.06477111265770683,
        "wasserstein sd": 0.03072428223773532
    },
    "major_discipline_No Major_relative_bias": {
        "bias mean": 30.975252942380592,
        "bias sd": 17.946726820443846,
        "wasserstein mean": 0.0361668286429926,
        "wasserstein sd": 0.022345018070265545
    },
    "major_discipline_Other_relative_bias": {
        "bias mean": 22.22496020592654,
        "bias sd": 16.983000987622734,
        "wasserstein mean": 0.031242891089751063,
        "wasserstein sd": 0.025033972081943957
    },
    "major_discipline_STEM_relative_bias": {
        "bias mean": 2.754716552853488,
        "bias sd": 1.4274812555649143,
        "wasserstein mean": 0.0789559682004095,
        "wasserstein sd": 0.04064672476824168
    },
    "company_size_100-500_relative_bias": {
        "bias mean": 9.247915482694587,
        "bias sd": 7.362111908378977,
        "wasserstein mean": 0.04756298999647309,
        "wasserstein sd": 0.038135598548093695
    },
    "company_size_1000-4999_relative_bias": {
        "bias mean": 11.965172856824688,
        "bias sd": 7.694975794844062,
        "wasserstein mean": 0.04167548791590401,
        "wasserstein sd": 0.028519629378223086
    },
    "company_size_10000+_relative_bias": {
        "bias mean": 12.066820229709455,
        "bias sd": 7.366837723826666,
        "wasserstein mean": 0.051957670060813185,
        "wasserstein sd": 0.030590092233756593
    },
    "company_size_50-99_relative_bias": {
        "bias mean": 6.624522684742705,
        "bias sd": 3.8758552223479934,
        "wasserstein mean": 0.035245809022322924,
        "wasserstein sd": 0.020515842056163674
    },
    "company_size_500-999_relative_bias": {
        "bias mean": 15.910244799391455,
        "bias sd": 12.245704223625298,
        "wasserstein mean": 0.04181666172566474,
        "wasserstein sd": 0.033420812858463614
    },
    "company_size_5000-9999_relative_bias": {
        "bias mean": 18.05920312033773,
        "bias sd": 12.922846609774647,
        "wasserstein mean": 0.03978325044500931,
        "wasserstein sd": 0.030243225436274144
    },
    "company_size_<10_relative_bias": {
        "bias mean": 9.239362407770578,
        "bias sd": 6.278284371198876,
        "wasserstein mean": 0.029574384326849834,
        "wasserstein sd": 0.020696200668817503
    },
    "company_type_Funded Startup_relative_bias": {
        "bias mean": 16.953188393696497,
        "bias sd": 7.358617309623998,
        "wasserstein mean": 0.05268873056699906,
        "wasserstein sd": 0.0233034576932783
    },
    "company_type_NGO_relative_bias": {
        "bias mean": 16.10435760208727,
        "bias sd": 11.056325331893296,
        "wasserstein mean": 0.03191353375900467,
        "wasserstein sd": 0.021105777648104344
    },
    "company_type_Other_relative_bias": {
        "bias mean": 46.54725674351523,
        "bias sd": 31.883464399449643,
        "wasserstein mean": 0.036346237319172456,
        "wasserstein sd": 0.02397180761118638
    },
    "company_type_Public Sector_relative_bias": {
        "bias mean": 14.141494387170297,
        "bias sd": 11.559272690241023,
        "wasserstein mean": 0.034677081212505956,
        "wasserstein sd": 0.025591462862538914
    },
    "company_type_Pvt Ltd_relative_bias": {
        "bias mean": 1.825337024054365,
        "bias sd": 1.5393193305712782,
        "wasserstein mean": 0.0325536174910103,
        "wasserstein sd": 0.027660782673902425
    },
    "last_new_job_2_relative_bias": {
        "bias mean": 7.080478998778288,
        "bias sd": 5.087818047503621,
        "wasserstein mean": 0.03270721098043712,
        "wasserstein sd": 0.023217737634396073
    },
    "last_new_job_3_relative_bias": {
        "bias mean": 12.7088362890713,
        "bias sd": 10.969288587497923,
        "wasserstein mean": 0.03360782476742969,
        "wasserstein sd": 0.028582097208916097
    },
    "last_new_job_4_relative_bias": {
        "bias mean": 20.32040601845353,
        "bias sd": 12.78169488676651,
        "wasserstein mean": 0.052398341578534,
        "wasserstein sd": 0.030382969438856572
    },
    "last_new_job_>4_relative_bias": {
        "bias mean": 20.593944207649393,
        "bias sd": 4.455312158436952,
        "wasserstein mean": 0.1091542783930624,
        "wasserstein sd": 0.024960192613110405
    },
    "last_new_job_never_relative_bias": {
        "bias mean": 30.875945650078187,
        "bias sd": 20.29115875919758,
        "wasserstein mean": 0.06323954309137465,
        "wasserstein sd": 0.037852217761602885
    }
}