{
    "MMDs": {
        "mean": 0.02025123965589026,
        "sd": 0.0023176809180898293
    },
    "auroc": {
        "mean": 0.7285632446191092,
        "sd": 0.013199009857431271
    },
    "auprc": {
        "mean": 0.3927908325316022,
        "sd": 0.020469196982232377
    },
    "remaining samples": {
        "mean": 1975.44,
        "sd": 4.800666620376799
    },
    "all_samples": 1980,
    "city_development_index_relative_bias": {
        "bias mean": 0.7787896835768404,
        "bias sd": 0.4223632255378771,
        "wasserstein mean": 0.06029636426254367,
        "wasserstein sd": 0.028154780920988432
    },
    "experience_relative_bias": {
        "bias mean": 1.3555599773997793,
        "bias sd": 0.9490364786706126,
        "wasserstein mean": 0.030459258918284462,
        "wasserstein sd": 0.013535818244697673
    },
    "training_hours_relative_bias": {
        "bias mean": 2.4156120488161856,
        "bias sd": 1.6062327525457165,
        "wasserstein mean": 0.034978019927390844,
        "wasserstein sd": 0.013876794322629834
    },
    "target_relative_bias": {
        "bias mean": 25.21475611041113,
        "bias sd": 7.932816532885043,
        "wasserstein mean": 0.041655727217489016,
        "wasserstein sd": 0.012011271520510214
    },
    "gender_Male_relative_bias": {
        "bias mean": 0.857372409455466,
        "bias sd": 0.5650866048195369,
        "wasserstein mean": 0.025913977034396875,
        "wasserstein sd": 0.017010278029743232
    },
    "gender_Other_relative_bias": {
        "bias mean": 32.22175810502936,
        "bias sd": 32.380660636324635,
        "wasserstein mean": 0.02782303273586235,
        "wasserstein sd": 0.022231793972168425
    },
    "relevent_experience_No relevent experience_relative_bias": {
        "bias mean": 6.2408116454743165,
        "bias sd": 5.169410022272153,
        "wasserstein mean": 0.022931959966730645,
        "wasserstein sd": 0.018354559187841644
    },
    "enrolled_university_Part time course_relative_bias": {
        "bias mean": 6.967790485329676,
        "bias sd": 4.250590926768941,
        "wasserstein mean": 0.01767166070230385,
        "wasserstein sd": 0.010812327313229281
    },
    "enrolled_university_no_enrollment_relative_bias": {
        "bias mean": 0.9734056552462904,
        "bias sd": 0.7050385594392811,
        "wasserstein mean": 0.02294666460245263,
        "wasserstein sd": 0.016537383627531203
    },
    "education_level_Masters_relative_bias": {
        "bias mean": 4.029826753986597,
        "bias sd": 2.906405320191227,
        "wasserstein mean": 0.024785958633594608,
        "wasserstein sd": 0.017909900403400406
    },
    "education_level_Phd_relative_bias": {
        "bias mean": 16.650381455942934,
        "bias sd": 10.967173770910575,
        "wasserstein mean": 0.028253171078565075,
        "wasserstein sd": 0.018216854245111595
    },
    "major_discipline_Business Degree_relative_bias": {
        "bias mean": 18.77243312550891,
        "bias sd": 15.660521354116531,
        "wasserstein mean": 0.026718091698062274,
        "wasserstein sd": 0.02185499641866694
    },
    "major_discipline_Humanities_relative_bias": {
        "bias mean": 11.956058380609605,
        "bias sd": 8.41081224510509,
        "wasserstein mean": 0.02494911681032617,
        "wasserstein sd": 0.017707138925203043
    },
    "major_discipline_No Major_relative_bias": {
        "bias mean": 19.476220309202205,
        "bias sd": 15.251022531237185,
        "wasserstein mean": 0.021256368928197853,
        "wasserstein sd": 0.016156427790455202
    },
    "major_discipline_Other_relative_bias": {
        "bias mean": 18.70792812137695,
        "bias sd": 13.87464211160103,
        "wasserstein mean": 0.026826766003071354,
        "wasserstein sd": 0.019787954004750512
    },
    "major_discipline_STEM_relative_bias": {
        "bias mean": 0.9376266639670991,
        "bias sd": 0.666818670219234,
        "wasserstein mean": 0.026908498042841372,
        "wasserstein sd": 0.019074600402129594
    },
    "company_size_100-500_relative_bias": {
        "bias mean": 4.3429410009767375,
        "bias sd": 3.227104758269446,
        "wasserstein mean": 0.021993737420579945,
        "wasserstein sd": 0.0166320173969252
    },
    "company_size_1000-4999_relative_bias": {
        "bias mean": 7.538082244881738,
        "bias sd": 6.200259155509243,
        "wasserstein mean": 0.025060608226287338,
        "wasserstein sd": 0.019854924251235827
    },
    "company_size_10000+_relative_bias": {
        "bias mean": 4.769428499769344,
        "bias sd": 4.007211217662725,
        "wasserstein mean": 0.02073851624894525,
        "wasserstein sd": 0.017124176349639315
    },
    "company_size_50-99_relative_bias": {
        "bias mean": 4.1722721164647565,
        "bias sd": 3.1169031634627755,
        "wasserstein mean": 0.022299454108505364,
        "wasserstein sd": 0.01681721205645965
    },
    "company_size_500-999_relative_bias": {
        "bias mean": 9.871504234970656,
        "bias sd": 7.286228978186555,
        "wasserstein mean": 0.026349268797020885,
        "wasserstein sd": 0.019285594868618448
    },
    "company_size_5000-9999_relative_bias": {
        "bias mean": 10.116205154491627,
        "bias sd": 8.761047654595357,
        "wasserstein mean": 0.0220479276952177,
        "wasserstein sd": 0.01980685202786488
    },
    "company_size_<10_relative_bias": {
        "bias mean": 8.566211113874221,
        "bias sd": 5.330780719974922,
        "wasserstein mean": 0.027931403789541863,
        "wasserstein sd": 0.017688935189118907
    },
    "company_type_Funded Startup_relative_bias": {
        "bias mean": 7.903190570502656,
        "bias sd": 5.636353897242551,
        "wasserstein mean": 0.024605942552540366,
        "wasserstein sd": 0.017861180209507575
    },
    "company_type_NGO_relative_bias": {
        "bias mean": 12.126884866898996,
        "bias sd": 11.079225818819062,
        "wasserstein mean": 0.023671872393093162,
        "wasserstein sd": 0.020060050545074683
    },
    "company_type_Other_relative_bias": {
        "bias mean": 26.982050888525954,
        "bias sd": 17.41303811601283,
        "wasserstein mean": 0.02435870122884718,
        "wasserstein sd": 0.015991560575588794
    },
    "company_type_Public Sector_relative_bias": {
        "bias mean": 9.34679296831131,
        "bias sd": 7.3244396304005885,
        "wasserstein mean": 0.02426134049487171,
        "wasserstein sd": 0.01941645244015566
    },
    "company_type_Pvt Ltd_relative_bias": {
        "bias mean": 1.4895921901864788,
        "bias sd": 1.115457710807672,
        "wasserstein mean": 0.02638667297141307,
        "wasserstein sd": 0.019627235667902226
    },
    "last_new_job_2_relative_bias": {
        "bias mean": 5.369686882570819,
        "bias sd": 3.4075955331820054,
        "wasserstein mean": 0.024640311252812238,
        "wasserstein sd": 0.015623223240869318
    },
    "last_new_job_3_relative_bias": {
        "bias mean": 8.460959426172469,
        "bias sd": 6.498629843345913,
        "wasserstein mean": 0.022299292539228785,
        "wasserstein sd": 0.016057725493519324
    },
    "last_new_job_4_relative_bias": {
        "bias mean": 8.241490412105952,
        "bias sd": 6.233319111555204,
        "wasserstein mean": 0.021951748422958946,
        "wasserstein sd": 0.016028222584442958
    },
    "last_new_job_>4_relative_bias": {
        "bias mean": 4.833836956216768,
        "bias sd": 3.3726324620481423,
        "wasserstein mean": 0.025696507345858762,
        "wasserstein sd": 0.01844817777749862
    },
    "last_new_job_never_relative_bias": {
        "bias mean": 12.715186020618955,
        "bias sd": 10.382927271778517,
        "wasserstein mean": 0.026291584570147783,
        "wasserstein sd": 0.020032278022266353
    }
}