{
    "MMDs": {
        "mean": 0.04844637541742395,
        "sd": 0.006063223214552543
    },
    "auroc": {
        "mean": 0.5593831085759462,
        "sd": 0.07635159643313985
    },
    "auprc": {
        "mean": 0.7094892605052153,
        "sd": 0.024484453397476298
    },
    "mse": {
        "mean": 0.0,
        "sd": 0.0
    },
    "remaining samples": {
        "mean": 90.7,
        "sd": 4.371498598878878
    },
    "all_samples": 93,
    "Dependents_relative_bias": {
        "bias mean": 6.136141770414865,
        "bias sd": 3.9710887781170694,
        "wasserstein mean": 0.05295388141732754,
        "wasserstein sd": 0.02691996693398753
    },
    "ApplicantIncome_relative_bias": {
        "bias mean": 4.322130646488117,
        "bias sd": 3.0180552324077587,
        "wasserstein mean": 0.1117529491392133,
        "wasserstein sd": 0.02146834929141851
    },
    "CoapplicantIncome_relative_bias": {
        "bias mean": 10.81306236219599,
        "bias sd": 6.9228285161078915,
        "wasserstein mean": 0.12877916357905256,
        "wasserstein sd": 0.03137025212269418
    },
    "LoanAmount_relative_bias": {
        "bias mean": 2.100010357343632,
        "bias sd": 1.5030783448578482,
        "wasserstein mean": 0.10056222825560102,
        "wasserstein sd": 0.016615211048798196
    },
    "Loan_Amount_Term_relative_bias": {
        "bias mean": 1.1616862013960714,
        "bias sd": 0.7820754049706421,
        "wasserstein mean": 0.08384692884639465,
        "wasserstein sd": 0.03195857594488799
    },
    "Credit_History_relative_bias": {
        "bias mean": 3.7827570621943907,
        "bias sd": 1.5255838155076327,
        "wasserstein mean": 0.09192269621173904,
        "wasserstein sd": 0.03700486439754975
    },
    "Loan_Status_relative_bias": {
        "bias mean": 60.54155169377337,
        "bias sd": 6.834211554482345,
        "wasserstein mean": 0.42033975339805807,
        "wasserstein sd": 0.057188668195270104
    },
    "Gender_Male_relative_bias": {
        "bias mean": 1.339044589768409,
        "bias sd": 1.2916917705768773,
        "wasserstein mean": 0.028600544531884414,
        "wasserstein sd": 0.02767376454928086
    },
    "Married_Yes_relative_bias": {
        "bias mean": 3.0446860124313315,
        "bias sd": 1.7599547745804978,
        "wasserstein mean": 0.04121001205043627,
        "wasserstein sd": 0.02426035448912431
    },
    "Education_Not Graduate_relative_bias": {
        "bias mean": 7.219465158672882,
        "bias sd": 5.826943905249001,
        "wasserstein mean": 0.03504306067303157,
        "wasserstein sd": 0.027571271375662603
    },
    "Self_Employed_Yes_relative_bias": {
        "bias mean": 11.060115975448372,
        "bias sd": 6.813624018803743,
        "wasserstein mean": 0.04338622296689955,
        "wasserstein sd": 0.02354955147477877
    },
    "Property_Area_Semiurban_relative_bias": {
        "bias mean": 5.765864232310631,
        "bias sd": 3.703815657570822,
        "wasserstein mean": 0.04779273633697388,
        "wasserstein sd": 0.030795781038482156
    },
    "Property_Area_Urban_relative_bias": {
        "bias mean": 6.521930601219113,
        "bias sd": 6.017458440932683,
        "wasserstein mean": 0.0416335364664321,
        "wasserstein sd": 0.03595268172962268
    }
}