{"MMDs": {"mean": 0.025258013203252855, "sd": 0.0027432089424740233}, "auroc": {"mean": 0.761878277074844, "sd": 0.026279095963233714}, "auprc": {"mean": 0.6581294182323522, "sd": 0.03581911479666198}, "remaining samples": {"mean": 2199.93, "sd": 7.6331579310269735}, "all_samples": 2250, "AGEP_relative_bias": {"bias mean": 0.5631704320863329, "bias sd": 0.18834528221307423, "wasserstein mean": 0.29874448456316055, "wasserstein sd": 0.04547336097960459}, "WKHP_relative_bias": {"bias mean": 0.475446086637882, "bias sd": 0.22621100059594523, "wasserstein mean": 0.34361090655280185, "wasserstein sd": 0.05004875643699746}, "COW_Employee of a private for-profit company or business, or of an individual, for wages, salary, or commissions_relative_bias": {"bias mean": 3.4527954526833353, "bias sd": 0.734777850986494, "wasserstein mean": 0.04737920235022299, "wasserstein sd": 0.010096820487957585}, "COW_Employee of a private not-for-profit, tax-exempt, or charitable organization_relative_bias": {"bias mean": 5.976929296098481, "bias sd": 2.2460243381068703, "wasserstein mean": 0.016502691862254674, "wasserstein sd": 0.006144489381660942}, "COW_Federal government employee_relative_bias": {"bias mean": 22.25966672314792, "bias sd": 5.085390259786864, "wasserstein mean": 0.03556628889115228, "wasserstein sd": 0.006777932249062055}, "COW_Local government employee (city, county, etc.)_relative_bias": {"bias mean": 3.99021648541769, "bias sd": 1.9557748020878019, "wasserstein mean": 0.011679918487349667, "wasserstein sd": 0.005508850252736955}, "COW_Self-employed in own incorporated business, professional practice or farm_relative_bias": {"bias mean": 15.36520150560315, "bias sd": 4.238052222302559, "wasserstein mean": 0.030226666750281517, "wasserstein sd": 0.007123768640508598}, "COW_Self-employed in own not incorporated business, professional practice, or farm_relative_bias": {"bias mean": 2.7673999396268636, "bias sd": 1.711089303172594, "wasserstein mean": 0.008306944932303556, "wasserstein sd": 0.00502362288248244}, "COW_State government employee_relative_bias": {"bias mean": 11.043371146910271, "bias sd": 3.500262652367955, "wasserstein mean": 0.023102078969656582, "wasserstein sd": 0.00688687818351547}, "COW_Working without pay in family business or farm_relative_bias": {"bias mean": 100.0, "bias sd": 0.0, "wasserstein mean": 0.05724853799835555, "wasserstein sd": 0.01852761318912909}, "SCHL_1 or more years of college credit, no degree_relative_bias": {"bias mean": 2.781468045803157, "bias sd": 1.4196677024135302, "wasserstein mean": 0.012398366455349221, "wasserstein sd": 0.006436612944838471}, "SCHL_12th grade - no diploma_relative_bias": {"bias mean": 19.80702466351019, "bias sd": 6.915344386219248, "wasserstein mean": 0.029307745958194985, "wasserstein sd": 0.008019492916918575}, "SCHL_Associate's degree_relative_bias": {"bias mean": 2.1605147871745265, "bias sd": 1.6405003456491511, "wasserstein mean": 0.00629420770616638, "wasserstein sd": 0.004691013938642163}, "SCHL_Bachelor's degree_relative_bias": {"bias mean": 2.180565660327564, "bias sd": 1.0582677298540455, "wasserstein mean": 0.012231534701708206, "wasserstein sd": 0.00597480667073145}, "SCHL_Doctorate degree_relative_bias": {"bias mean": 27.965344446037175, "bias sd": 7.342745955820898, "wasserstein mean": 0.03840231929654061, "wasserstein sd": 0.006918399239384505}, "SCHL_GED or alternative credential_relative_bias": {"bias mean": 20.697408371616802, "bias sd": 5.626955357845708, "wasserstein mean": 0.030518533189769062, "wasserstein sd": 0.006857902883006376}, "SCHL_Grade 1_relative_bias": {"bias mean": 100.0, "bias sd": 0.0, "wasserstein mean": 0.0196762030919038, "wasserstein sd": 0.0168294120217625}, "SCHL_Grade 10_relative_bias": {"bias mean": 80.08807829617913, "bias sd": 32.415255515167004, "wasserstein mean": 0.07216518870141317, "wasserstein sd": 0.034656700211639434}, "SCHL_Grade 11_relative_bias": {"bias mean": 23.508876409543213, "bias sd": 8.412241228506444, "wasserstein mean": 0.02908628284520499, "wasserstein sd": 0.008115393025451077}, "SCHL_Grade 2_relative_bias": {"bias mean": 99.0, "bias sd": 9.949874371066201, "wasserstein mean": 0.04179572676564027, "wasserstein sd": 0.021514400488602856}, "SCHL_Grade 3_relative_bias": {"bias mean": 100.0, "bias sd": 0.0, "wasserstein mean": 0.05203091161608334, "wasserstein sd": 0.019007920209483983}, "SCHL_Grade 4_relative_bias": {"bias mean": 100.0, "bias sd": 0.0, "wasserstein mean": 0.043262307452598944, "wasserstein sd": 0.018790708998119996}, "SCHL_Grade 5_relative_bias": {"bias mean": 100.0, "bias sd": 0.0, "wasserstein mean": 0.05185052260202793, "wasserstein sd": 0.018657369434090458}, "SCHL_Grade 6_relative_bias": {"bias mean": 26.143249729516018, "bias sd": 9.236758998136303, "wasserstein mean": 0.032622426414179555, "wasserstein sd": 0.007829380169385967}, "SCHL_Grade 7_relative_bias": {"bias mean": 100.0, "bias sd": 0.0, "wasserstein mean": 0.05049608737472824, "wasserstein sd": 0.019664234297326617}, "SCHL_Grade 8_relative_bias": {"bias mean": 100.0, "bias sd": 0.0, "wasserstein mean": 0.07753022447896565, "wasserstein sd": 0.019582347768558765}, "SCHL_Grade 9_relative_bias": {"bias mean": 38.57009189761256, "bias sd": 14.655211213429045, "wasserstein mean": 0.03900063793611094, "wasserstein sd": 0.008443766025669009}, "SCHL_Kindergarten_relative_bias": {"bias mean": 100.0, "bias sd": 0.0, "wasserstein mean": 0.01998321664897418, "wasserstein sd": 0.022292319074843758}, "SCHL_Master's degree_relative_bias": {"bias mean": 1.2790951962650214, "bias sd": 0.9267004239066127, "wasserstein mean": 0.004282863231245836, "wasserstein sd": 0.003070780387827595}, "SCHL_No schooling completed_relative_bias": {"bias mean": 22.306283213376396, "bias sd": 6.919024513939057, "wasserstein mean": 0.028621347453417264, "wasserstein sd": 0.007082496649435524}, "SCHL_Nursery school, preschool_relative_bias": {"bias mean": 56.99999999999999, "bias sd": 49.50757517794625, "wasserstein mean": 0.019813194272668432, "wasserstein sd": 0.02008986881073931}, "SCHL_Professional degree beyond a bachelor's degree_relative_bias": {"bias mean": 18.270385929328498, "bias sd": 4.179178121729476, "wasserstein mean": 0.031144411145038794, "wasserstein sd": 0.005460305026232616}, "SCHL_Regular high school diploma_relative_bias": {"bias mean": 3.4020116122402233, "bias sd": 1.5585149217737324, "wasserstein mean": 0.015318137046369616, "wasserstein sd": 0.006988777980597202}, "SCHL_Some college, but less than 1 year_relative_bias": {"bias mean": 2.944833095823691, "bias sd": 2.0844358089381396, "wasserstein mean": 0.007654822140708523, "wasserstein sd": 0.005280151600578694}, "MAR_Divorced_relative_bias": {"bias mean": 5.95997107761591, "bias sd": 2.0779881046820705, "wasserstein mean": 0.01844573172970154, "wasserstein sd": 0.006098802640124164}, "MAR_Married_relative_bias": {"bias mean": 0.9369960193841618, "bias sd": 0.5198187512483288, "wasserstein mean": 0.009845863187173181, "wasserstein sd": 0.00548897210219924}, "MAR_Never married or under 15 years old_relative_bias": {"bias mean": 2.6556758674634455, "bias sd": 0.7245311788225594, "wasserstein mean": 0.01952869007419636, "wasserstein sd": 0.005390999876232557}, "MAR_Separated_relative_bias": {"bias mean": 22.898915919692428, "bias sd": 8.120851947934336, "wasserstein mean": 0.03098514753399268, "wasserstein sd": 0.009617085960583232}, "MAR_Widowed_relative_bias": {"bias mean": 26.709668436267055, "bias sd": 8.809841370460527, "wasserstein mean": 0.033377948694015065, "wasserstein sd": 0.00869890982033272}, "RELP_Adopted son or daughter_relative_bias": {"bias mean": 100.0, "bias sd": 0.0, "wasserstein mean": 0.05067435957129687, "wasserstein sd": 0.019735008092407278}, "RELP_Biological son or daughter_relative_bias": {"bias mean": 1.9239163515144773, "bias sd": 1.3118303426477604, "wasserstein mean": 0.007446957383703313, "wasserstein sd": 0.005090835072489273},