{
    "MMDs": {
        "mean": 0.02496312762662877,
        "sd": 0.002714161426855599
    },
    "auroc": {
        "mean": 0.7640147584539981,
        "sd": 0.02661818888104137
    },
    "auprc": {
        "mean": 0.5991460465343865,
        "sd": 0.02225390920565915
    },
    "mse": {
        "mean": 1.1813838157113765,
        "sd": 0.03923695353239316
    },
    "remaining samples": {
        "mean": 2198.35,
        "sd": 7.951572171589717
    },
    "all_samples": 2250,
    "AGEP_relative_bias": {
        "bias mean": 0.6363175516096755,
        "bias sd": 0.176127819613648,
        "wasserstein mean": 0.2771543096414092,
        "wasserstein sd": 0.07185233355228472
    },
    "WKHP_relative_bias": {
        "bias mean": 0.5225713421374019,
        "bias sd": 0.16522163173176857,
        "wasserstein mean": 0.32801488326907574,
        "wasserstein sd": 0.045605598600707245
    },
    "COW_Employee of a private for-profit company or business, or of an individual, for wages, salary, or commissions_relative_bias": {
        "bias mean": 3.3636758395606896,
        "bias sd": 0.494961974662566,
        "wasserstein mean": 0.046362891167752475,
        "wasserstein sd": 0.006790592255804867
    },
    "COW_Employee of a private not-for-profit, tax-exempt, or charitable organization_relative_bias": {
        "bias mean": 5.59992333389153,
        "bias sd": 1.4403616898720273,
        "wasserstein mean": 0.015386750299554025,
        "wasserstein sd": 0.004040807706710415
    },
    "COW_Federal government employee_relative_bias": {
        "bias mean": 21.016346694071423,
        "bias sd": 4.062862818801621,
        "wasserstein mean": 0.0339612126761686,
        "wasserstein sd": 0.0059349911330854235
    },
    "COW_Local government employee (city, county, etc.)_relative_bias": {
        "bias mean": 4.090790836147834,
        "bias sd": 1.958826811783168,
        "wasserstein mean": 0.011934029537541784,
        "wasserstein sd": 0.0058484663074621825
    },
    "COW_Self-employed in own incorporated business, professional practice or farm_relative_bias": {
        "bias mean": 14.311351227371611,
        "bias sd": 3.5176587916847706,
        "wasserstein mean": 0.02861079012770959,
        "wasserstein sd": 0.005929960091916196
    },
    "COW_Self-employed in own not incorporated business, professional practice, or farm_relative_bias": {
        "bias mean": 2.54531081504077,
        "bias sd": 1.6004535262819655,
        "wasserstein mean": 0.0077027816190586695,
        "wasserstein sd": 0.004843588635897644
    },
    "COW_State government employee_relative_bias": {
        "bias mean": 11.300084081539683,
        "bias sd": 3.207292162296407,
        "wasserstein mean": 0.02276669119170575,
        "wasserstein sd": 0.005786300611631924
    },
    "COW_Working without pay in family business or farm_relative_bias": {
        "bias mean": 100.0,
        "bias sd": 0.0,
        "wasserstein mean": 0.05130063794657831,
        "wasserstein sd": 0.015218809700018926
    },
    "SCHL_1 or more years of college credit, no degree_relative_bias": {
        "bias mean": 2.8551327116255503,
        "bias sd": 1.3028689160268763,
        "wasserstein mean": 0.012633136048948538,
        "wasserstein sd": 0.005722548306001514
    },
    "SCHL_12th grade - no diploma_relative_bias": {
        "bias mean": 18.557334316000137,
        "bias sd": 6.30860971179597,
        "wasserstein mean": 0.026948682322252525,
        "wasserstein sd": 0.007825789740879593
    },
    "SCHL_Associate's degree_relative_bias": {
        "bias mean": 1.9638495346691116,
        "bias sd": 0.9742990765177302,
        "wasserstein mean": 0.0058953644081607345,
        "wasserstein sd": 0.002957075784888454
    },
    "SCHL_Bachelor's degree_relative_bias": {
        "bias mean": 2.18683805261932,
        "bias sd": 1.0340241582390248,
        "wasserstein mean": 0.012192972131754708,
        "wasserstein sd": 0.005801126947509429
    },
    "SCHL_Doctorate degree_relative_bias": {
        "bias mean": 27.88625647697911,
        "bias sd": 8.2948713407018,
        "wasserstein mean": 0.03631228589628692,
        "wasserstein sd": 0.007137595382228809
    },
    "SCHL_GED or alternative credential_relative_bias": {
        "bias mean": 22.366076317321312,
        "bias sd": 6.663390016939126,
        "wasserstein mean": 0.030763403851399817,
        "wasserstein sd": 0.007252149760274464
    },
    "SCHL_Grade 1_relative_bias": {
        "bias mean": 100.0,
        "bias sd": 0.0,
        "wasserstein mean": 0.025664612728570395,
        "wasserstein sd": 0.019129272892430705
    },
    "SCHL_Grade 10_relative_bias": {
        "bias mean": 74.66618116333262,
        "bias sd": 34.774321767577355,
        "wasserstein mean": 0.07030150648913985,
        "wasserstein sd": 0.039430392063889416
    },
    "SCHL_Grade 11_relative_bias": {
        "bias mean": 21.343898239236268,
        "bias sd": 7.045249998564538,
        "wasserstein mean": 0.027134179635450634,
        "wasserstein sd": 0.00805220231288679
    },
    "SCHL_Grade 2_relative_bias": {
        "bias mean": 95.00000000000001,
        "bias sd": 21.79449471770337,
        "wasserstein mean": 0.036910511948876935,
        "wasserstein sd": 0.024371733473492672
    },
    "SCHL_Grade 3_relative_bias": {
        "bias mean": 100.0,
        "bias sd": 0.0,
        "wasserstein mean": 0.05371168544637796,
        "wasserstein sd": 0.018812924372957528
    },
    "SCHL_Grade 4_relative_bias": {
        "bias mean": 100.0,
        "bias sd": 0.0,
        "wasserstein mean": 0.0456806973101973,
        "wasserstein sd": 0.01876699804531887
    },
    "SCHL_Grade 5_relative_bias": {
        "bias mean": 100.0,
        "bias sd": 0.0,
        "wasserstein mean": 0.050453352831314524,
        "wasserstein sd": 0.01726948056630006
    },
    "SCHL_Grade 6_relative_bias": {
        "bias mean": 24.57850534538799,
        "bias sd": 5.142125504668376,
        "wasserstein mean": 0.03176399127853406,
        "wasserstein sd": 0.0068515559690291656
    },
    "SCHL_Grade 7_relative_bias": {
        "bias mean": 100.0,
        "bias sd": 0.0,
        "wasserstein mean": 0.05287333824139566,
        "wasserstein sd": 0.02145077744166189
    },
    "SCHL_Grade 8_relative_bias": {
        "bias mean": 100.0,
        "bias sd": 0.0,
        "wasserstein mean": 0.08330538292729983,
        "wasserstein sd": 0.018854478437744928
    },
    "SCHL_Grade 9_relative_bias": {
        "bias mean": 39.20227635176819,
        "bias sd": 10.054852044915302,
        "wasserstein mean": 0.037897490951768475,
        "wasserstein sd": 0.007380743886597165
    },
    "SCHL_Kindergarten_relative_bias": {
        "bias mean": 100.0,
        "bias sd": 0.0,
        "wasserstein mean": 0.024398113350492412,
        "wasserstein sd": 0.0237817583245214
    },
    "SCHL_Master's degree_relative_bias": {
        "bias mean": 1.3797104376823761,
        "bias sd": 1.004765664891851,
        "wasserstein mean": 0.004650018907566651,
        "wasserstein sd": 0.0033009010283660354
    },
    "SCHL_No schooling completed_relative_bias": {
        "bias mean": 23.054370680205714,
        "bias sd": 8.159609460007843,
        "wasserstein mean": 0.03000721922953723,
        "wasserstein sd": 0.007764143069276675
    },
    "SCHL_Nursery school, preschool_relative_bias": {
        "bias mean": 24.999999999999996,
        "bias sd": 43.301270189221924,
        "wasserstein mean": 0.00806350929701619,
        "wasserstein sd": 0.015063438066855103
    },
    "SCHL_Professional degree beyond a bachelor's degree_relative_bias": {
        "bias mean": 19.084731852662742,
        "bias sd": 4.122548262974659,
        "wasserstein mean": 0.03238020645317808,
        "wasserstein sd": 0.006101080108663049
    },
    "SCHL_Regular high school diploma_relative_bias": {
        "bias mean": 3.3489385559289806,
        "bias sd": 1.5855773265642503,