{
    "MMDs": {
        "mean": 0.024860143549071272,
        "sd": 0.0023523875103999407
    },
    "auroc": {
        "mean": 0.7616179573643443,
        "sd": 0.02222689675309083
    },
    "auprc": {
        "mean": 0.6589446240170055,
        "sd": 0.033526562715737424
    },
    "remaining samples": {
        "mean": 2197.65,
        "sd": 7.754192414429759
    },
    "all_samples": 2250,
    "AGEP_relative_bias": {
        "bias mean": 0.582311585951717,
        "bias sd": 0.2139379331908411,
        "wasserstein mean": 0.2969589017078835,
        "wasserstein sd": 0.0256799601277421
    },
    "WKHP_relative_bias": {
        "bias mean": 0.4311328450317212,
        "bias sd": 0.17720432357521543,
        "wasserstein mean": 0.3387034647989433,
        "wasserstein sd": 0.04990149187539656
    },
    "COW_Employee of a private for-profit company or business, or of an individual, for wages, salary, or commissions_relative_bias": {
        "bias mean": 3.423509710116708,
        "bias sd": 0.5643425474303316,
        "wasserstein mean": 0.04673569650174681,
        "wasserstein sd": 0.0075800314953406766
    },
    "COW_Employee of a private not-for-profit, tax-exempt, or charitable organization_relative_bias": {
        "bias mean": 5.807659068785087,
        "bias sd": 2.6170155910099084,
        "wasserstein mean": 0.016381156269501106,
        "wasserstein sd": 0.007310075265902393
    },
    "COW_Federal government employee_relative_bias": {
        "bias mean": 21.76870272934174,
        "bias sd": 5.0905775216347475,
        "wasserstein mean": 0.03521528578780222,
        "wasserstein sd": 0.006828998168720188
    },
    "COW_Local government employee (city, county, etc.)_relative_bias": {
        "bias mean": 3.6535904720828953,
        "bias sd": 1.9340178694159686,
        "wasserstein mean": 0.01060277880517783,
        "wasserstein sd": 0.005094673840550887
    },
    "COW_Self-employed in own incorporated business, professional practice or farm_relative_bias": {
        "bias mean": 16.033411988401472,
        "bias sd": 5.247193869043899,
        "wasserstein mean": 0.030796867028888713,
        "wasserstein sd": 0.006787316576332402
    },
    "COW_Self-employed in own not incorporated business, professional practice, or farm_relative_bias": {
        "bias mean": 2.310970013323243,
        "bias sd": 1.291928327490096,
        "wasserstein mean": 0.00704406287814478,
        "wasserstein sd": 0.003901491480081564
    },
    "COW_State government employee_relative_bias": {
        "bias mean": 10.810323408019753,
        "bias sd": 2.3254135763894577,
        "wasserstein mean": 0.022695530422062737,
        "wasserstein sd": 0.004584959765045582
    },
    "COW_Working without pay in family business or farm_relative_bias": {
        "bias mean": 100.0,
        "bias sd": 0.0,
        "wasserstein mean": 0.050185406686870014,
        "wasserstein sd": 0.013273907037466948
    },
    "SCHL_1 or more years of college credit, no degree_relative_bias": {
        "bias mean": 3.053961708735611,
        "bias sd": 1.4282123077408224,
        "wasserstein mean": 0.013588860488269256,
        "wasserstein sd": 0.006429151297331285
    },
    "SCHL_12th grade - no diploma_relative_bias": {
        "bias mean": 19.028334172933732,
        "bias sd": 8.089126682209587,
        "wasserstein mean": 0.027653760792677083,
        "wasserstein sd": 0.007667393054812359
    },
    "SCHL_Associate's degree_relative_bias": {
        "bias mean": 1.6431546415089684,
        "bias sd": 1.1060822400934047,
        "wasserstein mean": 0.004791833765831614,
        "wasserstein sd": 0.003316731350913835
    },
    "SCHL_Bachelor's degree_relative_bias": {
        "bias mean": 2.0762048844686514,
        "bias sd": 0.9408495637445581,
        "wasserstein mean": 0.011631982756606447,
        "wasserstein sd": 0.005227947628517546
    },
    "SCHL_Doctorate degree_relative_bias": {
        "bias mean": 25.300604173869548,
        "bias sd": 5.802481106261086,
        "wasserstein mean": 0.035998606548890276,
        "wasserstein sd": 0.006037608740636371
    },
    "SCHL_GED or alternative credential_relative_bias": {
        "bias mean": 21.53931866553109,
        "bias sd": 4.89535579738558,
        "wasserstein mean": 0.0311629623654903,
        "wasserstein sd": 0.007122997657205428
    },
    "SCHL_Grade 1_relative_bias": {
        "bias mean": 100.0,
        "bias sd": 0.0,
        "wasserstein mean": 0.018820716000951306,
        "wasserstein sd": 0.019432931122135302
    },
    "SCHL_Grade 10_relative_bias": {
        "bias mean": 73.40480579816463,
        "bias sd": 36.498874113330395,
        "wasserstein mean": 0.06620831541701153,
        "wasserstein sd": 0.03406686571414049
    },
    "SCHL_Grade 11_relative_bias": {
        "bias mean": 20.758218186759898,
        "bias sd": 8.223479503718952,
        "wasserstein mean": 0.02672198188805669,
        "wasserstein sd": 0.008151562487347568
    },
    "SCHL_Grade 2_relative_bias": {
        "bias mean": 100.00000000000001,
        "bias sd": 1.6202867315927535e-14,
        "wasserstein mean": 0.05265175969178032,
        "wasserstein sd": 0.026652611040200832
    },
    "SCHL_Grade 3_relative_bias": {
        "bias mean": 100.0,
        "bias sd": 0.0,
        "wasserstein mean": 0.05517322790750403,
        "wasserstein sd": 0.016254527249486814
    },
    "SCHL_Grade 4_relative_bias": {
        "bias mean": 100.0,
        "bias sd": 0.0,
        "wasserstein mean": 0.04433714738930942,
        "wasserstein sd": 0.015377631712306406
    },
    "SCHL_Grade 5_relative_bias": {
        "bias mean": 100.0,
        "bias sd": 0.0,
        "wasserstein mean": 0.05511058540035898,
        "wasserstein sd": 0.01680982131061822
    },
    "SCHL_Grade 6_relative_bias": {
        "bias mean": 27.144926913565154,
        "bias sd": 7.344382323498262,
        "wasserstein mean": 0.03359002365124807,
        "wasserstein sd": 0.007450436758115274
    },
    "SCHL_Grade 7_relative_bias": {
        "bias mean": 100.0,
        "bias sd": 0.0,
        "wasserstein mean": 0.051233854885073274,
        "wasserstein sd": 0.01774792794571162
    },
    "SCHL_Grade 8_relative_bias": {
        "bias mean": 100.0,
        "bias sd": 0.0,
        "wasserstein mean": 0.07691693331631058,
        "wasserstein sd": 0.023502549575653932
    },
    "SCHL_Grade 9_relative_bias": {
        "bias mean": 39.3635476640085,
        "bias sd": 11.252371982482467,
        "wasserstein mean": 0.03937488240082797,
        "wasserstein sd": 0.008375990590083381
    },
    "SCHL_Kindergarten_relative_bias": {
        "bias mean": 100.0,
        "bias sd": 0.0,
        "wasserstein mean": 0.017427223821779976,
        "wasserstein sd": 0.027370544769848452
    },
    "SCHL_Master's degree_relative_bias": {
        "bias mean": 1.5388107991696751,
        "bias sd": 1.1526752524014943,
        "wasserstein mean": 0.005160279119898546,
        "wasserstein sd": 0.003826339284153862
    },
    "SCHL_No schooling completed_relative_bias": {
        "bias mean": 20.61197380252684,
        "bias sd": 5.542817238239309,
        "wasserstein mean": 0.02723261805252351,
        "wasserstein sd": 0.006357411116933286
    },
    "SCHL_Nursery school, preschool_relative_bias": {
        "bias mean": 54.999999999999986,
        "bias sd": 49.74937185533099,
        "wasserstein mean": 0.01843087839318,
        "wasserstein sd": 0.018716645487171918
    },
    "SCHL_Professional degree beyond a bachelor's degree_relative_bias": {
        "bias mean": 18.013990799932976,
        "bias sd": 3.9318937064573785,
        "wasserstein mean": 0.030521415425593158,
        "wasserstein sd": 0.005080505406505409
    },
    "SCHL_Regular high school diploma_relative_bias": {
        "bias mean": 2.886460095613896,
        "bias sd": 1.2578915296572117,
        "wasserstein mean": 0.013180646647085603,
        "wasserstein sd": 0.005835539129383933
    },