{
    "MMDs": {
        "mean": 0.026102785766098778,
        "sd": 0.0025102299726831954
    },
    "auroc": {
        "mean": 0.7860606751365684,
        "sd": 0.015626813044022324
    },
    "auprc": {
        "mean": 0.688915836025828,
        "sd": 0.02632367086387617
    },
    "remaining samples": {
        "mean": 2202.18,
        "sd": 8.044103430463833
    },
    "all_samples": 2250,
    "AGEP_relative_bias": {
        "bias mean": 0.5490584588611747,
        "bias sd": 0.23368785577041867,
        "wasserstein mean": 0.15219540447537397,
        "wasserstein sd": 0.05706081805825951
    },
    "WKHP_relative_bias": {
        "bias mean": 0.41802085279220014,
        "bias sd": 0.19975897564718922,
        "wasserstein mean": 0.3512865411674317,
        "wasserstein sd": 0.05243375871915645
    },
    "COW_Employee of a private for-profit company or business, or of an individual, for wages, salary, or commissions_relative_bias": {
        "bias mean": 3.526745975266486,
        "bias sd": 0.7595426486524289,
        "wasserstein mean": 0.04843238951736551,
        "wasserstein sd": 0.010519174870079046
    },
    "COW_Employee of a private not-for-profit, tax-exempt, or charitable organization_relative_bias": {
        "bias mean": 6.57735398114087,
        "bias sd": 2.2804564225860164,
        "wasserstein mean": 0.018011985836989194,
        "wasserstein sd": 0.005895299995120436
    },
    "COW_Federal government employee_relative_bias": {
        "bias mean": 23.880341245059483,
        "bias sd": 4.761236608523306,
        "wasserstein mean": 0.037525617919196376,
        "wasserstein sd": 0.005296028298047559
    },
    "COW_Local government employee (city, county, etc.)_relative_bias": {
        "bias mean": 3.724744673572238,
        "bias sd": 2.0512703878377057,
        "wasserstein mean": 0.010970078978833103,
        "wasserstein sd": 0.005896133369417054
    },
    "COW_Self-employed in own incorporated business, professional practice or farm_relative_bias": {
        "bias mean": 15.230694696953941,
        "bias sd": 4.314966296136442,
        "wasserstein mean": 0.03024451556475725,
        "wasserstein sd": 0.007727779360209677
    },
    "COW_Self-employed in own not incorporated business, professional practice, or farm_relative_bias": {
        "bias mean": 2.6377710259297777,
        "bias sd": 1.8795693349990406,
        "wasserstein mean": 0.008020936655022348,
        "wasserstein sd": 0.005572075026134375
    },
    "COW_State government employee_relative_bias": {
        "bias mean": 11.895272744116875,
        "bias sd": 3.4205806469100106,
        "wasserstein mean": 0.024505616602352877,
        "wasserstein sd": 0.006149095713063404
    },
    "COW_Working without pay in family business or farm_relative_bias": {
        "bias mean": 100.0,
        "bias sd": 0.0,
        "wasserstein mean": 0.05933030301647756,
        "wasserstein sd": 0.019070998018285882
    },
    "SCHL_1 or more years of college credit, no degree_relative_bias": {
        "bias mean": 2.831423411310996,
        "bias sd": 1.4136158344297505,
        "wasserstein mean": 0.012584037200044328,
        "wasserstein sd": 0.006254523381938622
    },
    "SCHL_12th grade - no diploma_relative_bias": {
        "bias mean": 18.87213600554826,
        "bias sd": 5.226934020643923,
        "wasserstein mean": 0.029551888836451455,
        "wasserstein sd": 0.007239449279506217
    },
    "SCHL_Associate's degree_relative_bias": {
        "bias mean": 1.9368452546686736,
        "bias sd": 1.4597527639632282,
        "wasserstein mean": 0.005517285218476272,
        "wasserstein sd": 0.004105922805680889
    },
    "SCHL_Bachelor's degree_relative_bias": {
        "bias mean": 2.409693556910161,
        "bias sd": 1.1238399952977784,
        "wasserstein mean": 0.013313090393852539,
        "wasserstein sd": 0.006279249377269405
    },
    "SCHL_Doctorate degree_relative_bias": {
        "bias mean": 28.744322239430225,
        "bias sd": 6.092777302126985,
        "wasserstein mean": 0.0398114084432149,
        "wasserstein sd": 0.006353178199549249
    },
    "SCHL_GED or alternative credential_relative_bias": {
        "bias mean": 22.022701400531087,
        "bias sd": 6.697121359832095,
        "wasserstein mean": 0.031459697802235224,
        "wasserstein sd": 0.007837703384561525
    },
    "SCHL_Grade 1_relative_bias": {
        "bias mean": 100.0,
        "bias sd": 0.0,
        "wasserstein mean": 0.026349002401332394,
        "wasserstein sd": 0.024487860344678123
    },
    "SCHL_Grade 10_relative_bias": {
        "bias mean": 82.98064049250381,
        "bias sd": 30.180452102744876,
        "wasserstein mean": 0.07391906781269471,
        "wasserstein sd": 0.030978004540938592
    },
    "SCHL_Grade 11_relative_bias": {
        "bias mean": 25.452171154530458,
        "bias sd": 9.844337396730074,
        "wasserstein mean": 0.031030557914766325,
        "wasserstein sd": 0.00923578197464236
    },
    "SCHL_Grade 2_relative_bias": {
        "bias mean": 100.00000000000001,
        "bias sd": 1.582453808973134e-14,
        "wasserstein mean": 0.03951595985115101,
        "wasserstein sd": 0.0188982300120274
    },
    "SCHL_Grade 3_relative_bias": {
        "bias mean": 100.0,
        "bias sd": 0.0,
        "wasserstein mean": 0.05553861352278562,
        "wasserstein sd": 0.02112927425222835
    },
    "SCHL_Grade 4_relative_bias": {
        "bias mean": 100.0,
        "bias sd": 0.0,
        "wasserstein mean": 0.04657639725745628,
        "wasserstein sd": 0.02369799309780408
    },
    "SCHL_Grade 5_relative_bias": {
        "bias mean": 100.0,
        "bias sd": 0.0,
        "wasserstein mean": 0.052626728030202054,
        "wasserstein sd": 0.018452804634509497
    },
    "SCHL_Grade 6_relative_bias": {
        "bias mean": 26.93742008971826,
        "bias sd": 6.034961178965008,
        "wasserstein mean": 0.034494940253476616,
        "wasserstein sd": 0.006867098957241972
    },
    "SCHL_Grade 7_relative_bias": {
        "bias mean": 100.0,
        "bias sd": 0.0,
        "wasserstein mean": 0.05197162239541837,
        "wasserstein sd": 0.019092063499684314
    },
    "SCHL_Grade 8_relative_bias": {
        "bias mean": 100.0,
        "bias sd": 0.0,
        "wasserstein mean": 0.07707025610697428,
        "wasserstein sd": 0.021142490741630958
    },
    "SCHL_Grade 9_relative_bias": {
        "bias mean": 39.88715273707209,
        "bias sd": 11.118783924181168,
        "wasserstein mean": 0.041060004844262254,
        "wasserstein sd": 0.007341940066311766
    },
    "SCHL_Kindergarten_relative_bias": {
        "bias mean": 100.0,
        "bias sd": 0.0,
        "wasserstein mean": 0.017194860837489598,
        "wasserstein sd": 0.0190537647118135
    },
    "SCHL_Master's degree_relative_bias": {
        "bias mean": 1.3367839885593111,
        "bias sd": 1.1711631970869631,
        "wasserstein mean": 0.0045343159638653345,
        "wasserstein sd": 0.0038909795152327984
    },
    "SCHL_No schooling completed_relative_bias": {
        "bias mean": 22.662200289391645,
        "bias sd": 9.165816307793378,
        "wasserstein mean": 0.030026196962454878,
        "wasserstein sd": 0.009035378321339492
    },
    "SCHL_Nursery school, preschool_relative_bias": {
        "bias mean": 61.99999999999999,
        "bias sd": 48.53864439804639,
        "wasserstein mean": 0.022577826031645452,
        "wasserstein sd": 0.02233199647969483
    },
    "SCHL_Professional degree beyond a bachelor's degree_relative_bias": {
        "bias mean": 18.169553635195342,
        "bias sd": 4.147858481382738,
        "wasserstein mean": 0.030942881946390548,
        "wasserstein sd": 0.006069052357790968
    },
    "SCHL_Regular high school diploma_relative_bias": {
        "bias mean": 3.3708234616042607,
        "bias sd": 1.4662552182495694,
        "wasserstein mean": 0.015267776391654083,