{
    "MMDs": {
        "mean": 0.005756784508781672,
        "sd": 0.0002843878393657518
    },
    "auroc": {
        "mean": 0.5800464023334604,
        "sd": 0.09499020303336324
    },
    "auprc": {
        "mean": 0.4518032221068271,
        "sd": 0.024335459292913843
    },
    "mse": {
        "mean": 1.257115024397813,
        "sd": 0.06721729848761078
    },
    "remaining samples": {
        "mean": 1494.45,
        "sd": 24.54480596786212
    },
    "all_samples": 1502,
    "AGEP_relative_bias": {
        "bias mean": 0.16361917159418038,
        "bias sd": 0.12593467834454236,
        "wasserstein mean": 0.031443142247562415,
        "wasserstein sd": 0.007726180493356199
    },
    "WKHP_relative_bias": {
        "bias mean": 0.1956540034735706,
        "bias sd": 0.13251250090714875,
        "wasserstein mean": 0.049010707365961095,
        "wasserstein sd": 0.013386742895070863
    },
    "COW_Employee of a private for-profit company or business, or of an individual, for wages, salary, or commissions_relative_bias": {
        "bias mean": 0.7848589829701431,
        "bias sd": 0.4359851914796347,
        "wasserstein mean": 0.010734117940169312,
        "wasserstein sd": 0.005935122994300626
    },
    "COW_Employee of a private not-for-profit, tax-exempt, or charitable organization_relative_bias": {
        "bias mean": 1.465132381558368,
        "bias sd": 0.9810323661745447,
        "wasserstein mean": 0.004038257954686141,
        "wasserstein sd": 0.002738121319420122
    },
    "COW_Federal government employee_relative_bias": {
        "bias mean": 2.8082317356105793,
        "bias sd": 1.695395785825593,
        "wasserstein mean": 0.004576158101100585,
        "wasserstein sd": 0.002898885637505178
    },
    "COW_Local government employee (city, county, etc.)_relative_bias": {
        "bias mean": 1.726333608549778,
        "bias sd": 0.9711168354843082,
        "wasserstein mean": 0.005108621059305251,
        "wasserstein sd": 0.0029874647896219013
    },
    "COW_Self-employed in own incorporated business, professional practice or farm_relative_bias": {
        "bias mean": 2.713293538025407,
        "bias sd": 1.6045922044528034,
        "wasserstein mean": 0.005813612984981996,
        "wasserstein sd": 0.0035910913102666113
    },
    "COW_Self-employed in own not incorporated business, professional practice, or farm_relative_bias": {
        "bias mean": 1.4347852670465635,
        "bias sd": 1.126428403945842,
        "wasserstein mean": 0.004380709221983996,
        "wasserstein sd": 0.003477178894424763
    },
    "COW_State government employee_relative_bias": {
        "bias mean": 2.4977286801319254,
        "bias sd": 1.8383481206141858,
        "wasserstein mean": 0.005301426800779704,
        "wasserstein sd": 0.003947215462635168
    },
    "COW_Working without pay in family business or farm_relative_bias": {
        "bias mean": 7.665889391443367,
        "bias sd": 4.588361247393836,
        "wasserstein mean": 0.0033025031167352387,
        "wasserstein sd": 0.0018481972526846156
    },
    "SCHL_1 or more years of college credit, no degree_relative_bias": {
        "bias mean": 1.2103448843490567,
        "bias sd": 0.8221165790088953,
        "wasserstein mean": 0.005308771760597445,
        "wasserstein sd": 0.0035309061392079454
    },
    "SCHL_12th grade - no diploma_relative_bias": {
        "bias mean": 2.5307786746365784,
        "bias sd": 1.94816038655925,
        "wasserstein mean": 0.0038286684916133255,
        "wasserstein sd": 0.0031385290595826736
    },
    "SCHL_Associate's degree_relative_bias": {
        "bias mean": 1.0108250225223085,
        "bias sd": 0.699908160260627,
        "wasserstein mean": 0.0029506672097770093,
        "wasserstein sd": 0.0020420369178716143
    },
    "SCHL_Bachelor's degree_relative_bias": {
        "bias mean": 0.42633598720905885,
        "bias sd": 0.31548279319122846,
        "wasserstein mean": 0.0023897182710576033,
        "wasserstein sd": 0.0017461951984542666
    },
    "SCHL_Doctorate degree_relative_bias": {
        "bias mean": 2.4684251908276154,
        "bias sd": 1.7700876336179618,
        "wasserstein mean": 0.0035340796922453074,
        "wasserstein sd": 0.0025588923779466277
    },
    "SCHL_GED or alternative credential_relative_bias": {
        "bias mean": 3.3069064805035944,
        "bias sd": 2.0642559925328183,
        "wasserstein mean": 0.004698639296962627,
        "wasserstein sd": 0.003133343909146973
    },
    "SCHL_Grade 1_relative_bias": {
        "bias mean": Infinity,
        "bias sd": NaN,
        "wasserstein mean": 0.011955558298636421,
        "wasserstein sd": 0.008422557805924439
    },
    "SCHL_Grade 10_relative_bias": {
        "bias mean": 3.6784513417412574,
        "bias sd": 3.8490724855396814,
        "wasserstein mean": 0.003059643854805277,
        "wasserstein sd": 0.002775285640072808
    },
    "SCHL_Grade 11_relative_bias": {
        "bias mean": 3.237967758621908,
        "bias sd": 2.385554711789277,
        "wasserstein mean": 0.004468616805880789,
        "wasserstein sd": 0.0040019988324595775
    },
    "SCHL_Grade 2_relative_bias": {
        "bias mean": 39.629652751476,
        "bias sd": 43.24235172242102,
        "wasserstein mean": 0.009925691703852022,
        "wasserstein sd": 0.010590215186679078
    },
    "SCHL_Grade 3_relative_bias": {
        "bias mean": 11.318093824922958,
        "bias sd": 9.691122547807405,
        "wasserstein mean": 0.005412604320897853,
        "wasserstein sd": 0.004529717418315152
    },
    "SCHL_Grade 4_relative_bias": {
        "bias mean": 17.41762881111936,
        "bias sd": 26.819932723870473,
        "wasserstein mean": 0.004392257289279505,
        "wasserstein sd": 0.0033374860668453437
    },
    "SCHL_Grade 5_relative_bias": {
        "bias mean": 6.796561532470063,
        "bias sd": 4.977563548230487,
        "wasserstein mean": 0.003620868005005819,
        "wasserstein sd": 0.0027469773002467175
    },
    "SCHL_Grade 6_relative_bias": {
        "bias mean": 2.1310837854021467,
        "bias sd": 1.7707169738755915,
        "wasserstein mean": 0.0027094333200688987,
        "wasserstein sd": 0.0022565740442955754
    },
    "SCHL_Grade 7_relative_bias": {
        "bias mean": 9.42850515840982,
        "bias sd": 7.58840639213162,
        "wasserstein mean": 0.004209805768246691,
        "wasserstein sd": 0.0024738912132723783
    },
    "SCHL_Grade 8_relative_bias": {
        "bias mean": 4.697932591967306,
        "bias sd": 2.875210008666286,
        "wasserstein mean": 0.003764448558763975,
        "wasserstein sd": 0.0028965835981584792
    },
    "SCHL_Grade 9_relative_bias": {
        "bias mean": 3.3362039485835764,
        "bias sd": 2.071852763542287,
        "wasserstein mean": 0.0035187886849529413,
        "wasserstein sd": 0.0022079456097492825
    },
    "SCHL_Kindergarten_relative_bias": {
        "bias mean": Infinity,
        "bias sd": NaN,
        "wasserstein mean": 0.014042680328620976,
        "wasserstein sd": 0.016258158801696773
    },
    "SCHL_Master's degree_relative_bias": {
        "bias mean": 1.4551146566083806,
        "bias sd": 0.8904009183391727,
        "wasserstein mean": 0.004921557198216556,
        "wasserstein sd": 0.0030014173984130826
    },
    "SCHL_No schooling completed_relative_bias": {
        "bias mean": 3.0153451578031794,
        "bias sd": 1.9544706140611896,
        "wasserstein mean": 0.0038974219692459733,
        "wasserstein sd": 0.0022144714875178516
    },
    "SCHL_Nursery school, preschool_relative_bias": {
        "bias mean": 2.356256202850882e+16,
        "bias sd": 1.027068267331784e+17,
        "wasserstein mean": 0.01837701896755978,
        "wasserstein sd": 0.017689240850854042
    },
    "SCHL_Professional degree beyond a bachelor's degree_relative_bias": {
        "bias mean": 2.281435738899455,
        "bias sd": 1.3273108881992821,