{
    "MMDs": {
        "mean": 0.005613368648400809,
        "sd": 0.00029166073300651135
    },
    "auroc": {
        "mean": 0.7859024640596073,
        "sd": 0.020939209479003622
    },
    "auprc": {
        "mean": 0.7116813949595796,
        "sd": 0.0282013940003682
    },
    "remaining samples": {
        "mean": 1927.98,
        "sd": 12.4490802873144
    },
    "all_samples": 1951,
    "AGEP_relative_bias": {
        "bias mean": 0.1977884444782606,
        "bias sd": 0.13223060465878456,
        "wasserstein mean": 0.025066130537458316,
        "wasserstein sd": 0.005807502279489163
    },
    "WKHP_relative_bias": {
        "bias mean": 0.14665271947561428,
        "bias sd": 0.13652803592271645,
        "wasserstein mean": 0.03400754707170234,
        "wasserstein sd": 0.009850579720879351
    },
    "COW_Employee of a private for-profit company or business, or of an individual, for wages, salary, or commissions_relative_bias": {
        "bias mean": 0.6003310199190967,
        "bias sd": 0.245537048622814,
        "wasserstein mean": 0.008205985320746899,
        "wasserstein sd": 0.0033055089778886203
    },
    "COW_Employee of a private not-for-profit, tax-exempt, or charitable organization_relative_bias": {
        "bias mean": 1.4831506438852224,
        "bias sd": 0.9345274843219591,
        "wasserstein mean": 0.004104541342239563,
        "wasserstein sd": 0.0026171705342333345
    },
    "COW_Federal government employee_relative_bias": {
        "bias mean": 2.2919877241592026,
        "bias sd": 1.7159589553383776,
        "wasserstein mean": 0.0037970013799867013,
        "wasserstein sd": 0.0028441782778745204
    },
    "COW_Local government employee (city, county, etc.)_relative_bias": {
        "bias mean": 1.5622137086142789,
        "bias sd": 1.0669295841625166,
        "wasserstein mean": 0.00451283892852406,
        "wasserstein sd": 0.0030602182818004423
    },
    "COW_Self-employed in own incorporated business, professional practice or farm_relative_bias": {
        "bias mean": 2.2062168843163814,
        "bias sd": 1.5365603959997063,
        "wasserstein mean": 0.004555602076503281,
        "wasserstein sd": 0.0032508014121645054
    },
    "COW_Self-employed in own not incorporated business, professional practice, or farm_relative_bias": {
        "bias mean": 1.4086436662718413,
        "bias sd": 0.8816737847220044,
        "wasserstein mean": 0.004348478081655367,
        "wasserstein sd": 0.0028318750335904258
    },
    "COW_State government employee_relative_bias": {
        "bias mean": 1.951927016568551,
        "bias sd": 1.4295107969067302,
        "wasserstein mean": 0.004213063386414509,
        "wasserstein sd": 0.003197517432543177
    },
    "COW_Working without pay in family business or farm_relative_bias": {
        "bias mean": 13.639772893296609,
        "bias sd": 19.753295975589513,
        "wasserstein mean": 0.0060877226999214995,
        "wasserstein sd": 0.010312363792986348
    },
    "SCHL_1 or more years of college credit, no degree_relative_bias": {
        "bias mean": 1.0061683305151277,
        "bias sd": 0.5897410031981014,
        "wasserstein mean": 0.004410031938405452,
        "wasserstein sd": 0.002547894432505264
    },
    "SCHL_12th grade - no diploma_relative_bias": {
        "bias mean": 2.853738137125809,
        "bias sd": 2.198442059856499,
        "wasserstein mean": 0.004429016319783163,
        "wasserstein sd": 0.0034989861587883977
    },
    "SCHL_Associate's degree_relative_bias": {
        "bias mean": 1.1053283203442061,
        "bias sd": 0.7315162516667137,
        "wasserstein mean": 0.0032180008789279026,
        "wasserstein sd": 0.002122124558441455
    },
    "SCHL_Bachelor's degree_relative_bias": {
        "bias mean": 0.5160907299617405,
        "bias sd": 0.38174741072348767,
        "wasserstein mean": 0.002888441176614847,
        "wasserstein sd": 0.002111592276322305
    },
    "SCHL_Doctorate degree_relative_bias": {
        "bias mean": 1.9164339537242596,
        "bias sd": 1.4147873470370531,
        "wasserstein mean": 0.00279413921190721,
        "wasserstein sd": 0.0021895556008985494
    },
    "SCHL_GED or alternative credential_relative_bias": {
        "bias mean": 3.5063233491069226,
        "bias sd": 2.9712969504133464,
        "wasserstein mean": 0.005243685690609107,
        "wasserstein sd": 0.004582075339721371
    },
    "SCHL_Grade 1_relative_bias": {
        "bias mean": Infinity,
        "bias sd": NaN,
        "wasserstein mean": 0.01731565943968821,
        "wasserstein sd": 0.018777848764915145
    },
    "SCHL_Grade 10_relative_bias": {
        "bias mean": 5.55079762616995,
        "bias sd": 3.933882034733839,
        "wasserstein mean": 0.004761429166525388,
        "wasserstein sd": 0.003193035505605596
    },
    "SCHL_Grade 11_relative_bias": {
        "bias mean": 3.004421018878085,
        "bias sd": 2.170502193193779,
        "wasserstein mean": 0.003937289644591071,
        "wasserstein sd": 0.003117433075416781
    },
    "SCHL_Grade 2_relative_bias": {
        "bias mean": -4283614204683593.5,
        "bias sd": 2.9985299432785336e+16,
        "wasserstein mean": 0.009630665523593113,
        "wasserstein sd": 0.012318164907264938
    },
    "SCHL_Grade 3_relative_bias": {
        "bias mean": 9.086217443225678,
        "bias sd": 8.420548866663584,
        "wasserstein mean": 0.0042387648328404935,
        "wasserstein sd": 0.0033719606576612833
    },
    "SCHL_Grade 4_relative_bias": {
        "bias mean": 15.774437544513491,
        "bias sd": 20.58608814173606,
        "wasserstein mean": 0.0048478005001826915,
        "wasserstein sd": 0.003606601437682217
    },
    "SCHL_Grade 5_relative_bias": {
        "bias mean": 12.641937951122124,
        "bias sd": 11.996463881206875,
        "wasserstein mean": 0.004644017015081871,
        "wasserstein sd": 0.0032959933557852907
    },
    "SCHL_Grade 6_relative_bias": {
        "bias mean": 2.8028647901959,
        "bias sd": 2.1727992766819146,
        "wasserstein mean": 0.0035923324051789123,
        "wasserstein sd": 0.002955201726911628
    },
    "SCHL_Grade 7_relative_bias": {
        "bias mean": 9.991956528330487,
        "bias sd": 15.22201474672885,
        "wasserstein mean": 0.004849299061823193,
        "wasserstein sd": 0.008042163158969043
    },
    "SCHL_Grade 8_relative_bias": {
        "bias mean": 5.317466439726213,
        "bias sd": 3.9929028327504623,
        "wasserstein mean": 0.004172523232872278,
        "wasserstein sd": 0.0033634693224043138
    },
    "SCHL_Grade 9_relative_bias": {
        "bias mean": 3.984012906018915,
        "bias sd": 3.4899082952248697,
        "wasserstein mean": 0.0042097943680217235,
        "wasserstein sd": 0.0038828100103993424
    },
    "SCHL_Kindergarten_relative_bias": {
        "bias mean": Infinity,
        "bias sd": NaN,
        "wasserstein mean": 0.016910633598577193,
        "wasserstein sd": 0.015221185191923529
    },
    "SCHL_Master's degree_relative_bias": {
        "bias mean": 0.7431529366604827,
        "bias sd": 0.5037279298580473,
        "wasserstein mean": 0.0024924774677712006,
        "wasserstein sd": 0.0017210069486868953
    },
    "SCHL_No schooling completed_relative_bias": {
        "bias mean": 3.116193030229669,
        "bias sd": 2.4355447537686206,
        "wasserstein mean": 0.004319172680867822,
        "wasserstein sd": 0.0036582553509020674
    },
    "SCHL_Nursery school, preschool_relative_bias": {
        "bias mean": 6.951824632664354e+16,
        "bias sd": 1.7081015655578646e+17,
        "wasserstein mean": 0.014621310095835213,
        "wasserstein sd": 0.016782694661796858
    },
    "SCHL_Professional degree beyond a bachelor's degree_relative_bias": {
        "bias mean": 1.5070642826383647,
        "bias sd": 1.1735752132739075,
        "wasserstein mean": 0.0026674831506629383,
        "wasserstein sd": 0.0021050242918933255
    },