{
    "MMDs": {
        "mean": 0.03137322684110018,
        "sd": 0.00426117840668682
    },
    "auroc": {
        "mean": 0.7109784148914446,
        "sd": 0.07120435205747404
    },
    "auprc": {
        "mean": 0.362026736018014,
        "sd": 0.0689746304879582
    },
    "mse": {
        "mean": 0.0,
        "sd": 0.0
    },
    "remaining samples": {
        "mean": 2250.0,
        "sd": 0.0
    },
    "all_samples": 2250,
    "city_development_index_relative_bias": {
        "bias mean": 0.13174157700181258,
        "bias sd": 0.08612912568665212,
        "wasserstein mean": 0.017487536623590115,
        "wasserstein sd": 0.004684457670167792
    },
    "experience_relative_bias": {
        "bias mean": 0.6404065535589153,
        "bias sd": 0.5196489345164869,
        "wasserstein mean": 0.024371163453846968,
        "wasserstein sd": 0.007344253690503567
    },
    "training_hours_relative_bias": {
        "bias mean": 0.9289321450943984,
        "bias sd": 0.7019351564564755,
        "wasserstein mean": 0.025985046324850887,
        "wasserstein sd": 0.008322491466542601
    },
    "target_relative_bias": {
        "bias mean": 5.256832862491685,
        "bias sd": 3.75600776779799,
        "wasserstein mean": 0.008394361129000289,
        "wasserstein sd": 0.00555478739080715
    },
    "gender_Male_relative_bias": {
        "bias mean": 1.3786062305911049,
        "bias sd": 0.26322837694061574,
        "wasserstein mean": 0.041696893064892965,
        "wasserstein sd": 0.007894886761403623
    },
    "gender_Other_relative_bias": {
        "bias mean": 100.0,
        "bias sd": 0.0,
        "wasserstein mean": 0.09685625846509806,
        "wasserstein sd": 0.015491021419269365
    },
    "relevent_experience_No relevent experience_relative_bias": {
        "bias mean": 9.359931326445235,
        "bias sd": 1.8249163879114707,
        "wasserstein mean": 0.03430677859920723,
        "wasserstein sd": 0.0065270213808196606
    },
    "enrolled_university_Part time course_relative_bias": {
        "bias mean": 3.921803140189366,
        "bias sd": 2.345811579680286,
        "wasserstein mean": 0.009838929295443357,
        "wasserstein sd": 0.006085962441979857
    },
    "enrolled_university_no_enrollment_relative_bias": {
        "bias mean": 0.3462197582046803,
        "bias sd": 0.2736375122608301,
        "wasserstein mean": 0.008201189456486537,
        "wasserstein sd": 0.006469064562461612
    },
    "education_level_Masters_relative_bias": {
        "bias mean": 1.5688522218499723,
        "bias sd": 1.422313381138831,
        "wasserstein mean": 0.009728739211187738,
        "wasserstein sd": 0.009066729792893316
    },
    "education_level_Phd_relative_bias": {
        "bias mean": 4.565184382733345,
        "bias sd": 2.689850343307454,
        "wasserstein mean": 0.00813227016180518,
        "wasserstein sd": 0.004975326417418366
    },
    "major_discipline_Business Degree_relative_bias": {
        "bias mean": 61.17489776855784,
        "bias sd": 43.621903063294894,
        "wasserstein mean": 0.0817510243639849,
        "wasserstein sd": 0.0578412271956851
    },
    "major_discipline_Humanities_relative_bias": {
        "bias mean": 2.7349986498611045,
        "bias sd": 1.8229517195776481,
        "wasserstein mean": 0.005637434948008011,
        "wasserstein sd": 0.0036541754290919217
    },
    "major_discipline_No Major_relative_bias": {
        "bias mean": 100.0,
        "bias sd": 0.0,
        "wasserstein mean": 0.11139800443421873,
        "wasserstein sd": 0.017977540396906015
    },
    "major_discipline_Other_relative_bias": {
        "bias mean": 40.723483650320865,
        "bias sd": 39.157501173643475,
        "wasserstein mean": 0.05596450796964712,
        "wasserstein sd": 0.05466453246705026
    },
    "major_discipline_STEM_relative_bias": {
        "bias mean": 3.5227358657823347,
        "bias sd": 1.2815848718048857,
        "wasserstein mean": 0.10139912687382298,
        "wasserstein sd": 0.03672498356137651
    },
    "company_size_100-500_relative_bias": {
        "bias mean": 1.78864385425812,
        "bias sd": 1.6176789878278435,
        "wasserstein mean": 0.00897776788523164,
        "wasserstein sd": 0.008231232738100655
    },
    "company_size_1000-4999_relative_bias": {
        "bias mean": 5.563971499387035,
        "bias sd": 1.9410558275432859,
        "wasserstein mean": 0.01889578768561189,
        "wasserstein sd": 0.006739020086743754
    },
    "company_size_10000+_relative_bias": {
        "bias mean": 1.646792854806965,
        "bias sd": 0.8892328739483883,
        "wasserstein mean": 0.007241961283584624,
        "wasserstein sd": 0.003917383671700352
    },
    "company_size_50-99_relative_bias": {
        "bias mean": 1.6520671997965437,
        "bias sd": 1.310068008913718,
        "wasserstein mean": 0.008871881384568927,
        "wasserstein sd": 0.007025514822244035
    },
    "company_size_500-999_relative_bias": {
        "bias mean": 2.3186766677609705,
        "bias sd": 1.485193370844468,
        "wasserstein mean": 0.006189142354116526,
        "wasserstein sd": 0.004246119673756242
    },
    "company_size_5000-9999_relative_bias": {
        "bias mean": 4.996194312644002,
        "bias sd": 2.266698834493105,
        "wasserstein mean": 0.010660479900886479,
        "wasserstein sd": 0.00485483829890259
    },
    "company_size_<10_relative_bias": {
        "bias mean": 3.7787867053650537,
        "bias sd": 2.181969139861634,
        "wasserstein mean": 0.012246063108221527,
        "wasserstein sd": 0.006929728639599749
    },
    "company_type_Funded Startup_relative_bias": {
        "bias mean": 1.7891830731601253,
        "bias sd": 1.3597165006152205,
        "wasserstein mean": 0.0055798680830516445,
        "wasserstein sd": 0.004174772286276735
    },
    "company_type_NGO_relative_bias": {
        "bias mean": 7.9324641521423604,
        "bias sd": 2.08822171088549,
        "wasserstein mean": 0.016197401459537502,
        "wasserstein sd": 0.004583661768513322
    },
    "company_type_Other_relative_bias": {
        "bias mean": 100.0,
        "bias sd": 0.0,
        "wasserstein mean": 0.09405866209389564,
        "wasserstein sd": 0.022124548432990204
    },
    "company_type_Public Sector_relative_bias": {
        "bias mean": 5.925517719456352,
        "bias sd": 2.373745347545327,
        "wasserstein mean": 0.015428013372323687,
        "wasserstein sd": 0.006557309537559715
    },
    "company_type_Pvt Ltd_relative_bias": {
        "bias mean": 2.00334471411534,
        "bias sd": 0.517540523448823,
        "wasserstein mean": 0.03543944544760436,
        "wasserstein sd": 0.00903938882889771
    },
    "last_new_job_2_relative_bias": {
        "bias mean": 0.9684613191876119,
        "bias sd": 0.6238263285010657,
        "wasserstein mean": 0.004552085197165458,
        "wasserstein sd": 0.002990216652248931
    },
    "last_new_job_3_relative_bias": {
        "bias mean": 3.647771577523586,
        "bias sd": 2.068259589652447,
        "wasserstein mean": 0.009894722631532503,
        "wasserstein sd": 0.005553578489712052
    },
    "last_new_job_4_relative_bias": {
        "bias mean": 1.3870759795820444,
        "bias sd": 1.276392713670868,
        "wasserstein mean": 0.003737593030923036,
        "wasserstein sd": 0.003423289023453484
    },
    "last_new_job_>4_relative_bias": {
        "bias mean": 2.755548253915251,
        "bias sd": 1.5022263217779603,
        "wasserstein mean": 0.014613459409515722,
        "wasserstein sd": 0.007951305499058349
    },
    "last_new_job_never_relative_bias": {
        "bias mean": 4.489166208898917,
        "bias sd": 2.774651763108665,
        "wasserstein mean": 0.009193251347501421,
        "wasserstein sd": 0.005693421846294239
    }
}