{
    "MMDs": {
        "mean": 0.031198417962636324,
        "sd": 0.004411506081861459
    },
    "auroc": {
        "mean": 0.7168230233078228,
        "sd": 0.06058708624267783
    },
    "auprc": {
        "mean": 0.3787427641942323,
        "sd": 0.06207882825566265
    },
    "remaining samples": {
        "mean": 2250.0,
        "sd": 0.0
    },
    "all_samples": 2250,
    "city_development_index_relative_bias": {
        "bias mean": 0.1162763930150231,
        "bias sd": 0.08917558655820054,
        "wasserstein mean": 0.017811382838622988,
        "wasserstein sd": 0.005550027714776986
    },
    "experience_relative_bias": {
        "bias mean": 0.5433457198027305,
        "bias sd": 0.4479839809032697,
        "wasserstein mean": 0.025652338785731716,
        "wasserstein sd": 0.00876048503732519
    },
    "training_hours_relative_bias": {
        "bias mean": 0.7060300401323755,
        "bias sd": 0.5907506965242242,
        "wasserstein mean": 0.027602677128134655,
        "wasserstein sd": 0.009084970571385104
    },
    "target_relative_bias": {
        "bias mean": 5.2569184749979705,
        "bias sd": 3.8427190837000156,
        "wasserstein mean": 0.008522794774725615,
        "wasserstein sd": 0.005998048519777667
    },
    "gender_Male_relative_bias": {
        "bias mean": 1.3381453295752253,
        "bias sd": 0.26360079803935943,
        "wasserstein mean": 0.040472818720466555,
        "wasserstein sd": 0.007900342293599412
    },
    "gender_Other_relative_bias": {
        "bias mean": 100.0,
        "bias sd": 0.0,
        "wasserstein mean": 0.09466084993988913,
        "wasserstein sd": 0.02053217306362474
    },
    "relevent_experience_No relevent experience_relative_bias": {
        "bias mean": 9.223599315617689,
        "bias sd": 2.0415795816711206,
        "wasserstein mean": 0.03428018448789878,
        "wasserstein sd": 0.0075710829975729425
    },
    "enrolled_university_Part time course_relative_bias": {
        "bias mean": 4.0183388370778514,
        "bias sd": 2.0662965540807656,
        "wasserstein mean": 0.01001100625838467,
        "wasserstein sd": 0.0052286044275785554
    },
    "enrolled_university_no_enrollment_relative_bias": {
        "bias mean": 0.3183263730068272,
        "bias sd": 0.24141244720400054,
        "wasserstein mean": 0.007525786217865521,
        "wasserstein sd": 0.0056990745906436
    },
    "education_level_Masters_relative_bias": {
        "bias mean": 1.6434900216652835,
        "bias sd": 1.3794591839073442,
        "wasserstein mean": 0.010135985706372452,
        "wasserstein sd": 0.008598299383906867
    },
    "education_level_Phd_relative_bias": {
        "bias mean": 5.0310245134886555,
        "bias sd": 3.007426325870982,
        "wasserstein mean": 0.008610146121740537,
        "wasserstein sd": 0.005378986786024201
    },
    "major_discipline_Business Degree_relative_bias": {
        "bias mean": 69.28320114697611,
        "bias sd": 41.27622190182611,
        "wasserstein mean": 0.09743912424994364,
        "wasserstein sd": 0.059320573922382824
    },
    "major_discipline_Humanities_relative_bias": {
        "bias mean": 2.712728712317987,
        "bias sd": 2.0021603356101227,
        "wasserstein mean": 0.005598281940929907,
        "wasserstein sd": 0.004181170608673339
    },
    "major_discipline_No Major_relative_bias": {
        "bias mean": 100.0,
        "bias sd": 0.0,
        "wasserstein mean": 0.10880651612427901,
        "wasserstein sd": 0.016586867051869215
    },
    "major_discipline_Other_relative_bias": {
        "bias mean": 33.36441910709112,
        "bias sd": 35.89704982204961,
        "wasserstein mean": 0.047129992040278026,
        "wasserstein sd": 0.05169873517147451
    },
    "major_discipline_STEM_relative_bias": {
        "bias mean": 3.5814339472314343,
        "bias sd": 1.1901329231904922,
        "wasserstein mean": 0.10306816057531482,
        "wasserstein sd": 0.03418142167367905
    },
    "company_size_100-500_relative_bias": {
        "bias mean": 1.695522348478342,
        "bias sd": 1.5996936821945607,
        "wasserstein mean": 0.008445326182247715,
        "wasserstein sd": 0.007916403530226638
    },
    "company_size_1000-4999_relative_bias": {
        "bias mean": 5.430288814116536,
        "bias sd": 1.9771657359380974,
        "wasserstein mean": 0.018591290846369565,
        "wasserstein sd": 0.00688200785302786
    },
    "company_size_10000+_relative_bias": {
        "bias mean": 1.5483994848275315,
        "bias sd": 1.1502302413233256,
        "wasserstein mean": 0.006819139350400127,
        "wasserstein sd": 0.005086523761883072
    },
    "company_size_50-99_relative_bias": {
        "bias mean": 2.0330027405615563,
        "bias sd": 1.9790413790800725,
        "wasserstein mean": 0.010909391292520762,
        "wasserstein sd": 0.010639915341875783
    },
    "company_size_500-999_relative_bias": {
        "bias mean": 2.1118198276598745,
        "bias sd": 1.4105437564439238,
        "wasserstein mean": 0.005559174328906469,
        "wasserstein sd": 0.003714794579775612
    },
    "company_size_5000-9999_relative_bias": {
        "bias mean": 5.455309848899362,
        "bias sd": 2.73488461978925,
        "wasserstein mean": 0.011585999179172737,
        "wasserstein sd": 0.005759522248660558
    },
    "company_size_<10_relative_bias": {
        "bias mean": 3.4859061459575402,
        "bias sd": 2.006312987290385,
        "wasserstein mean": 0.011204233596368386,
        "wasserstein sd": 0.00642117035097547
    },
    "company_type_Funded Startup_relative_bias": {
        "bias mean": 1.9484499644192024,
        "bias sd": 1.3462790425478306,
        "wasserstein mean": 0.006046725539892639,
        "wasserstein sd": 0.004242704458177302
    },
    "company_type_NGO_relative_bias": {
        "bias mean": 6.9868399282275,
        "bias sd": 2.884968219896692,
        "wasserstein mean": 0.01414975280893427,
        "wasserstein sd": 0.005955895359935335
    },
    "company_type_Other_relative_bias": {
        "bias mean": 100.0,
        "bias sd": 0.0,
        "wasserstein mean": 0.09069942416197074,
        "wasserstein sd": 0.019069901908887486
    },
    "company_type_Public Sector_relative_bias": {
        "bias mean": 5.177366183840239,
        "bias sd": 2.399435862515499,
        "wasserstein mean": 0.01347572589134297,
        "wasserstein sd": 0.006509621228042527
    },
    "company_type_Pvt Ltd_relative_bias": {
        "bias mean": 1.849638846030797,
        "bias sd": 0.5195407549297957,
        "wasserstein mean": 0.03279391147842617,
        "wasserstein sd": 0.009160696410621545
    },
    "last_new_job_2_relative_bias": {
        "bias mean": 1.294952133558829,
        "bias sd": 1.2932824546768962,
        "wasserstein mean": 0.006015339675048963,
        "wasserstein sd": 0.006005679600543015
    },
    "last_new_job_3_relative_bias": {
        "bias mean": 3.0743479382014987,
        "bias sd": 2.010014091857948,
        "wasserstein mean": 0.008296787493452971,
        "wasserstein sd": 0.005471251242919351
    },
    "last_new_job_4_relative_bias": {
        "bias mean": 1.721648695664787,
        "bias sd": 1.2550061275333184,
        "wasserstein mean": 0.004610056789701259,
        "wasserstein sd": 0.003362228748811417
    },
    "last_new_job_>4_relative_bias": {
        "bias mean": 2.529310033547231,
        "bias sd": 1.453245280802016,
        "wasserstein mean": 0.013376289763553312,
        "wasserstein sd": 0.0076644384620623805
    },
    "last_new_job_never_relative_bias": {
        "bias mean": 4.08699168349343,
        "bias sd": 2.529845236911444,
        "wasserstein mean": 0.008507062966189164,
        "wasserstein sd": 0.0053563632152875025
    }
}