{
    "MMDs": {
        "mean": 0.03197642134146971,
        "sd": 0.005217979489277156
    },
    "auroc": {
        "mean": 0.7135641628686994,
        "sd": 0.06313508936914176
    },
    "auprc": {
        "mean": 0.3753900090554184,
        "sd": 0.06412902740089894
    },
    "remaining samples": {
        "mean": 2250.0,
        "sd": 0.0
    },
    "all_samples": 2250,
    "city_development_index_relative_bias": {
        "bias mean": 0.1331899986871729,
        "bias sd": 0.09986423351059881,
        "wasserstein mean": 0.018991723942681355,
        "wasserstein sd": 0.006144565621694171
    },
    "experience_relative_bias": {
        "bias mean": 0.4719469753278019,
        "bias sd": 0.4140763563827635,
        "wasserstein mean": 0.02548581033474068,
        "wasserstein sd": 0.009287625863279289
    },
    "training_hours_relative_bias": {
        "bias mean": 0.7294573031173562,
        "bias sd": 0.6753663418148703,
        "wasserstein mean": 0.028270431073480616,
        "wasserstein sd": 0.008943234018395788
    },
    "target_relative_bias": {
        "bias mean": 5.114434875522018,
        "bias sd": 3.6740448121002203,
        "wasserstein mean": 0.008394141224374917,
        "wasserstein sd": 0.00595643052800371
    },
    "gender_Male_relative_bias": {
        "bias mean": 1.3392250754117223,
        "bias sd": 0.2673353529726717,
        "wasserstein mean": 0.040498595692908826,
        "wasserstein sd": 0.007995280464786545
    },
    "gender_Other_relative_bias": {
        "bias mean": 100.0,
        "bias sd": 0.0,
        "wasserstein mean": 0.09471250661107043,
        "wasserstein sd": 0.017624144160723876
    },
    "relevent_experience_No relevent experience_relative_bias": {
        "bias mean": 9.237267819765203,
        "bias sd": 1.9716520352765952,
        "wasserstein mean": 0.03450181788375299,
        "wasserstein sd": 0.007531025250200091
    },
    "enrolled_university_Part time course_relative_bias": {
        "bias mean": 4.060153241214977,
        "bias sd": 2.1759481227818234,
        "wasserstein mean": 0.01016270388080585,
        "wasserstein sd": 0.005478344499266627
    },
    "enrolled_university_no_enrollment_relative_bias": {
        "bias mean": 0.33692850304663924,
        "bias sd": 0.23483516983702052,
        "wasserstein mean": 0.007962620992833415,
        "wasserstein sd": 0.0055500172911186
    },
    "education_level_Masters_relative_bias": {
        "bias mean": 1.430500279814937,
        "bias sd": 1.2685401950724609,
        "wasserstein mean": 0.00878837291474407,
        "wasserstein sd": 0.007817849483486574
    },
    "education_level_Phd_relative_bias": {
        "bias mean": 4.70741804343688,
        "bias sd": 3.063817460489744,
        "wasserstein mean": 0.008097040222083785,
        "wasserstein sd": 0.005507187536142649
    },
    "major_discipline_Business Degree_relative_bias": {
        "bias mean": 72.22706269302216,
        "bias sd": 40.73240938526772,
        "wasserstein mean": 0.10100531673723154,
        "wasserstein sd": 0.058523436894064536
    },
    "major_discipline_Humanities_relative_bias": {
        "bias mean": 2.6465349568824794,
        "bias sd": 1.887728558613455,
        "wasserstein mean": 0.0055585506631805216,
        "wasserstein sd": 0.004005273872752808
    },
    "major_discipline_No Major_relative_bias": {
        "bias mean": 100.0,
        "bias sd": 0.0,
        "wasserstein mean": 0.11165715326521183,
        "wasserstein sd": 0.017038564241519817
    },
    "major_discipline_Other_relative_bias": {
        "bias mean": 37.9947868891908,
        "bias sd": 40.33218723078289,
        "wasserstein mean": 0.054651739777296066,
        "wasserstein sd": 0.05923039399954636
    },
    "major_discipline_STEM_relative_bias": {
        "bias mean": 3.806980785326146,
        "bias sd": 1.3583208704989318,
        "wasserstein mean": 0.10942732162646926,
        "wasserstein sd": 0.03886175288357766
    },
    "company_size_100-500_relative_bias": {
        "bias mean": 1.6197095783321476,
        "bias sd": 1.5726450151405456,
        "wasserstein mean": 0.008137460605099617,
        "wasserstein sd": 0.00788063159550524
    },
    "company_size_1000-4999_relative_bias": {
        "bias mean": 5.163431420488623,
        "bias sd": 1.9753044787013683,
        "wasserstein mean": 0.017570652619843138,
        "wasserstein sd": 0.006792802487129309
    },
    "company_size_10000+_relative_bias": {
        "bias mean": 1.5476452850248428,
        "bias sd": 1.2807069362988925,
        "wasserstein mean": 0.006823174656630826,
        "wasserstein sd": 0.005650525334759399
    },
    "company_size_50-99_relative_bias": {
        "bias mean": 1.9177622518421993,
        "bias sd": 1.828897205759631,
        "wasserstein mean": 0.010253963182522658,
        "wasserstein sd": 0.009803757711947546
    },
    "company_size_500-999_relative_bias": {
        "bias mean": 2.0002772761984677,
        "bias sd": 1.4825209258675527,
        "wasserstein mean": 0.005314952963556265,
        "wasserstein sd": 0.003960379359311323
    },
    "company_size_5000-9999_relative_bias": {
        "bias mean": 5.110527791859706,
        "bias sd": 2.6385138361386864,
        "wasserstein mean": 0.010910298175847944,
        "wasserstein sd": 0.005702774482579765
    },
    "company_size_<10_relative_bias": {
        "bias mean": 3.282929096485455,
        "bias sd": 1.9665897177446305,
        "wasserstein mean": 0.010498224483040185,
        "wasserstein sd": 0.0062499123896390734
    },
    "company_type_Funded Startup_relative_bias": {
        "bias mean": 1.723337415552756,
        "bias sd": 1.2754698569621656,
        "wasserstein mean": 0.005358209948532926,
        "wasserstein sd": 0.003997471210668697
    },
    "company_type_NGO_relative_bias": {
        "bias mean": 7.053918267984507,
        "bias sd": 2.9676056544637475,
        "wasserstein mean": 0.014317118922038434,
        "wasserstein sd": 0.006149013176155363
    },
    "company_type_Other_relative_bias": {
        "bias mean": 100.0,
        "bias sd": 0.0,
        "wasserstein mean": 0.0891676116650132,
        "wasserstein sd": 0.016982105146467384
    },
    "company_type_Public Sector_relative_bias": {
        "bias mean": 5.149745718899817,
        "bias sd": 2.491901607925154,
        "wasserstein mean": 0.013361589655237064,
        "wasserstein sd": 0.006575602711483315
    },
    "company_type_Pvt Ltd_relative_bias": {
        "bias mean": 1.8176674348688595,
        "bias sd": 0.4657276077454368,
        "wasserstein mean": 0.03221841964649373,
        "wasserstein sd": 0.008217670580048466
    },
    "last_new_job_2_relative_bias": {
        "bias mean": 1.3714589609440606,
        "bias sd": 1.1256699202522238,
        "wasserstein mean": 0.006335595098739931,
        "wasserstein sd": 0.005220502913543543
    },
    "last_new_job_3_relative_bias": {
        "bias mean": 3.289294013968412,
        "bias sd": 1.9721492473069817,
        "wasserstein mean": 0.00890874130666874,
        "wasserstein sd": 0.005391135976558563
    },
    "last_new_job_4_relative_bias": {
        "bias mean": 1.8348997749119542,
        "bias sd": 1.364941603287564,
        "wasserstein mean": 0.004927104380899007,
        "wasserstein sd": 0.0036904303549778416
    },
    "last_new_job_>4_relative_bias": {
        "bias mean": 2.2694356777675466,
        "bias sd": 1.4016027322039315,
        "wasserstein mean": 0.012036912332270933,
        "wasserstein sd": 0.007427134428956542
    },
    "last_new_job_never_relative_bias": {
        "bias mean": 4.239679049665355,
        "bias sd": 2.519260542833525,
        "wasserstein mean": 0.008814586095666061,
        "wasserstein sd": 0.00530329678150922
    }
}