{"logistig regression p values": {"GBS": 0.4525927558155326, "Weighted kmm": 0.00022273411447625978, "Weighted uniform": 0.4525927558155326}}