{
    "MMDs": {
        "mean": 0.027260937342120005,
        "sd": 0.004253272817113646
    },
    "auroc": {
        "mean": 0.7276775226245524,
        "sd": 0.00961786344571338
    },
    "auprc": {
        "mean": 0.36820169839710826,
        "sd": 0.028022697432419117
    },
    "remaining samples": {
        "mean": 2250.0,
        "sd": 0.0
    },
    "all_samples": 2250,
    "city_development_index_relative_bias": {
        "bias mean": 0.07867612042239631,
        "bias sd": 0.057780969445788866,
        "wasserstein mean": 0.009893499111665715,
        "wasserstein sd": 0.0033000939405555944
    },
    "experience_relative_bias": {
        "bias mean": 0.2868554582919041,
        "bias sd": 0.25970349375184365,
        "wasserstein mean": 0.012874293740214964,
        "wasserstein sd": 0.004050452963526983
    },
    "training_hours_relative_bias": {
        "bias mean": 0.3746434603833834,
        "bias sd": 0.32622818950402654,
        "wasserstein mean": 0.014275445416804672,
        "wasserstein sd": 0.0031631422450463407
    },
    "target_relative_bias": {
        "bias mean": 5.780975690815342,
        "bias sd": 3.3848527075950345,
        "wasserstein mean": 0.009645314444535064,
        "wasserstein sd": 0.00579528390849053
    },
    "gender_Male_relative_bias": {
        "bias mean": 0.35616335432716323,
        "bias sd": 0.18668070290113942,
        "wasserstein mean": 0.010754643687511061,
        "wasserstein sd": 0.005615892845589893
    },
    "gender_Other_relative_bias": {
        "bias mean": 100.0,
        "bias sd": 0.0,
        "wasserstein mean": 0.09750196685486524,
        "wasserstein sd": 0.020157642102537943
    },
    "relevent_experience_No relevent experience_relative_bias": {
        "bias mean": 2.553486715252875,
        "bias sd": 1.554049793473372,
        "wasserstein mean": 0.00951408201470441,
        "wasserstein sd": 0.005806476984079304
    },
    "enrolled_university_Part time course_relative_bias": {
        "bias mean": 2.2316555295608174,
        "bias sd": 1.5334454592856397,
        "wasserstein mean": 0.005649878517856166,
        "wasserstein sd": 0.003925052506191718
    },
    "enrolled_university_no_enrollment_relative_bias": {
        "bias mean": 0.13654076276237773,
        "bias sd": 0.1433736743886119,
        "wasserstein mean": 0.00321927377049377,
        "wasserstein sd": 0.0033679564550135065
    },
    "education_level_Masters_relative_bias": {
        "bias mean": 1.2714714046498585,
        "bias sd": 1.0750241503457763,
        "wasserstein mean": 0.007860422837292528,
        "wasserstein sd": 0.006486903188833798
    },
    "education_level_Phd_relative_bias": {
        "bias mean": 6.2007670098223455,
        "bias sd": 3.617581878992116,
        "wasserstein mean": 0.010089549395776252,
        "wasserstein sd": 0.005605836680637812
    },
    "major_discipline_Business Degree_relative_bias": {
        "bias mean": 56.92277856172664,
        "bias sd": 47.74902341472095,
        "wasserstein mean": 0.0835519239338716,
        "wasserstein sd": 0.07185352873961898
    },
    "major_discipline_Humanities_relative_bias": {
        "bias mean": 5.305767248901936,
        "bias sd": 4.098699477948165,
        "wasserstein mean": 0.011008392946797393,
        "wasserstein sd": 0.008663710047692908
    },
    "major_discipline_No Major_relative_bias": {
        "bias mean": 100.0,
        "bias sd": 0.0,
        "wasserstein mean": 0.11715686734519608,
        "wasserstein sd": 0.01643401764463222
    },
    "major_discipline_Other_relative_bias": {
        "bias mean": 27.17274276476307,
        "bias sd": 37.1163780668743,
        "wasserstein mean": 0.03686475523093134,
        "wasserstein sd": 0.050475659823325185
    },
    "major_discipline_STEM_relative_bias": {
        "bias mean": 0.554639091663842,
        "bias sd": 0.4915773436484589,
        "wasserstein mean": 0.01595104609986301,
        "wasserstein sd": 0.014169142906340757
    },
    "company_size_100-500_relative_bias": {
        "bias mean": 1.482019585532093,
        "bias sd": 0.9829959542718584,
        "wasserstein mean": 0.007438706101395576,
        "wasserstein sd": 0.004813572392746154
    },
    "company_size_1000-4999_relative_bias": {
        "bias mean": 3.356968231561384,
        "bias sd": 2.1221075416639272,
        "wasserstein mean": 0.011454706814927752,
        "wasserstein sd": 0.007236432744953293
    },
    "company_size_10000+_relative_bias": {
        "bias mean": 2.1332725286752394,
        "bias sd": 1.4955213251743675,
        "wasserstein mean": 0.009422265434801102,
        "wasserstein sd": 0.0068320511235052004
    },
    "company_size_50-99_relative_bias": {
        "bias mean": 1.9097287128108977,
        "bias sd": 1.3581829121053328,
        "wasserstein mean": 0.010287843099901241,
        "wasserstein sd": 0.007444263211433129
    },
    "company_size_500-999_relative_bias": {
        "bias mean": 2.689625222743191,
        "bias sd": 2.4146695294566163,
        "wasserstein mean": 0.007160391993513505,
        "wasserstein sd": 0.00651459888874452
    },
    "company_size_5000-9999_relative_bias": {
        "bias mean": 4.273800676322896,
        "bias sd": 2.678171592159159,
        "wasserstein mean": 0.008737005150732351,
        "wasserstein sd": 0.005353939172772143
    },
    "company_size_<10_relative_bias": {
        "bias mean": 2.7260911886077586,
        "bias sd": 1.3809177603992424,
        "wasserstein mean": 0.00895367272798522,
        "wasserstein sd": 0.0048218150684537255
    },
    "company_type_Funded Startup_relative_bias": {
        "bias mean": 1.7501218788607453,
        "bias sd": 1.1255478460737887,
        "wasserstein mean": 0.0055255138593891025,
        "wasserstein sd": 0.0036592496314340863
    },
    "company_type_NGO_relative_bias": {
        "bias mean": 3.7706819875373845,
        "bias sd": 3.6173275600089623,
        "wasserstein mean": 0.007350785311315859,
        "wasserstein sd": 0.006855377715955666
    },
    "company_type_Other_relative_bias": {
        "bias mean": 100.0,
        "bias sd": 0.0,
        "wasserstein mean": 0.08868388140281579,
        "wasserstein sd": 0.01970752920062578
    },
    "company_type_Public Sector_relative_bias": {
        "bias mean": 2.1249583762055586,
        "bias sd": 1.7874515851525223,
        "wasserstein mean": 0.00558899415153334,
        "wasserstein sd": 0.004840723227205179
    },
    "company_type_Pvt Ltd_relative_bias": {
        "bias mean": 0.5257464172300502,
        "bias sd": 0.25615897508459673,
        "wasserstein mean": 0.009291239361422536,
        "wasserstein sd": 0.004505097152882932
    },
    "last_new_job_2_relative_bias": {
        "bias mean": 1.5485884008198014,
        "bias sd": 1.1308074025355888,
        "wasserstein mean": 0.007216974098878358,
        "wasserstein sd": 0.005333002095512542
    },
    "last_new_job_3_relative_bias": {
        "bias mean": 3.58547009833208,
        "bias sd": 2.0279904662595003,
        "wasserstein mean": 0.010015420308623634,
        "wasserstein sd": 0.005873314745113552
    },
    "last_new_job_4_relative_bias": {
        "bias mean": 2.8345243839281418,
        "bias sd": 1.3846752099480693,
        "wasserstein mean": 0.007615311602864794,
        "wasserstein sd": 0.003799274631246323
    },
    "last_new_job_>4_relative_bias": {
        "bias mean": 2.1982832802743077,
        "bias sd": 1.259369521943542,
        "wasserstein mean": 0.011772760561455835,
        "wasserstein sd": 0.0067501537491706795
    },
    "last_new_job_never_relative_bias": {
        "bias mean": 3.540879133476369,
        "bias sd": 2.273876431556943,
        "wasserstein mean": 0.007125067907701327,
        "wasserstein sd": 0.004406359288276446
    }
}