{
    "MMDs": {
        "mean": 0.03660567739115351,
        "sd": 0.003653876442052106
    },
    "auroc": {
        "mean": 0.7232721798155869,
        "sd": 0.05254003315854707
    },
    "auprc": {
        "mean": 0.37463235226813624,
        "sd": 0.05314562676539891
    },
    "remaining samples": {
        "mean": 2250.0,
        "sd": 0.0
    },
    "all_samples": 2250,
    "city_development_index_relative_bias": {
        "bias mean": 0.11312561311410285,
        "bias sd": 0.05458231715171653,
        "wasserstein mean": 0.013776058439929104,
        "wasserstein sd": 0.0035175804056414624
    },
    "experience_relative_bias": {
        "bias mean": 0.5377037967156916,
        "bias sd": 0.3428513539757892,
        "wasserstein mean": 0.018906276921144972,
        "wasserstein sd": 0.005244696267271698
    },
    "training_hours_relative_bias": {
        "bias mean": 0.677999937562678,
        "bias sd": 0.6483619737406725,
        "wasserstein mean": 0.019938636142578077,
        "wasserstein sd": 0.005866276601254754
    },
    "target_relative_bias": {
        "bias mean": 4.312615710028707,
        "bias sd": 3.321731207793192,
        "wasserstein mean": 0.00709692209273074,
        "wasserstein sd": 0.005555070414590694
    },
    "gender_Male_relative_bias": {
        "bias mean": 0.9074104734901335,
        "bias sd": 0.402466625053025,
        "wasserstein mean": 0.027419920163863604,
        "wasserstein sd": 0.012081300151698256
    },
    "gender_Other_relative_bias": {
        "bias mean": 100.0,
        "bias sd": 0.0,
        "wasserstein mean": 0.09986956428401221,
        "wasserstein sd": 0.014316034414059129
    },
    "relevent_experience_No relevent experience_relative_bias": {
        "bias mean": 7.354433884427661,
        "bias sd": 3.1610661184873785,
        "wasserstein mean": 0.02770974976897552,
        "wasserstein sd": 0.012181449110986802
    },
    "enrolled_university_Part time course_relative_bias": {
        "bias mean": 7.565784816786769,
        "bias sd": 4.618355795946254,
        "wasserstein mean": 0.019571390413008143,
        "wasserstein sd": 0.01217832250634636
    },
    "enrolled_university_no_enrollment_relative_bias": {
        "bias mean": 0.718907429240914,
        "bias sd": 0.42647169077654623,
        "wasserstein mean": 0.016908641105281966,
        "wasserstein sd": 0.009954959282852876
    },
    "education_level_Masters_relative_bias": {
        "bias mean": 2.2405620219175932,
        "bias sd": 1.7742022594059226,
        "wasserstein mean": 0.01395328206061571,
        "wasserstein sd": 0.011184208261563588
    },
    "education_level_Phd_relative_bias": {
        "bias mean": 25.106288103492965,
        "bias sd": 3.9824843326671484,
        "wasserstein mean": 0.04344959596922874,
        "wasserstein sd": 0.008484678124675633
    },
    "major_discipline_Business Degree_relative_bias": {
        "bias mean": 87.7855758508384,
        "bias sd": 14.41347661447553,
        "wasserstein mean": 0.12181848230361463,
        "wasserstein sd": 0.02348983624415098
    },
    "major_discipline_Humanities_relative_bias": {
        "bias mean": 21.800418042350962,
        "bias sd": 7.7051281191580125,
        "wasserstein mean": 0.04342014802889671,
        "wasserstein sd": 0.012767807814904315
    },
    "major_discipline_No Major_relative_bias": {
        "bias mean": 100.0,
        "bias sd": 0.0,
        "wasserstein mean": 0.11229782676405889,
        "wasserstein sd": 0.01979936306730885
    },
    "major_discipline_Other_relative_bias": {
        "bias mean": 75.57139932615493,
        "bias sd": 17.158963726597403,
        "wasserstein mean": 0.11128669004578814,
        "wasserstein sd": 0.029051233837416018
    },
    "major_discipline_STEM_relative_bias": {
        "bias mean": 2.3692964182070386,
        "bias sd": 0.4946011338293251,
        "wasserstein mean": 0.06818419170743906,
        "wasserstein sd": 0.014211302067336574
    },
    "company_size_100-500_relative_bias": {
        "bias mean": 3.1181786005447676,
        "bias sd": 1.7152026402608314,
        "wasserstein mean": 0.015537804760471886,
        "wasserstein sd": 0.00849640615101014
    },
    "company_size_1000-4999_relative_bias": {
        "bias mean": 5.009108407637168,
        "bias sd": 2.7869823038790393,
        "wasserstein mean": 0.017104676567275462,
        "wasserstein sd": 0.00978189907095652
    },
    "company_size_10000+_relative_bias": {
        "bias mean": 3.39675520780809,
        "bias sd": 2.2567591664277873,
        "wasserstein mean": 0.014997453937698694,
        "wasserstein sd": 0.010084054515020707
    },
    "company_size_50-99_relative_bias": {
        "bias mean": 2.686538886499777,
        "bias sd": 1.8546335196182766,
        "wasserstein mean": 0.014217922073958264,
        "wasserstein sd": 0.009615190452117789
    },
    "company_size_500-999_relative_bias": {
        "bias mean": 5.664312767873986,
        "bias sd": 3.883417942350859,
        "wasserstein mean": 0.014979857633382216,
        "wasserstein sd": 0.010198812400977803
    },
    "company_size_5000-9999_relative_bias": {
        "bias mean": 8.597816306027843,
        "bias sd": 4.748955853971834,
        "wasserstein mean": 0.01912433205854184,
        "wasserstein sd": 0.012378126642958188
    },
    "company_size_<10_relative_bias": {
        "bias mean": 4.898078820223532,
        "bias sd": 3.7604541637032862,
        "wasserstein mean": 0.015364478894884565,
        "wasserstein sd": 0.011610219572428688
    },
    "company_type_Funded Startup_relative_bias": {
        "bias mean": 5.550136031747182,
        "bias sd": 3.3719653439321084,
        "wasserstein mean": 0.01670482457739092,
        "wasserstein sd": 0.009250304196626794
    },
    "company_type_NGO_relative_bias": {
        "bias mean": 11.907213698784869,
        "bias sd": 5.3917283800911235,
        "wasserstein mean": 0.024577240009704883,
        "wasserstein sd": 0.012168594975147074
    },
    "company_type_Other_relative_bias": {
        "bias mean": 100.0,
        "bias sd": 0.0,
        "wasserstein mean": 0.09585025565758881,
        "wasserstein sd": 0.014262592686884732
    },
    "company_type_Public Sector_relative_bias": {
        "bias mean": 8.931637411295169,
        "bias sd": 3.6109951382155105,
        "wasserstein mean": 0.023322691095225247,
        "wasserstein sd": 0.009777433820580678
    },
    "company_type_Pvt Ltd_relative_bias": {
        "bias mean": 1.653164056167094,
        "bias sd": 0.5013402513465737,
        "wasserstein mean": 0.02924075123556701,
        "wasserstein sd": 0.008754829803259319
    },
    "last_new_job_2_relative_bias": {
        "bias mean": 2.8177200540099703,
        "bias sd": 1.619816603713805,
        "wasserstein mean": 0.013055568965135803,
        "wasserstein sd": 0.007396296787632458
    },
    "last_new_job_3_relative_bias": {
        "bias mean": 5.9303789588048925,
        "bias sd": 4.3337399195223005,
        "wasserstein mean": 0.016487225482741678,
        "wasserstein sd": 0.012332718279269798
    },
    "last_new_job_4_relative_bias": {
        "bias mean": 6.539287852570825,
        "bias sd": 3.1264363569573326,
        "wasserstein mean": 0.017273213144426484,
        "wasserstein sd": 0.008091113498906033
    },
    "last_new_job_>4_relative_bias": {
        "bias mean": 2.4346646432989982,
        "bias sd": 1.2635440366057193,
        "wasserstein mean": 0.012777347426812382,
        "wasserstein sd": 0.0067168147987087465
    },
    "last_new_job_never_relative_bias": {
        "bias mean": 11.276874111024654,
        "bias sd": 4.803718706393852,
        "wasserstein mean": 0.024211588653067495,
        "wasserstein sd": 0.01129296281445225
    }
}