{"MMDs": {"mean": 0.04526387038705108, "sd": 0.0049822930359992}, "auroc": {"mean": 0.7301305990908566, "sd": 0.01036690043163905}, "auprc": {"mean": 0.3782068262862913, "sd": 0.022061437033514052}, "remaining samples": {"mean": 2250.0, "sd": 0.0}, "all_samples": 2250, "city_development_index_relative_bias": {"bias mean": 0.336344891529621, "bias sd": 0.27182381882064116, "wasserstein mean": 0.030100705079145695, "wasserstein sd": 0.017371606943324486}, "experience_relative_bias": {"bias mean": 1.4795442068010316, "bias sd": 0.8788196511848517, "wasserstein mean": 0.03106536753456294, "wasserstein sd": 0.01362498606713456}, "training_hours_relative_bias": {"bias mean": 2.959491608273218, "bias sd": 1.3750988332703449, "wasserstein mean": 0.039115984205235946, "wasserstein sd": 0.011484339870029052}, "target_relative_bias": {"bias mean": 5.820381753738711, "bias sd": 5.005254541089023, "wasserstein mean": 0.009488017647637403, "wasserstein sd": 0.007896771647852375}, "gender_Male_relative_bias": {"bias mean": 1.5397113401905673, "bias sd": 0.6618468329986626, "wasserstein mean": 0.04661469475053318, "wasserstein sd": 0.019978933337813386}, "gender_Other_relative_bias": {"bias mean": 100.0, "bias sd": 0.0, "wasserstein mean": 0.09126011908711457, "wasserstein sd": 0.01903836266242686}, "relevent_experience_No relevent experience_relative_bias": {"bias mean": 17.566822981751965, "bias sd": 7.526385180681408, "wasserstein mean": 0.06775975913500756, "wasserstein sd": 0.03008436536670193}, "enrolled_university_Part time course_relative_bias": {"bias mean": 11.993585438643708, "bias sd": 8.89086906024813, "wasserstein mean": 0.03172447238773521, "wasserstein sd": 0.026224179309312753}, "enrolled_university_no_enrollment_relative_bias": {"bias mean": 1.438355090249116, "bias sd": 0.8004499603112096, "wasserstein mean": 0.03390177815227359, "wasserstein sd": 0.018675069303355458}, "education_level_Masters_relative_bias": {"bias mean": 4.7410532728654005, "bias sd": 3.4111907274667055, "wasserstein mean": 0.028865579812028457, "wasserstein sd": 0.02082328031866758}, "education_level_Phd_relative_bias": {"bias mean": 42.9448899649111, "bias sd": 8.251548309547141, "wasserstein mean": 0.07450316166622917, "wasserstein sd": 0.017549487007853054}, "major_discipline_Business Degree_relative_bias": {"bias mean": 83.79226560426757, "bias sd": 17.595107116585805, "wasserstein mean": 0.11983837991362412, "wasserstein sd": 0.02986103232845634}, "major_discipline_Humanities_relative_bias": {"bias mean": 9.978784898791062, "bias sd": 7.0558825503586275, "wasserstein mean": 0.019100521755925474, "wasserstein sd": 0.012525829525506496}, "major_discipline_No Major_relative_bias": {"bias mean": 100.0, "bias sd": 0.0, "wasserstein mean": 0.11445740035567535, "wasserstein sd": 0.01647829968017285}, "major_discipline_Other_relative_bias": {"bias mean": 78.92499939948866, "bias sd": 13.930096380370928, "wasserstein mean": 0.11308917674502772, "wasserstein sd": 0.02372696807871764}, "major_discipline_STEM_relative_bias": {"bias mean": 3.808242933599101, "bias sd": 0.9899041380495133, "wasserstein mean": 0.10966580850944965, "wasserstein sd": 0.028400598040503884}, "company_size_100-500_relative_bias": {"bias mean": 4.837037631897859, "bias sd": 3.9824169573359547, "wasserstein mean": 0.023803468491117405, "wasserstein sd": 0.019115684625708288}, "company_size_1000-4999_relative_bias": {"bias mean": 9.167546174000647, "bias sd": 4.99847692881711, "wasserstein mean": 0.03149016040864226, "wasserstein sd": 0.018293785104899908}, "company_size_10000+_relative_bias": {"bias mean": 4.303547582959273, "bias sd": 3.571528041803122, "wasserstein mean": 0.018815752728527792, "wasserstein sd": 0.015359770690225902}, "company_size_50-99_relative_bias": {"bias mean": 5.537862095974299, "bias sd": 4.28094825678671, "wasserstein mean": 0.02910078687233526, "wasserstein sd": 0.021789234492213667}, "company_size_500-999_relative_bias": {"bias mean": 8.618640822967311, "bias sd": 6.165030733952677, "wasserstein mean": 0.022674679524717124, "wasserstein sd": 0.016221124332732418}, "company_size_5000-9999_relative_bias": {"bias mean": 15.081574625190552, "bias sd": 12.21619716168108, "wasserstein mean": 0.03272300819793348, "wasserstein sd": 0.02688241362046458}, "company_size_<10_relative_bias": {"bias mean": 6.846076546353215, "bias sd": 3.611476644505224, "wasserstein mean": 0.022507562012292544, "wasserstein sd": 0.01230266545503407}, "company_type_Funded Startup_relative_bias": {"bias mean": 6.539609545063547, "bias sd": 5.489594967237446, "wasserstein mean": 0.019381820731579028, "wasserstein sd": 0.015486041601109396}, "company_type_NGO_relative_bias": {"bias mean": 25.688265460744976, "bias sd": 11.729688963053865, "wasserstein mean": 0.053693135346473166, "wasserstein sd": 0.026492685617731368}, "company_type_Other_relative_bias": {"bias mean": 100.0, "bias sd": 0.0, "wasserstein mean": 0.08666833864366105, "wasserstein sd": 0.0205874974047867}, "company_type_Public Sector_relative_bias": {"bias mean": 18.885205176158074, "bias sd": 9.138689330931966, "wasserstein mean": 0.05047548680480379, "wasserstein sd": 0.02683590584322167}, "company_type_Pvt Ltd_relative_bias": {"bias mean": 3.3994174444228307, "bias sd": 1.250423673950501, "wasserstein mean": 0.06022180399203734, "wasserstein sd": 0.021895668730645936}, "last_new_job_2_relative_bias": {"bias mean": 5.084047697593064, "bias sd": 3.032441683735836, "wasserstein mean": 0.023296085984778357, "wasserstein sd": 0.013891937919074141}, "last_new_job_3_relative_bias": {"bias mean": 10.229129721914166, "bias sd": 6.38559567849727, "wasserstein mean": 0.028582675057428297, "wasserstein sd": 0.017626246724787503}, "last_new_job_4_relative_bias": {"bias mean": 8.520526524115027, "bias sd": 5.0702686405409745, "wasserstein mean": 0.022544673684252642, "wasserstein sd": 0.01395580687408867}, "last_new_job_>4_relative_bias": {"bias mean": 4.259729464278111, "bias sd": 3.1373596468126976, "wasserstein mean": 0.022451616789243123, "wasserstein sd": 0.016352334255925357}, "last_new_job_never_relative_bias": {"bias mean": 17.46609386229479, "bias sd": 6.971133190315443, "wasserstein mean": 0.038413850658016065, "wasserstein sd": 0.017264290002775313}}