{
    "MMDs": {
        "mean": 0.007678158380994052,
        "sd": 0.0008567044009257689
    },
    "auroc": {
        "mean": 0.7911322460468507,
        "sd": 0.020300048746948473
    },
    "auprc": {
        "mean": 0.6967166181287092,
        "sd": 0.03233695811693492
    },
    "remaining samples": {
        "mean": 2146.56,
        "sd": 5.083935483461607
    },
    "all_samples": 2149,
    "AGEP_relative_bias": {
        "bias mean": 0.15367471263288987,
        "bias sd": 0.11567191052931255,
        "wasserstein mean": 0.02304493350012281,
        "wasserstein sd": 0.004789420787216771
    },
    "WKHP_relative_bias": {
        "bias mean": 0.15125589703771591,
        "bias sd": 0.12563058360993185,
        "wasserstein mean": 0.031152424462372173,
        "wasserstein sd": 0.009213576771561987
    },
    "COW_Employee of a private for-profit company or business, or of an individual, for wages, salary, or commissions_relative_bias": {
        "bias mean": 0.8146579755604896,
        "bias sd": 0.2346054330021503,
        "wasserstein mean": 0.011145949798650388,
        "wasserstein sd": 0.003175666679971062
    },
    "COW_Employee of a private not-for-profit, tax-exempt, or charitable organization_relative_bias": {
        "bias mean": 1.3507938900277403,
        "bias sd": 0.8680947432410108,
        "wasserstein mean": 0.0037087200447538282,
        "wasserstein sd": 0.0023502003303402675
    },
    "COW_Federal government employee_relative_bias": {
        "bias mean": 2.5251530741001016,
        "bias sd": 1.67583943283309,
        "wasserstein mean": 0.004138558397144991,
        "wasserstein sd": 0.0027390997378579766
    },
    "COW_Local government employee (city, county, etc.)_relative_bias": {
        "bias mean": 1.2849073714160086,
        "bias sd": 0.8958864753921391,
        "wasserstein mean": 0.003744014420750808,
        "wasserstein sd": 0.002607171444513692
    },
    "COW_Self-employed in own incorporated business, professional practice or farm_relative_bias": {
        "bias mean": 2.3977801435879433,
        "bias sd": 1.6333439871674975,
        "wasserstein mean": 0.00495940405613925,
        "wasserstein sd": 0.0034778645303394774
    },
    "COW_Self-employed in own not incorporated business, professional practice, or farm_relative_bias": {
        "bias mean": 1.7679101281694205,
        "bias sd": 1.1670534281499774,
        "wasserstein mean": 0.005472577859295966,
        "wasserstein sd": 0.003701148382707021
    },
    "COW_State government employee_relative_bias": {
        "bias mean": 2.1386634298016616,
        "bias sd": 1.4459352004300128,
        "wasserstein mean": 0.00463937935480305,
        "wasserstein sd": 0.0032084529965734168
    },
    "COW_Working without pay in family business or farm_relative_bias": {
        "bias mean": 16.190223528614904,
        "bias sd": 10.076188460774295,
        "wasserstein mean": 0.00823269942222303,
        "wasserstein sd": 0.0056900535078766
    },
    "SCHL_1 or more years of college credit, no degree_relative_bias": {
        "bias mean": 1.2733443262921142,
        "bias sd": 0.8414294492594708,
        "wasserstein mean": 0.0055796390686009304,
        "wasserstein sd": 0.003644187838920404
    },
    "SCHL_12th grade - no diploma_relative_bias": {
        "bias mean": 4.553141339322429,
        "bias sd": 2.912329884798458,
        "wasserstein mean": 0.006977878905403404,
        "wasserstein sd": 0.004489914087833925
    },
    "SCHL_Associate's degree_relative_bias": {
        "bias mean": 1.004249976848618,
        "bias sd": 0.8702508787619736,
        "wasserstein mean": 0.002928868547506496,
        "wasserstein sd": 0.0025690702987092974
    },
    "SCHL_Bachelor's degree_relative_bias": {
        "bias mean": 1.3687017094206428,
        "bias sd": 0.6109449911368386,
        "wasserstein mean": 0.007693929031572599,
        "wasserstein sd": 0.003417967244867223
    },
    "SCHL_Doctorate degree_relative_bias": {
        "bias mean": 1.798492072113498,
        "bias sd": 1.3558849699150481,
        "wasserstein mean": 0.0025485735034149943,
        "wasserstein sd": 0.0019298508909156228
    },
    "SCHL_GED or alternative credential_relative_bias": {
        "bias mean": 4.900033369977083,
        "bias sd": 3.528196158650479,
        "wasserstein mean": 0.007345474676411914,
        "wasserstein sd": 0.005413244569609888
    },
    "SCHL_Grade 1_relative_bias": {
        "bias mean": Infinity,
        "bias sd": NaN,
        "wasserstein mean": 0.016294271975988615,
        "wasserstein sd": 0.015213228315046179
    },
    "SCHL_Grade 10_relative_bias": {
        "bias mean": 8.48468636061774,
        "bias sd": 5.119688076048538,
        "wasserstein mean": 0.00778580963705453,
        "wasserstein sd": 0.005028744017077561
    },
    "SCHL_Grade 11_relative_bias": {
        "bias mean": 5.337920841775339,
        "bias sd": 3.050722315649417,
        "wasserstein mean": 0.006951705084611784,
        "wasserstein sd": 0.004324405163304952
    },
    "SCHL_Grade 2_relative_bias": {
        "bias mean": -272505353486076.38,
        "bias sd": 1907537474402702.2,
        "wasserstein mean": 0.010881634598012814,
        "wasserstein sd": 0.013362691012421124
    },
    "SCHL_Grade 3_relative_bias": {
        "bias mean": 11.188028946698594,
        "bias sd": 6.886772611624627,
        "wasserstein mean": 0.00637997381030243,
        "wasserstein sd": 0.004472624431862967
    },
    "SCHL_Grade 4_relative_bias": {
        "bias mean": 16.748344953075264,
        "bias sd": 14.99172745783582,
        "wasserstein mean": 0.007906962407193801,
        "wasserstein sd": 0.007617632393815846
    },
    "SCHL_Grade 5_relative_bias": {
        "bias mean": 10.5563971466347,
        "bias sd": 8.479823553413155,
        "wasserstein mean": 0.005288584618180369,
        "wasserstein sd": 0.004676567768751452
    },
    "SCHL_Grade 6_relative_bias": {
        "bias mean": 3.9974981154789706,
        "bias sd": 2.658345705536282,
        "wasserstein mean": 0.005074856970031222,
        "wasserstein sd": 0.00343202073750028
    },
    "SCHL_Grade 7_relative_bias": {
        "bias mean": 13.83700497463988,
        "bias sd": 14.275103980584461,
        "wasserstein mean": 0.007319179206386401,
        "wasserstein sd": 0.008293014918053284
    },
    "SCHL_Grade 8_relative_bias": {
        "bias mean": 9.06408593096388,
        "bias sd": 5.418140188407204,
        "wasserstein mean": 0.007124008339734069,
        "wasserstein sd": 0.00455593752510698
    },
    "SCHL_Grade 9_relative_bias": {
        "bias mean": 6.414650062697989,
        "bias sd": 4.479183337106117,
        "wasserstein mean": 0.006649658682324405,
        "wasserstein sd": 0.004528311690935316
    },
    "SCHL_Kindergarten_relative_bias": {
        "bias mean": Infinity,
        "bias sd": NaN,
        "wasserstein mean": 0.012231287183228214,
        "wasserstein sd": 0.014736284516043167
    },
    "SCHL_Master's degree_relative_bias": {
        "bias mean": 1.0763465052275631,
        "bias sd": 0.5840707387149507,
        "wasserstein mean": 0.0035814332391691838,
        "wasserstein sd": 0.0018901650279569437
    },
    "SCHL_No schooling completed_relative_bias": {
        "bias mean": 4.646602245123613,
        "bias sd": 2.734843349685952,
        "wasserstein mean": 0.00646488276713342,
        "wasserstein sd": 0.0042879187561848334
    },
    "SCHL_Nursery school, preschool_relative_bias": {
        "bias mean": 1.0496885778166388e+16,
        "bias sd": 1.9268682386892052e+16,
        "wasserstein mean": 0.011192320783895371,
        "wasserstein sd": 0.01726631728137616
    },
    "SCHL_Professional degree beyond a bachelor's degree_relative_bias": {
        "bias mean": 1.1084850923706684,
        "bias sd": 0.7917952682244657,
        "wasserstein mean": 0.0019430877174334352,
        "wasserstein sd": 0.0013630985342944959
    },