{
    "MMDs": {
        "mean": 0.009475518589240013,
        "sd": 0.0013331596018287973
    },
    "auroc": {
        "mean": 0.7760474207951238,
        "sd": 0.025038420739117235
    },
    "auprc": {
        "mean": 0.6715988236859175,
        "sd": 0.03827051657316758
    },
    "remaining samples": {
        "mean": 1793.08,
        "sd": 10.063478523850488
    },
    "all_samples": 1799,
    "AGEP_relative_bias": {
        "bias mean": 0.1629560846637794,
        "bias sd": 0.11801629460311648,
        "wasserstein mean": 0.025939912325361966,
        "wasserstein sd": 0.005894596880798725
    },
    "WKHP_relative_bias": {
        "bias mean": 0.23602872505967107,
        "bias sd": 0.16642269440789417,
        "wasserstein mean": 0.0354433601461472,
        "wasserstein sd": 0.010417620778861724
    },
    "COW_Employee of a private for-profit company or business, or of an individual, for wages, salary, or commissions_relative_bias": {
        "bias mean": 0.8694001254531116,
        "bias sd": 0.26653515703115027,
        "wasserstein mean": 0.011898643462529302,
        "wasserstein sd": 0.0036196207067451763
    },
    "COW_Employee of a private not-for-profit, tax-exempt, or charitable organization_relative_bias": {
        "bias mean": 1.3510644935573657,
        "bias sd": 1.066640383950582,
        "wasserstein mean": 0.003695331578012499,
        "wasserstein sd": 0.002881087559206592
    },
    "COW_Federal government employee_relative_bias": {
        "bias mean": 2.5470641784426555,
        "bias sd": 1.743473179616855,
        "wasserstein mean": 0.004174406276820271,
        "wasserstein sd": 0.0028696416464376617
    },
    "COW_Local government employee (city, county, etc.)_relative_bias": {
        "bias mean": 1.1871654453478213,
        "bias sd": 0.9328428418693022,
        "wasserstein mean": 0.0034729704262449266,
        "wasserstein sd": 0.0027272168193081432
    },
    "COW_Self-employed in own incorporated business, professional practice or farm_relative_bias": {
        "bias mean": 2.5236873696811384,
        "bias sd": 1.677683893208829,
        "wasserstein mean": 0.005214300090588843,
        "wasserstein sd": 0.003585697402347051
    },
    "COW_Self-employed in own not incorporated business, professional practice, or farm_relative_bias": {
        "bias mean": 2.0838887399435704,
        "bias sd": 1.4030795968523921,
        "wasserstein mean": 0.006461013127498021,
        "wasserstein sd": 0.004376563398287274
    },
    "COW_State government employee_relative_bias": {
        "bias mean": 2.1218162703753767,
        "bias sd": 1.4377068781865638,
        "wasserstein mean": 0.004561974678514919,
        "wasserstein sd": 0.0031335423170892043
    },
    "COW_Working without pay in family business or farm_relative_bias": {
        "bias mean": 19.83785521874971,
        "bias sd": 16.090963859028577,
        "wasserstein mean": 0.010143404400866949,
        "wasserstein sd": 0.00808638311922467
    },
    "SCHL_1 or more years of college credit, no degree_relative_bias": {
        "bias mean": 1.4306687554955184,
        "bias sd": 0.8874489887005744,
        "wasserstein mean": 0.006288292345262125,
        "wasserstein sd": 0.0038727412573583806
    },
    "SCHL_12th grade - no diploma_relative_bias": {
        "bias mean": 5.465252821172593,
        "bias sd": 3.3026536820847747,
        "wasserstein mean": 0.008392337370766875,
        "wasserstein sd": 0.00508248168161439
    },
    "SCHL_Associate's degree_relative_bias": {
        "bias mean": 1.3243217175706101,
        "bias sd": 1.174646087865195,
        "wasserstein mean": 0.0038715332638193153,
        "wasserstein sd": 0.0034664855615991735
    },
    "SCHL_Bachelor's degree_relative_bias": {
        "bias mean": 1.7810383528171436,
        "bias sd": 0.6798610562568065,
        "wasserstein mean": 0.010002390573599768,
        "wasserstein sd": 0.0037725816463019183
    },
    "SCHL_Doctorate degree_relative_bias": {
        "bias mean": 1.6654844646124463,
        "bias sd": 1.3050978636560753,
        "wasserstein mean": 0.0023546500351015708,
        "wasserstein sd": 0.0018654080684684785
    },
    "SCHL_GED or alternative credential_relative_bias": {
        "bias mean": 5.636713097548269,
        "bias sd": 3.5692185499351288,
        "wasserstein mean": 0.00843711761315042,
        "wasserstein sd": 0.005421663542069216
    },
    "SCHL_Grade 1_relative_bias": {
        "bias mean": Infinity,
        "bias sd": NaN,
        "wasserstein mean": 0.021469351123388564,
        "wasserstein sd": 0.021885421360162038
    },
    "SCHL_Grade 10_relative_bias": {
        "bias mean": 9.308509083456086,
        "bias sd": 5.662592653605266,
        "wasserstein mean": 0.008481013012493576,
        "wasserstein sd": 0.005477130677256103
    },
    "SCHL_Grade 11_relative_bias": {
        "bias mean": 6.681595720202833,
        "bias sd": 3.2759312876458067,
        "wasserstein mean": 0.008533525522359042,
        "wasserstein sd": 0.004446289001813746
    },
    "SCHL_Grade 2_relative_bias": {
        "bias mean": -511331382197931.2,
        "bias sd": 3579319675385739.5,
        "wasserstein mean": 0.015096973791006258,
        "wasserstein sd": 0.01951216429277179
    },
    "SCHL_Grade 3_relative_bias": {
        "bias mean": 14.330326118559183,
        "bias sd": 10.149327620128087,
        "wasserstein mean": 0.008084361352320945,
        "wasserstein sd": 0.006396263253109489
    },
    "SCHL_Grade 4_relative_bias": {
        "bias mean": 24.25339191627534,
        "bias sd": 26.797327103045486,
        "wasserstein mean": 0.012369267920408546,
        "wasserstein sd": 0.01705994324664961
    },
    "SCHL_Grade 5_relative_bias": {
        "bias mean": 14.717056462402095,
        "bias sd": 16.673807112161548,
        "wasserstein mean": 0.007417075901801328,
        "wasserstein sd": 0.009483777380919805
    },
    "SCHL_Grade 6_relative_bias": {
        "bias mean": 4.964881823377621,
        "bias sd": 2.7423101173931883,
        "wasserstein mean": 0.006319067219936938,
        "wasserstein sd": 0.0036660594145878915
    },
    "SCHL_Grade 7_relative_bias": {
        "bias mean": 17.593914951316222,
        "bias sd": 15.170739746941932,
        "wasserstein mean": 0.009467562265067658,
        "wasserstein sd": 0.009179666043239606
    },
    "SCHL_Grade 8_relative_bias": {
        "bias mean": 10.590729712126752,
        "bias sd": 5.835590318373249,
        "wasserstein mean": 0.00824699186951131,
        "wasserstein sd": 0.004838743259406003
    },
    "SCHL_Grade 9_relative_bias": {
        "bias mean": 6.89659729618941,
        "bias sd": 4.593526516816219,
        "wasserstein mean": 0.007130924041551873,
        "wasserstein sd": 0.0046105440603996985
    },
    "SCHL_Kindergarten_relative_bias": {
        "bias mean": Infinity,
        "bias sd": NaN,
        "wasserstein mean": 0.01264666655064195,
        "wasserstein sd": 0.015030610876818212
    },
    "SCHL_Master's degree_relative_bias": {
        "bias mean": 1.4912600963049962,
        "bias sd": 0.7278832901147306,
        "wasserstein mean": 0.0049745679939355815,
        "wasserstein sd": 0.002415918923375466
    },
    "SCHL_No schooling completed_relative_bias": {
        "bias mean": 6.049931813711193,
        "bias sd": 3.0831885307762255,
        "wasserstein mean": 0.008421773393484601,
        "wasserstein sd": 0.004902550214206967
    },
    "SCHL_Nursery school, preschool_relative_bias": {
        "bias mean": 1.1310276825582782e+16,
        "bias sd": 2.227331236578375e+16,
        "wasserstein mean": 0.012349835320601282,
        "wasserstein sd": 0.017354492833130456
    },
    "SCHL_Professional degree beyond a bachelor's degree_relative_bias": {
        "bias mean": 1.0880345885392328,
        "bias sd": 0.9565745312743936,
        "wasserstein mean": 0.0018950520687046302,
        "wasserstein sd": 0.0016102878097690758
    },