{
    "MMDs": {
        "mean": 0.017077602394966442,
        "sd": 0.001346251417366791
    },
    "auroc": {
        "mean": 0.6593674564039725,
        "sd": 0.059893387351963284
    },
    "auprc": {
        "mean": 0.5053053894239243,
        "sd": 0.02888263655734029
    },
    "mse": {
        "mean": 1.293508963451332,
        "sd": 0.06587587951088278
    },
    "remaining samples": {
        "mean": 1236.3,
        "sd": 23.989789494699615
    },
    "all_samples": 1248,
    "AGEP_relative_bias": {
        "bias mean": 0.33297595977295485,
        "bias sd": 0.1768134757568517,
        "wasserstein mean": 0.039811310786532515,
        "wasserstein sd": 0.0076667710978258405
    },
    "WKHP_relative_bias": {
        "bias mean": 0.7646550619272936,
        "bias sd": 0.3362374990159862,
        "wasserstein mean": 0.05820850395098796,
        "wasserstein sd": 0.012097319053039356
    },
    "COW_Employee of a private for-profit company or business, or of an individual, for wages, salary, or commissions_relative_bias": {
        "bias mean": 0.8969609987723443,
        "bias sd": 0.5333435475101884,
        "wasserstein mean": 0.01224563957144721,
        "wasserstein sd": 0.007207919165716129
    },
    "COW_Employee of a private not-for-profit, tax-exempt, or charitable organization_relative_bias": {
        "bias mean": 2.1522811139718705,
        "bias sd": 1.6048425210612964,
        "wasserstein mean": 0.0059703525019113276,
        "wasserstein sd": 0.0045068738802879985
    },
    "COW_Federal government employee_relative_bias": {
        "bias mean": 3.761841531980349,
        "bias sd": 3.733307011531168,
        "wasserstein mean": 0.005870299419779397,
        "wasserstein sd": 0.005577157527959308
    },
    "COW_Local government employee (city, county, etc.)_relative_bias": {
        "bias mean": 1.5486904227660925,
        "bias sd": 0.7928329191548836,
        "wasserstein mean": 0.004496854013184294,
        "wasserstein sd": 0.002197224666290655
    },
    "COW_Self-employed in own incorporated business, professional practice or farm_relative_bias": {
        "bias mean": 2.260917488232994,
        "bias sd": 1.2660173309939315,
        "wasserstein mean": 0.004734396543072326,
        "wasserstein sd": 0.0025889736940927486
    },
    "COW_Self-employed in own not incorporated business, professional practice, or farm_relative_bias": {
        "bias mean": 3.171631892549996,
        "bias sd": 2.1406713698063307,
        "wasserstein mean": 0.009736655290973444,
        "wasserstein sd": 0.006503894899809561
    },
    "COW_State government employee_relative_bias": {
        "bias mean": 3.1854962811385787,
        "bias sd": 2.1433638060724216,
        "wasserstein mean": 0.006619528453514603,
        "wasserstein sd": 0.004175203375071563
    },
    "COW_Working without pay in family business or farm_relative_bias": {
        "bias mean": 33.030268068830175,
        "bias sd": 24.664717667828466,
        "wasserstein mean": 0.015586303110927919,
        "wasserstein sd": 0.013140763163807205
    },
    "SCHL_1 or more years of college credit, no degree_relative_bias": {
        "bias mean": 1.6465205522609765,
        "bias sd": 1.0307915616927932,
        "wasserstein mean": 0.007321622719311494,
        "wasserstein sd": 0.004688057523203823
    },
    "SCHL_12th grade - no diploma_relative_bias": {
        "bias mean": 8.271071657325747,
        "bias sd": 3.3484618343940595,
        "wasserstein mean": 0.01227205399074456,
        "wasserstein sd": 0.005006214407135008
    },
    "SCHL_Associate's degree_relative_bias": {
        "bias mean": 1.6690387641278324,
        "bias sd": 1.7153881630449654,
        "wasserstein mean": 0.004764134100709905,
        "wasserstein sd": 0.004650096202161772
    },
    "SCHL_Bachelor's degree_relative_bias": {
        "bias mean": 4.014022515756055,
        "bias sd": 1.2996877116493053,
        "wasserstein mean": 0.022552174927226148,
        "wasserstein sd": 0.0073516386769314655
    },
    "SCHL_Doctorate degree_relative_bias": {
        "bias mean": 1.7101852574110215,
        "bias sd": 1.060825684270215,
        "wasserstein mean": 0.0023636141139852466,
        "wasserstein sd": 0.0013508706050435468
    },
    "SCHL_GED or alternative credential_relative_bias": {
        "bias mean": 7.1882605060079126,
        "bias sd": 3.1964949384749555,
        "wasserstein mean": 0.010157996324280265,
        "wasserstein sd": 0.0047064848100647795
    },
    "SCHL_Grade 1_relative_bias": {
        "bias mean": Infinity,
        "bias sd": NaN,
        "wasserstein mean": 0.013972182317362187,
        "wasserstein sd": 0.011999729084250257
    },
    "SCHL_Grade 10_relative_bias": {
        "bias mean": 14.81876002577322,
        "bias sd": 7.8867841243168435,
        "wasserstein mean": 0.013402388404918197,
        "wasserstein sd": 0.006449240677272104
    },
    "SCHL_Grade 11_relative_bias": {
        "bias mean": 11.610745568254423,
        "bias sd": 4.084687952204244,
        "wasserstein mean": 0.015088485313929678,
        "wasserstein sd": 0.006008272521780101
    },
    "SCHL_Grade 2_relative_bias": {
        "bias mean": 53.72611180979466,
        "bias sd": 40.256592073872774,
        "wasserstein mean": 0.019463809378695313,
        "wasserstein sd": 0.020474340266934402
    },
    "SCHL_Grade 3_relative_bias": {
        "bias mean": 34.253522267659676,
        "bias sd": 30.702150978992936,
        "wasserstein mean": 0.018604187602039208,
        "wasserstein sd": 0.020019233728850748
    },
    "SCHL_Grade 4_relative_bias": {
        "bias mean": 62.1497991524736,
        "bias sd": 38.68447382304684,
        "wasserstein mean": 0.029978587223714926,
        "wasserstein sd": 0.029346430762102922
    },
    "SCHL_Grade 5_relative_bias": {
        "bias mean": 50.95469335921422,
        "bias sd": 38.47157398466485,
        "wasserstein mean": 0.02820696508912494,
        "wasserstein sd": 0.023015096131029533
    },
    "SCHL_Grade 6_relative_bias": {
        "bias mean": 8.506694956173927,
        "bias sd": 4.430764543017216,
        "wasserstein mean": 0.010906402464526224,
        "wasserstein sd": 0.005872678995511932
    },
    "SCHL_Grade 7_relative_bias": {
        "bias mean": 44.03488309614895,
        "bias sd": 32.542685717413306,
        "wasserstein mean": 0.022448553523939496,
        "wasserstein sd": 0.01809897196122954
    },
    "SCHL_Grade 8_relative_bias": {
        "bias mean": 12.946814811526796,
        "bias sd": 6.418225096012935,
        "wasserstein mean": 0.010244258403851536,
        "wasserstein sd": 0.00669829883974207
    },
    "SCHL_Grade 9_relative_bias": {
        "bias mean": 11.142411626142662,
        "bias sd": 5.931086792715215,
        "wasserstein mean": 0.011530452616196143,
        "wasserstein sd": 0.005940160003173734
    },
    "SCHL_Kindergarten_relative_bias": {
        "bias mean": Infinity,
        "bias sd": NaN,
        "wasserstein mean": 0.010406079395296794,
        "wasserstein sd": 0.014970985408936249
    },
    "SCHL_Master's degree_relative_bias": {
        "bias mean": 2.834857861654233,
        "bias sd": 0.9602222389442044,
        "wasserstein mean": 0.009629908535903961,
        "wasserstein sd": 0.0032842424467890955
    },
    "SCHL_No schooling completed_relative_bias": {
        "bias mean": 9.195852862286687,
        "bias sd": 3.8201029089645844,
        "wasserstein mean": 0.012056511082883841,
        "wasserstein sd": 0.004447450217647459
    },
    "SCHL_Nursery school, preschool_relative_bias": {
        "bias mean": 2291267069179779.5,
        "bias sd": 9987401607217026.0,
        "wasserstein mean": 0.018662727931975695,
        "wasserstein sd": 0.016939779141315035
    },
    "SCHL_Professional degree beyond a bachelor's degree_relative_bias": {
        "bias mean": 2.4997989508169334,
        "bias sd": 2.3796413136065535,
        "wasserstein mean": 0.0038572696938675697,