{
    "MMDs": {
        "mean": 0.042383744318715146,
        "sd": 0.0038818434233955945
    },
    "auroc": {
        "mean": 0.8069093321789839,
        "sd": 0.015874167226168273
    },
    "auprc": {
        "mean": 0.723456196869003,
        "sd": 0.024208614711733387
    },
    "remaining samples": {
        "mean": 2250.0,
        "sd": 0.0
    },
    "all_samples": 2250,
    "AGEP_relative_bias": {
        "bias mean": 0.4757245768824231,
        "bias sd": 0.249495354761125,
        "wasserstein mean": 0.02733830764036933,
        "wasserstein sd": 0.006525867796971007
    },
    "WKHP_relative_bias": {
        "bias mean": 0.4724350547255346,
        "bias sd": 0.20781802410141453,
        "wasserstein mean": 0.032399796611752935,
        "wasserstein sd": 0.009647096137038775
    },
    "COW_Employee of a private for-profit company or business, or of an individual, for wages, salary, or commissions_relative_bias": {
        "bias mean": 0.42826244536675234,
        "bias sd": 0.3256221182184444,
        "wasserstein mean": 0.005903207900580012,
        "wasserstein sd": 0.0045153954799910315
    },
    "COW_Employee of a private not-for-profit, tax-exempt, or charitable organization_relative_bias": {
        "bias mean": 3.1503178142027135,
        "bias sd": 2.1795937539446166,
        "wasserstein mean": 0.008739330909127666,
        "wasserstein sd": 0.006068438360754976
    },
    "COW_Federal government employee_relative_bias": {
        "bias mean": 2.915357020146359,
        "bias sd": 2.154613898505449,
        "wasserstein mean": 0.004695695367505915,
        "wasserstein sd": 0.0035408936832827496
    },
    "COW_Local government employee (city, county, etc.)_relative_bias": {
        "bias mean": 2.4381813354966524,
        "bias sd": 1.5207547721602461,
        "wasserstein mean": 0.007255694734667829,
        "wasserstein sd": 0.004543432917504649
    },
    "COW_Self-employed in own incorporated business, professional practice or farm_relative_bias": {
        "bias mean": 3.538078392174443,
        "bias sd": 2.2476194325721415,
        "wasserstein mean": 0.007174781207914236,
        "wasserstein sd": 0.004722229547851673
    },
    "COW_Self-employed in own not incorporated business, professional practice, or farm_relative_bias": {
        "bias mean": 2.1464202808291812,
        "bias sd": 1.5309683031841326,
        "wasserstein mean": 0.006545451721187169,
        "wasserstein sd": 0.00472724548684699
    },
    "COW_State government employee_relative_bias": {
        "bias mean": 2.276049034591789,
        "bias sd": 1.3003592871297966,
        "wasserstein mean": 0.004713648164017268,
        "wasserstein sd": 0.002707368399116281
    },
    "COW_Working without pay in family business or farm_relative_bias": {
        "bias mean": 100.0,
        "bias sd": 0.0,
        "wasserstein mean": 0.05933030301647756,
        "wasserstein sd": 0.019070998018285882
    },
    "SCHL_1 or more years of college credit, no degree_relative_bias": {
        "bias mean": 2.8403167720404703,
        "bias sd": 2.052669759453652,
        "wasserstein mean": 0.012555107736446308,
        "wasserstein sd": 0.009051057303861411
    },
    "SCHL_12th grade - no diploma_relative_bias": {
        "bias mean": 4.847094110153752,
        "bias sd": 3.3054689492121554,
        "wasserstein mean": 0.007678793226788643,
        "wasserstein sd": 0.005469155510066955
    },
    "SCHL_Associate's degree_relative_bias": {
        "bias mean": 2.9740243922923595,
        "bias sd": 1.6183932794020817,
        "wasserstein mean": 0.008580298350517494,
        "wasserstein sd": 0.004757108689890672
    },
    "SCHL_Bachelor's degree_relative_bias": {
        "bias mean": 5.45924266459078,
        "bias sd": 1.4107822275119484,
        "wasserstein mean": 0.030014657742648283,
        "wasserstein sd": 0.007577137625502865
    },
    "SCHL_Doctorate degree_relative_bias": {
        "bias mean": 5.795326795825756,
        "bias sd": 2.781457152112198,
        "wasserstein mean": 0.008119704394784478,
        "wasserstein sd": 0.003811399451001971
    },
    "SCHL_GED or alternative credential_relative_bias": {
        "bias mean": 4.793736367664168,
        "bias sd": 3.487302171017164,
        "wasserstein mean": 0.006927896642599339,
        "wasserstein sd": 0.005080904353230173
    },
    "SCHL_Grade 1_relative_bias": {
        "bias mean": 100.0,
        "bias sd": 0.0,
        "wasserstein mean": 0.026349002401332394,
        "wasserstein sd": 0.024487860344678123
    },
    "SCHL_Grade 10_relative_bias": {
        "bias mean": 76.58012667211638,
        "bias sd": 39.706117590429514,
        "wasserstein mean": 0.0690875388287965,
        "wasserstein sd": 0.03840760902558876
    },
    "SCHL_Grade 11_relative_bias": {
        "bias mean": 8.860427439535396,
        "bias sd": 5.9404489206046485,
        "wasserstein mean": 0.01136523061642316,
        "wasserstein sd": 0.008252809236253553
    },
    "SCHL_Grade 2_relative_bias": {
        "bias mean": 100.00000000000001,
        "bias sd": 1.582453808973134e-14,
        "wasserstein mean": 0.03951595985115101,
        "wasserstein sd": 0.0188982300120274
    },
    "SCHL_Grade 3_relative_bias": {
        "bias mean": 100.0,
        "bias sd": 0.0,
        "wasserstein mean": 0.05553861352278562,
        "wasserstein sd": 0.02112927425222835
    },
    "SCHL_Grade 4_relative_bias": {
        "bias mean": 100.0,
        "bias sd": 0.0,
        "wasserstein mean": 0.04657639725745628,
        "wasserstein sd": 0.02369799309780408
    },
    "SCHL_Grade 5_relative_bias": {
        "bias mean": 100.0,
        "bias sd": 0.0,
        "wasserstein mean": 0.052626728030202054,
        "wasserstein sd": 0.018452804634509497
    },
    "SCHL_Grade 6_relative_bias": {
        "bias mean": 3.632220665673714,
        "bias sd": 3.077742695607238,
        "wasserstein mean": 0.004702827990117014,
        "wasserstein sd": 0.004034456578707688
    },
    "SCHL_Grade 7_relative_bias": {
        "bias mean": 100.0,
        "bias sd": 0.0,
        "wasserstein mean": 0.05197162239541837,
        "wasserstein sd": 0.019092063499684314
    },
    "SCHL_Grade 8_relative_bias": {
        "bias mean": 100.0,
        "bias sd": 0.0,
        "wasserstein mean": 0.07707025610697428,
        "wasserstein sd": 0.021142490741630958
    },
    "SCHL_Grade 9_relative_bias": {
        "bias mean": 5.750994181494812,
        "bias sd": 5.462534212046867,
        "wasserstein mean": 0.0059766993281425325,
        "wasserstein sd": 0.005902624060765826
    },
    "SCHL_Kindergarten_relative_bias": {
        "bias mean": 100.0,
        "bias sd": 0.0,
        "wasserstein mean": 0.017194860837489598,
        "wasserstein sd": 0.0190537647118135
    },
    "SCHL_Master's degree_relative_bias": {
        "bias mean": 5.859355979401394,
        "bias sd": 1.6372649237759642,
        "wasserstein mean": 0.02003418479602922,
        "wasserstein sd": 0.005545377395129486
    },
    "SCHL_No schooling completed_relative_bias": {
        "bias mean": 5.598477209368506,
        "bias sd": 3.656872211041497,
        "wasserstein mean": 0.007793714173283657,
        "wasserstein sd": 0.005572167312568637
    },
    "SCHL_Nursery school, preschool_relative_bias": {
        "bias mean": 61.99999999999999,
        "bias sd": 48.53864439804639,
        "wasserstein mean": 0.022577826031645452,
        "wasserstein sd": 0.02233199647969483
    },
    "SCHL_Professional degree beyond a bachelor's degree_relative_bias": {
        "bias mean": 5.70169420300035,
        "bias sd": 2.326814762907093,
        "wasserstein mean": 0.009819179921304336,
        "wasserstein sd": 0.004057187902256542
    },
    "SCHL_Regular high school diploma_relative_bias": {
        "bias mean": 1.8814786679649942,
        "bias sd": 1.292468616753966,
        "wasserstein mean": 0.008467224621806274,
        "wasserstein sd": 0.0058168351801978916
    },