{
    "MMDs": {
        "mean": 0.041159490359517485,
        "sd": 0.00417333550583524
    },
    "auroc": {
        "mean": 0.7918215560055003,
        "sd": 0.0267714468369905
    },
    "auprc": {
        "mean": 0.6163294316198531,
        "sd": 0.019208262366314222
    },
    "mse": {
        "mean": 1.188905830581448,
        "sd": 0.03786038157591757
    },
    "remaining samples": {
        "mean": 2250.0,
        "sd": 0.0
    },
    "all_samples": 2250,
    "AGEP_relative_bias": {
        "bias mean": 0.6190351273118463,
        "bias sd": 0.3401670104941401,
        "wasserstein mean": 0.02853640081447086,
        "wasserstein sd": 0.00656062534191579
    },
    "WKHP_relative_bias": {
        "bias mean": 0.4628803396592692,
        "bias sd": 0.2373875698900271,
        "wasserstein mean": 0.03476026336523309,
        "wasserstein sd": 0.010220399499609047
    },
    "COW_Employee of a private for-profit company or business, or of an individual, for wages, salary, or commissions_relative_bias": {
        "bias mean": 0.26842107265057263,
        "bias sd": 0.25629903156957357,
        "wasserstein mean": 0.0037022790838291087,
        "wasserstein sd": 0.003556446133802641
    },
    "COW_Employee of a private not-for-profit, tax-exempt, or charitable organization_relative_bias": {
        "bias mean": 2.5716306588839575,
        "bias sd": 1.6290323778331603,
        "wasserstein mean": 0.007069112162745343,
        "wasserstein sd": 0.004493841223017377
    },
    "COW_Federal government employee_relative_bias": {
        "bias mean": 3.080779142905661,
        "bias sd": 2.0558934449778854,
        "wasserstein mean": 0.005077055786372617,
        "wasserstein sd": 0.0035126217696746695
    },
    "COW_Local government employee (city, county, etc.)_relative_bias": {
        "bias mean": 2.4344313386977574,
        "bias sd": 1.7239210301970085,
        "wasserstein mean": 0.007123290798482601,
        "wasserstein sd": 0.005158176161830895
    },
    "COW_Self-employed in own incorporated business, professional practice or farm_relative_bias": {
        "bias mean": 3.1210985496649863,
        "bias sd": 2.1620215241132694,
        "wasserstein mean": 0.006245614764796944,
        "wasserstein sd": 0.004240100510062245
    },
    "COW_Self-employed in own not incorporated business, professional practice, or farm_relative_bias": {
        "bias mean": 1.8967921599267819,
        "bias sd": 1.3591549899140793,
        "wasserstein mean": 0.0057288733565506065,
        "wasserstein sd": 0.004094026944216157
    },
    "COW_State government employee_relative_bias": {
        "bias mean": 2.336363148901257,
        "bias sd": 1.5376706825176372,
        "wasserstein mean": 0.0048272678764570455,
        "wasserstein sd": 0.0033519782435427825
    },
    "COW_Working without pay in family business or farm_relative_bias": {
        "bias mean": 100.0,
        "bias sd": 0.0,
        "wasserstein mean": 0.05130063794657831,
        "wasserstein sd": 0.015218809700018926
    },
    "SCHL_1 or more years of college credit, no degree_relative_bias": {
        "bias mean": 2.678842148339041,
        "bias sd": 1.8034414729635988,
        "wasserstein mean": 0.01190621766833901,
        "wasserstein sd": 0.008191208524532648
    },
    "SCHL_12th grade - no diploma_relative_bias": {
        "bias mean": 5.616019029268628,
        "bias sd": 3.119510080588059,
        "wasserstein mean": 0.008574413926280037,
        "wasserstein sd": 0.005349773247230571
    },
    "SCHL_Associate's degree_relative_bias": {
        "bias mean": 3.123658421009738,
        "bias sd": 1.8274370212499353,
        "wasserstein mean": 0.009342649653742924,
        "wasserstein sd": 0.005390697721883936
    },
    "SCHL_Bachelor's degree_relative_bias": {
        "bias mean": 5.483277009084161,
        "bias sd": 1.3398959446836254,
        "wasserstein mean": 0.03046209202709202,
        "wasserstein sd": 0.007297450918934643
    },
    "SCHL_Doctorate degree_relative_bias": {
        "bias mean": 5.046801146115444,
        "bias sd": 2.162442874172644,
        "wasserstein mean": 0.0068573348218002135,
        "wasserstein sd": 0.003132733235945679
    },
    "SCHL_GED or alternative credential_relative_bias": {
        "bias mean": 5.858498790012346,
        "bias sd": 3.9374996475842265,
        "wasserstein mean": 0.008619804580066016,
        "wasserstein sd": 0.006577854884178894
    },
    "SCHL_Grade 1_relative_bias": {
        "bias mean": 100.0,
        "bias sd": 0.0,
        "wasserstein mean": 0.025664612728570395,
        "wasserstein sd": 0.019129272892430705
    },
    "SCHL_Grade 10_relative_bias": {
        "bias mean": 68.35814949067324,
        "bias sd": 43.46219699931889,
        "wasserstein mean": 0.06482085967263604,
        "wasserstein sd": 0.04616566870535513
    },
    "SCHL_Grade 11_relative_bias": {
        "bias mean": 9.402363393094381,
        "bias sd": 5.494333958674701,
        "wasserstein mean": 0.012097228362004128,
        "wasserstein sd": 0.00677428039718263
    },
    "SCHL_Grade 2_relative_bias": {
        "bias mean": 95.00000000000001,
        "bias sd": 21.79449471770337,
        "wasserstein mean": 0.036910511948876935,
        "wasserstein sd": 0.024371733473492672
    },
    "SCHL_Grade 3_relative_bias": {
        "bias mean": 100.0,
        "bias sd": 0.0,
        "wasserstein mean": 0.05371168544637796,
        "wasserstein sd": 0.018812924372957528
    },
    "SCHL_Grade 4_relative_bias": {
        "bias mean": 100.0,
        "bias sd": 0.0,
        "wasserstein mean": 0.0456806973101973,
        "wasserstein sd": 0.01876699804531887
    },
    "SCHL_Grade 5_relative_bias": {
        "bias mean": 100.0,
        "bias sd": 0.0,
        "wasserstein mean": 0.050453352831314524,
        "wasserstein sd": 0.01726948056630006
    },
    "SCHL_Grade 6_relative_bias": {
        "bias mean": 3.430023275530972,
        "bias sd": 2.4832820812629035,
        "wasserstein mean": 0.004606356915850233,
        "wasserstein sd": 0.003526871967039845
    },
    "SCHL_Grade 7_relative_bias": {
        "bias mean": 100.0,
        "bias sd": 0.0,
        "wasserstein mean": 0.05287333824139566,
        "wasserstein sd": 0.02145077744166189
    },
    "SCHL_Grade 8_relative_bias": {
        "bias mean": 100.0,
        "bias sd": 0.0,
        "wasserstein mean": 0.08330538292729983,
        "wasserstein sd": 0.018854478437744928
    },
    "SCHL_Grade 9_relative_bias": {
        "bias mean": 5.6265583218824125,
        "bias sd": 4.75388923822156,
        "wasserstein mean": 0.005515869283338156,
        "wasserstein sd": 0.004143697653407306
    },
    "SCHL_Kindergarten_relative_bias": {
        "bias mean": 100.0,
        "bias sd": 0.0,
        "wasserstein mean": 0.024398113350492412,
        "wasserstein sd": 0.0237817583245214
    },
    "SCHL_Master's degree_relative_bias": {
        "bias mean": 5.6715876692047855,
        "bias sd": 0.9514525572314062,
        "wasserstein mean": 0.019309912934338445,
        "wasserstein sd": 0.0032685091321969727
    },
    "SCHL_No schooling completed_relative_bias": {
        "bias mean": 5.194442078737645,
        "bias sd": 4.819241610040126,
        "wasserstein mean": 0.006976253809520367,
        "wasserstein sd": 0.006593768294848015
    },
    "SCHL_Nursery school, preschool_relative_bias": {
        "bias mean": 24.999999999999996,
        "bias sd": 43.301270189221924,
        "wasserstein mean": 0.00806350929701619,
        "wasserstein sd": 0.015063438066855103
    },
    "SCHL_Professional degree beyond a bachelor's degree_relative_bias": {
        "bias mean": 6.504336062536973,
        "bias sd": 1.5966966817422314,
        "wasserstein mean": 0.01111780935460771,
        "wasserstein sd": 0.002889978428405439
    },
    "SCHL_Regular high school diploma_relative_bias": {
        "bias mean": 1.9414038809584766,
        "bias sd": 1.4742227764425038,