{
    "MMDs": {
        "mean": 0.041875306827025185,
        "sd": 0.004408053510924441
    },
    "auroc": {
        "mean": 0.7943754045398462,
        "sd": 0.02566941131826367
    },
    "auprc": {
        "mean": 0.7041500406523805,
        "sd": 0.038499368602940336
    },
    "remaining samples": {
        "mean": 2250.0,
        "sd": 0.0
    },
    "all_samples": 2250,
    "AGEP_relative_bias": {
        "bias mean": 0.5185396068910153,
        "bias sd": 0.25177735334692625,
        "wasserstein mean": 0.027327703641044615,
        "wasserstein sd": 0.006931850504524363
    },
    "WKHP_relative_bias": {
        "bias mean": 0.4770510225696777,
        "bias sd": 0.23444871233774883,
        "wasserstein mean": 0.0331046158548436,
        "wasserstein sd": 0.009110564892731647
    },
    "COW_Employee of a private for-profit company or business, or of an individual, for wages, salary, or commissions_relative_bias": {
        "bias mean": 0.4648096300136263,
        "bias sd": 0.38915202459161724,
        "wasserstein mean": 0.006382625294379265,
        "wasserstein sd": 0.005355694926595063
    },
    "COW_Employee of a private not-for-profit, tax-exempt, or charitable organization_relative_bias": {
        "bias mean": 2.7021622617871754,
        "bias sd": 1.6040861962353965,
        "wasserstein mean": 0.007521857223158387,
        "wasserstein sd": 0.0046054015422084555
    },
    "COW_Federal government employee_relative_bias": {
        "bias mean": 2.9601631033840983,
        "bias sd": 2.2088387404063514,
        "wasserstein mean": 0.004801339384839861,
        "wasserstein sd": 0.003711787099823758
    },
    "COW_Local government employee (city, county, etc.)_relative_bias": {
        "bias mean": 2.4302473975129395,
        "bias sd": 1.5985160183206115,
        "wasserstein mean": 0.007204661500250321,
        "wasserstein sd": 0.00476943458678419
    },
    "COW_Self-employed in own incorporated business, professional practice or farm_relative_bias": {
        "bias mean": 3.4878050759387413,
        "bias sd": 2.207538630559059,
        "wasserstein mean": 0.006945763428472097,
        "wasserstein sd": 0.004420149454725557
    },
    "COW_Self-employed in own not incorporated business, professional practice, or farm_relative_bias": {
        "bias mean": 2.1303070292397646,
        "bias sd": 1.7480674503162152,
        "wasserstein mean": 0.006458770422867191,
        "wasserstein sd": 0.0053004975957474665
    },
    "COW_State government employee_relative_bias": {
        "bias mean": 2.1690731103273846,
        "bias sd": 1.7403815248775225,
        "wasserstein mean": 0.004513228666129363,
        "wasserstein sd": 0.0035678310080964775
    },
    "COW_Working without pay in family business or farm_relative_bias": {
        "bias mean": 100.0,
        "bias sd": 0.0,
        "wasserstein mean": 0.05724853799835555,
        "wasserstein sd": 0.01852761318912909
    },
    "SCHL_1 or more years of college credit, no degree_relative_bias": {
        "bias mean": 2.6383663957116865,
        "bias sd": 1.7137976950153782,
        "wasserstein mean": 0.011704078519650038,
        "wasserstein sd": 0.007593444891911369
    },
    "SCHL_12th grade - no diploma_relative_bias": {
        "bias mean": 4.449008206707344,
        "bias sd": 3.1136790969472132,
        "wasserstein mean": 0.006815309262863339,
        "wasserstein sd": 0.0049844046953701
    },
    "SCHL_Associate's degree_relative_bias": {
        "bias mean": 2.989050572672753,
        "bias sd": 2.072747359421405,
        "wasserstein mean": 0.008806589336705962,
        "wasserstein sd": 0.006192728119541882
    },
    "SCHL_Bachelor's degree_relative_bias": {
        "bias mean": 5.548025862491158,
        "bias sd": 1.4958645582306664,
        "wasserstein mean": 0.031020464491329294,
        "wasserstein sd": 0.008265930099453585
    },
    "SCHL_Doctorate degree_relative_bias": {
        "bias mean": 5.506746051271371,
        "bias sd": 2.5469775750000347,
        "wasserstein mean": 0.007781409100370577,
        "wasserstein sd": 0.003754251842507111
    },
    "SCHL_GED or alternative credential_relative_bias": {
        "bias mean": 4.427278473318482,
        "bias sd": 3.229556581940311,
        "wasserstein mean": 0.006680186250622992,
        "wasserstein sd": 0.004950727642340044
    },
    "SCHL_Grade 1_relative_bias": {
        "bias mean": 100.0,
        "bias sd": 0.0,
        "wasserstein mean": 0.0196762030919038,
        "wasserstein sd": 0.0168294120217625
    },
    "SCHL_Grade 10_relative_bias": {
        "bias mean": 74.34132525493494,
        "bias sd": 41.26138334915048,
        "wasserstein mean": 0.06742179094737794,
        "wasserstein sd": 0.04132256235888396
    },
    "SCHL_Grade 11_relative_bias": {
        "bias mean": 9.514990118580668,
        "bias sd": 5.780798897386781,
        "wasserstein mean": 0.012108139754897183,
        "wasserstein sd": 0.007474367000578624
    },
    "SCHL_Grade 2_relative_bias": {
        "bias mean": 99.0,
        "bias sd": 9.949874371066201,
        "wasserstein mean": 0.04179572676564027,
        "wasserstein sd": 0.021514400488602856
    },
    "SCHL_Grade 3_relative_bias": {
        "bias mean": 100.0,
        "bias sd": 0.0,
        "wasserstein mean": 0.05203091161608334,
        "wasserstein sd": 0.019007920209483983
    },
    "SCHL_Grade 4_relative_bias": {
        "bias mean": 100.0,
        "bias sd": 0.0,
        "wasserstein mean": 0.043262307452598944,
        "wasserstein sd": 0.018790708998119996
    },
    "SCHL_Grade 5_relative_bias": {
        "bias mean": 100.0,
        "bias sd": 0.0,
        "wasserstein mean": 0.05185052260202793,
        "wasserstein sd": 0.018657369434090458
    },
    "SCHL_Grade 6_relative_bias": {
        "bias mean": 3.379009809767403,
        "bias sd": 2.569733203899402,
        "wasserstein mean": 0.004480827150617643,
        "wasserstein sd": 0.003671509692843039
    },
    "SCHL_Grade 7_relative_bias": {
        "bias mean": 100.0,
        "bias sd": 0.0,
        "wasserstein mean": 0.05049608737472824,
        "wasserstein sd": 0.019664234297326617
    },
    "SCHL_Grade 8_relative_bias": {
        "bias mean": 100.0,
        "bias sd": 0.0,
        "wasserstein mean": 0.07753022447896565,
        "wasserstein sd": 0.019582347768558765
    },
    "SCHL_Grade 9_relative_bias": {
        "bias mean": 5.621712302568211,
        "bias sd": 4.962080121990478,
        "wasserstein mean": 0.00574469788736304,
        "wasserstein sd": 0.004740119718178275
    },
    "SCHL_Kindergarten_relative_bias": {
        "bias mean": 100.0,
        "bias sd": 0.0,
        "wasserstein mean": 0.01998321664897418,
        "wasserstein sd": 0.022292319074843758
    },
    "SCHL_Master's degree_relative_bias": {
        "bias mean": 5.79500385965492,
        "bias sd": 1.5900296400356546,
        "wasserstein mean": 0.019505770397873514,
        "wasserstein sd": 0.005442803884062468
    },
    "SCHL_No schooling completed_relative_bias": {
        "bias mean": 6.1366811592186945,
        "bias sd": 4.624399202024959,
        "wasserstein mean": 0.00801525080829249,
        "wasserstein sd": 0.005881072024383591
    },
    "SCHL_Nursery school, preschool_relative_bias": {
        "bias mean": 56.99999999999999,
        "bias sd": 49.50757517794625,
        "wasserstein mean": 0.019813194272668432,
        "wasserstein sd": 0.02008986881073931
    },
    "SCHL_Professional degree beyond a bachelor's degree_relative_bias": {
        "bias mean": 6.126094073515283,
        "bias sd": 2.127357171547319,
        "wasserstein mean": 0.010552167098031483,
        "wasserstein sd": 0.003603149958101183
    },
    "SCHL_Regular high school diploma_relative_bias": {
        "bias mean": 1.8400479136963401,
        "bias sd": 1.360867160686779,
        "wasserstein mean": 0.008264250118389023,
        "wasserstein sd": 0.006027410226493166
    },