{
    "MMDs": {
        "mean": 0.04149241093045511,
        "sd": 0.003639751777651923
    },
    "auroc": {
        "mean": 0.786396058447285,
        "sd": 0.03794535255115067
    },
    "auprc": {
        "mean": 0.6947545622358423,
        "sd": 0.05067010452725591
    },
    "remaining samples": {
        "mean": 2250.0,
        "sd": 0.0
    },
    "all_samples": 2250,
    "AGEP_relative_bias": {
        "bias mean": 0.558072525876075,
        "bias sd": 0.21785267065335373,
        "wasserstein mean": 0.026929930277762755,
        "wasserstein sd": 0.004270365580830821
    },
    "WKHP_relative_bias": {
        "bias mean": 0.5165806071230775,
        "bias sd": 0.2137783801441361,
        "wasserstein mean": 0.0335281373707164,
        "wasserstein sd": 0.009883890731150823
    },
    "COW_Employee of a private for-profit company or business, or of an individual, for wages, salary, or commissions_relative_bias": {
        "bias mean": 0.49782907587727643,
        "bias sd": 0.38503288788731743,
        "wasserstein mean": 0.006809793396578138,
        "wasserstein sd": 0.005285592488854751
    },
    "COW_Employee of a private not-for-profit, tax-exempt, or charitable organization_relative_bias": {
        "bias mean": 2.5581735411729243,
        "bias sd": 1.7645517008263651,
        "wasserstein mean": 0.007308586856536901,
        "wasserstein sd": 0.00524867419317606
    },
    "COW_Federal government employee_relative_bias": {
        "bias mean": 3.2259703501732835,
        "bias sd": 1.9473545495399858,
        "wasserstein mean": 0.005284523922463433,
        "wasserstein sd": 0.0032560779274868495
    },
    "COW_Local government employee (city, county, etc.)_relative_bias": {
        "bias mean": 2.293361716187996,
        "bias sd": 1.5048750912131064,
        "wasserstein mean": 0.006730780337153283,
        "wasserstein sd": 0.0042042284865188686
    },
    "COW_Self-employed in own incorporated business, professional practice or farm_relative_bias": {
        "bias mean": 4.68900719880836,
        "bias sd": 2.0012084728467507,
        "wasserstein mean": 0.009129237763371299,
        "wasserstein sd": 0.0037102430255413917
    },
    "COW_Self-employed in own not incorporated business, professional practice, or farm_relative_bias": {
        "bias mean": 2.253822549758576,
        "bias sd": 1.9808640429066862,
        "wasserstein mean": 0.006850507546715031,
        "wasserstein sd": 0.005891212527144174
    },
    "COW_State government employee_relative_bias": {
        "bias mean": 2.0265802064061154,
        "bias sd": 1.9073081229179778,
        "wasserstein mean": 0.004206044566545878,
        "wasserstein sd": 0.003645049097892334
    },
    "COW_Working without pay in family business or farm_relative_bias": {
        "bias mean": 100.0,
        "bias sd": 0.0,
        "wasserstein mean": 0.050185406686870014,
        "wasserstein sd": 0.013273907037466948
    },
    "SCHL_1 or more years of college credit, no degree_relative_bias": {
        "bias mean": 2.135698529338404,
        "bias sd": 1.6140459524514827,
        "wasserstein mean": 0.009189430222917017,
        "wasserstein sd": 0.00660969815494523
    },
    "SCHL_12th grade - no diploma_relative_bias": {
        "bias mean": 4.770996085431937,
        "bias sd": 3.029944846351278,
        "wasserstein mean": 0.007301758426855593,
        "wasserstein sd": 0.004795667815671611
    },
    "SCHL_Associate's degree_relative_bias": {
        "bias mean": 2.3665062178276215,
        "bias sd": 1.7060803681693284,
        "wasserstein mean": 0.0070343261202674996,
        "wasserstein sd": 0.0051578351956809675
    },
    "SCHL_Bachelor's degree_relative_bias": {
        "bias mean": 5.514228515169731,
        "bias sd": 1.221846674663495,
        "wasserstein mean": 0.03087632212255112,
        "wasserstein sd": 0.006446789114279918
    },
    "SCHL_Doctorate degree_relative_bias": {
        "bias mean": 5.703110829659439,
        "bias sd": 2.2008668044364312,
        "wasserstein mean": 0.008334184453795803,
        "wasserstein sd": 0.003333434079505722
    },
    "SCHL_GED or alternative credential_relative_bias": {
        "bias mean": 4.653464030224864,
        "bias sd": 3.6435532759614233,
        "wasserstein mean": 0.006662564521409123,
        "wasserstein sd": 0.00525409048719808
    },
    "SCHL_Grade 1_relative_bias": {
        "bias mean": 100.0,
        "bias sd": 0.0,
        "wasserstein mean": 0.018820716000951306,
        "wasserstein sd": 0.019432931122135302
    },
    "SCHL_Grade 10_relative_bias": {
        "bias mean": 68.43862992434295,
        "bias sd": 43.12974750517629,
        "wasserstein mean": 0.061618271964099816,
        "wasserstein sd": 0.04004177627718924
    },
    "SCHL_Grade 11_relative_bias": {
        "bias mean": 9.554890003730062,
        "bias sd": 5.442227279967482,
        "wasserstein mean": 0.012569584976516304,
        "wasserstein sd": 0.006855313908826767
    },
    "SCHL_Grade 2_relative_bias": {
        "bias mean": 100.00000000000001,
        "bias sd": 1.6202867315927535e-14,
        "wasserstein mean": 0.05265175969178032,
        "wasserstein sd": 0.026652611040200832
    },
    "SCHL_Grade 3_relative_bias": {
        "bias mean": 100.0,
        "bias sd": 0.0,
        "wasserstein mean": 0.05517322790750403,
        "wasserstein sd": 0.016254527249486814
    },
    "SCHL_Grade 4_relative_bias": {
        "bias mean": 100.0,
        "bias sd": 0.0,
        "wasserstein mean": 0.04433714738930942,
        "wasserstein sd": 0.015377631712306406
    },
    "SCHL_Grade 5_relative_bias": {
        "bias mean": 100.0,
        "bias sd": 0.0,
        "wasserstein mean": 0.05511058540035898,
        "wasserstein sd": 0.01680982131061822
    },
    "SCHL_Grade 6_relative_bias": {
        "bias mean": 3.608579475095407,
        "bias sd": 3.31628522467174,
        "wasserstein mean": 0.004664634059887293,
        "wasserstein sd": 0.004682021987470913
    },
    "SCHL_Grade 7_relative_bias": {
        "bias mean": 100.0,
        "bias sd": 0.0,
        "wasserstein mean": 0.051233854885073274,
        "wasserstein sd": 0.01774792794571162
    },
    "SCHL_Grade 8_relative_bias": {
        "bias mean": 100.0,
        "bias sd": 0.0,
        "wasserstein mean": 0.07691693331631058,
        "wasserstein sd": 0.023502549575653932
    },
    "SCHL_Grade 9_relative_bias": {
        "bias mean": 4.968568537644144,
        "bias sd": 4.934721479235928,
        "wasserstein mean": 0.005176270278003109,
        "wasserstein sd": 0.005053151163391522
    },
    "SCHL_Kindergarten_relative_bias": {
        "bias mean": 100.0,
        "bias sd": 0.0,
        "wasserstein mean": 0.017427223821779976,
        "wasserstein sd": 0.027370544769848452
    },
    "SCHL_Master's degree_relative_bias": {
        "bias mean": 5.599441880193809,
        "bias sd": 1.6314497536016552,
        "wasserstein mean": 0.018917324240616533,
        "wasserstein sd": 0.005699705791384444
    },
    "SCHL_No schooling completed_relative_bias": {
        "bias mean": 5.383888256869005,
        "bias sd": 3.5413860043789454,
        "wasserstein mean": 0.007277978741881276,
        "wasserstein sd": 0.004832763040348565
    },
    "SCHL_Nursery school, preschool_relative_bias": {
        "bias mean": 54.999999999999986,
        "bias sd": 49.74937185533099,
        "wasserstein mean": 0.01843087839318,
        "wasserstein sd": 0.018716645487171918
    },
    "SCHL_Professional degree beyond a bachelor's degree_relative_bias": {
        "bias mean": 6.116636226918102,
        "bias sd": 2.2316646903505877,
        "wasserstein mean": 0.010304395734084726,
        "wasserstein sd": 0.003450828164627741
    },
    "SCHL_Regular high school diploma_relative_bias": {
        "bias mean": 1.8628138372591336,
        "bias sd": 1.8779255208144388,
        "wasserstein mean": 0.008318746233349772,
        "wasserstein sd": 0.008150977327480513
    },