{
    "MMDs": {
        "mean": 0.041598975070892684,
        "sd": 0.004171473280030029
    },
    "auroc": {
        "mean": 0.7961282497372842,
        "sd": 0.022035592916458402
    },
    "auprc": {
        "mean": 0.7060909211315388,
        "sd": 0.03623841659468595
    },
    "remaining samples": {
        "mean": 2250.0,
        "sd": 0.0
    },
    "all_samples": 2250,
    "AGEP_relative_bias": {
        "bias mean": 0.5152749021024631,
        "bias sd": 0.24918822201580856,
        "wasserstein mean": 0.027419233131480633,
        "wasserstein sd": 0.0070998469626064
    },
    "WKHP_relative_bias": {
        "bias mean": 0.4767729232843478,
        "bias sd": 0.2301929372678505,
        "wasserstein mean": 0.034356048950963815,
        "wasserstein sd": 0.010343032621085282
    },
    "COW_Employee of a private for-profit company or business, or of an individual, for wages, salary, or commissions_relative_bias": {
        "bias mean": 0.4497698498643093,
        "bias sd": 0.35079369370809105,
        "wasserstein mean": 0.006175062855608239,
        "wasserstein sd": 0.004819061778171118
    },
    "COW_Employee of a private not-for-profit, tax-exempt, or charitable organization_relative_bias": {
        "bias mean": 2.7209962356338755,
        "bias sd": 1.7337427882118035,
        "wasserstein mean": 0.007518175694346832,
        "wasserstein sd": 0.0048225522065805364
    },
    "COW_Federal government employee_relative_bias": {
        "bias mean": 2.965355219782208,
        "bias sd": 2.1586586499916445,
        "wasserstein mean": 0.004784576457397759,
        "wasserstein sd": 0.003529665221304066
    },
    "COW_Local government employee (city, county, etc.)_relative_bias": {
        "bias mean": 2.436300499452835,
        "bias sd": 1.6202573544021304,
        "wasserstein mean": 0.007213104029862036,
        "wasserstein sd": 0.004813642038234421
    },
    "COW_Self-employed in own incorporated business, professional practice or farm_relative_bias": {
        "bias mean": 3.250200940319501,
        "bias sd": 2.1020522085699542,
        "wasserstein mean": 0.00654243209548495,
        "wasserstein sd": 0.004291895880300622
    },
    "COW_Self-employed in own not incorporated business, professional practice, or farm_relative_bias": {
        "bias mean": 2.1625478204868425,
        "bias sd": 1.6483885242589689,
        "wasserstein mean": 0.006581036613671218,
        "wasserstein sd": 0.0050823418885272715
    },
    "COW_State government employee_relative_bias": {
        "bias mean": 2.1875097815840956,
        "bias sd": 1.7008776325319432,
        "wasserstein mean": 0.004583769871759541,
        "wasserstein sd": 0.0035562552449271466
    },
    "COW_Working without pay in family business or farm_relative_bias": {
        "bias mean": 100.0,
        "bias sd": 0.0,
        "wasserstein mean": 0.05528573098126901,
        "wasserstein sd": 0.019310510420311323
    },
    "SCHL_1 or more years of college credit, no degree_relative_bias": {
        "bias mean": 2.5435461610009438,
        "bias sd": 1.7286558487723493,
        "wasserstein mean": 0.011282896438392283,
        "wasserstein sd": 0.007665837157564146
    },
    "SCHL_12th grade - no diploma_relative_bias": {
        "bias mean": 4.533974973637443,
        "bias sd": 3.4876408289717697,
        "wasserstein mean": 0.006993734528795631,
        "wasserstein sd": 0.0054448306319241965
    },
    "SCHL_Associate's degree_relative_bias": {
        "bias mean": 2.954252222759412,
        "bias sd": 1.8739541617568098,
        "wasserstein mean": 0.0086977584892128,
        "wasserstein sd": 0.005555416850380413
    },
    "SCHL_Bachelor's degree_relative_bias": {
        "bias mean": 5.495436205402385,
        "bias sd": 1.4334760317931254,
        "wasserstein mean": 0.030614118972841352,
        "wasserstein sd": 0.007977532872189632
    },
    "SCHL_Doctorate degree_relative_bias": {
        "bias mean": 5.603818240437385,
        "bias sd": 2.4692167754386327,
        "wasserstein mean": 0.007936559597132431,
        "wasserstein sd": 0.00371449792192706
    },
    "SCHL_GED or alternative credential_relative_bias": {
        "bias mean": 4.790275014080559,
        "bias sd": 3.702210761092786,
        "wasserstein mean": 0.007072555553794436,
        "wasserstein sd": 0.0055636811387662684
    },
    "SCHL_Grade 1_relative_bias": {
        "bias mean": 100.0,
        "bias sd": 0.0,
        "wasserstein mean": 0.0232008099066276,
        "wasserstein sd": 0.01975611441097589
    },
    "SCHL_Grade 10_relative_bias": {
        "bias mean": 73.60219631436337,
        "bias sd": 41.10183702844554,
        "wasserstein mean": 0.0677090669917643,
        "wasserstein sd": 0.0409589305147816
    },
    "SCHL_Grade 11_relative_bias": {
        "bias mean": 9.108340639578064,
        "bias sd": 5.3353919029297385,
        "wasserstein mean": 0.011704364836103572,
        "wasserstein sd": 0.007083937497027832
    },
    "SCHL_Grade 2_relative_bias": {
        "bias mean": 97.2,
        "bias sd": 16.497272501840964,
        "wasserstein mean": 0.03773557045126356,
        "wasserstein sd": 0.01905666424288048
    },
    "SCHL_Grade 3_relative_bias": {
        "bias mean": 100.0,
        "bias sd": 0.0,
        "wasserstein mean": 0.05372630087098943,
        "wasserstein sd": 0.018988941023160243
    },
    "SCHL_Grade 4_relative_bias": {
        "bias mean": 100.0,
        "bias sd": 0.0,
        "wasserstein mean": 0.04553738531863623,
        "wasserstein sd": 0.02011029702471597
    },
    "SCHL_Grade 5_relative_bias": {
        "bias mean": 100.0,
        "bias sd": 0.0,
        "wasserstein mean": 0.05171080562495675,
        "wasserstein sd": 0.019145317339806452
    },
    "SCHL_Grade 6_relative_bias": {
        "bias mean": 3.7656055450203016,
        "bias sd": 3.0616013342108865,
        "wasserstein mean": 0.0049174992064931885,
        "wasserstein sd": 0.00401716204410719
    },
    "SCHL_Grade 7_relative_bias": {
        "bias mean": 100.0,
        "bias sd": 0.0,
        "wasserstein mean": 0.047938493338865615,
        "wasserstein sd": 0.019654827770275322
    },
    "SCHL_Grade 8_relative_bias": {
        "bias mean": 100.0,
        "bias sd": 0.0,
        "wasserstein mean": 0.07950297771883914,
        "wasserstein sd": 0.02007095212916899
    },
    "SCHL_Grade 9_relative_bias": {
        "bias mean": 5.714587407363582,
        "bias sd": 4.7307330654488355,
        "wasserstein mean": 0.005995813355079939,
        "wasserstein sd": 0.004994623590659688
    },
    "SCHL_Kindergarten_relative_bias": {
        "bias mean": 100.0,
        "bias sd": 0.0,
        "wasserstein mean": 0.018449620952657564,
        "wasserstein sd": 0.019819949635237193
    },
    "SCHL_Master's degree_relative_bias": {
        "bias mean": 5.709477153538647,
        "bias sd": 1.5003912168704427,
        "wasserstein mean": 0.019099382221899115,
        "wasserstein sd": 0.0051049750348215375
    },
    "SCHL_No schooling completed_relative_bias": {
        "bias mean": 5.98340853322455,
        "bias sd": 4.302175937095091,
        "wasserstein mean": 0.008045521445057314,
        "wasserstein sd": 0.005897664760999045
    },
    "SCHL_Nursery school, preschool_relative_bias": {
        "bias mean": 50.79999999999999,
        "bias sd": 49.99359959034748,
        "wasserstein mean": 0.01667994494582759,
        "wasserstein sd": 0.0194375874379096
    },
    "SCHL_Professional degree beyond a bachelor's degree_relative_bias": {
        "bias mean": 5.8350424326522266,
        "bias sd": 2.1729869599802534,
        "wasserstein mean": 0.010087491570645746,
        "wasserstein sd": 0.003937221559413756
    },
    "SCHL_Regular high school diploma_relative_bias": {
        "bias mean": 1.9374965468524723,
        "bias sd": 1.5728290201203494,
        "wasserstein mean": 0.008724071525172902,
        "wasserstein sd": 0.007058691300545332
    },