{
    "MMDs": {
        "mean": 0.050641976153153176,
        "sd": 0.0038478737620751013
    },
    "auroc": {
        "mean": 0.7152383647582503,
        "sd": 0.0643749251557278
    },
    "auprc": {
        "mean": 0.3758201750234744,
        "sd": 0.06493853931922755
    },
    "remaining samples": {
        "mean": 2250.0,
        "sd": 0.0
    },
    "all_samples": 2250,
    "city_development_index_relative_bias": {
        "bias mean": 0.5043247921785997,
        "bias sd": 0.3181679635279463,
        "wasserstein mean": 0.04090552461330349,
        "wasserstein sd": 0.02111144602331708
    },
    "experience_relative_bias": {
        "bias mean": 1.3197980273710923,
        "bias sd": 0.9810630347829318,
        "wasserstein mean": 0.032456365627460675,
        "wasserstein sd": 0.014402052614209623
    },
    "training_hours_relative_bias": {
        "bias mean": 2.34908355731845,
        "bias sd": 1.6414629944997476,
        "wasserstein mean": 0.03585567894102668,
        "wasserstein sd": 0.01311679067309532
    },
    "target_relative_bias": {
        "bias mean": 5.486906016387212,
        "bias sd": 4.816183108032814,
        "wasserstein mean": 0.008782222222223275,
        "wasserstein sd": 0.007248391562748403
    },
    "gender_Male_relative_bias": {
        "bias mean": 1.8982410530435885,
        "bias sd": 0.877939993343231,
        "wasserstein mean": 0.0573328306155416,
        "wasserstein sd": 0.026361381847095147
    },
    "gender_Other_relative_bias": {
        "bias mean": 100.0,
        "bias sd": 0.0,
        "wasserstein mean": 0.09466084993988913,
        "wasserstein sd": 0.02053217306362474
    },
    "relevent_experience_No relevent experience_relative_bias": {
        "bias mean": 15.909571120163083,
        "bias sd": 5.87696279378684,
        "wasserstein mean": 0.0598704205633222,
        "wasserstein sd": 0.02372872352955091
    },
    "enrolled_university_Part time course_relative_bias": {
        "bias mean": 10.535537954201848,
        "bias sd": 7.483428932177386,
        "wasserstein mean": 0.02690288869296981,
        "wasserstein sd": 0.020311938688458406
    },
    "enrolled_university_no_enrollment_relative_bias": {
        "bias mean": 0.9312853382840555,
        "bias sd": 0.788314559109487,
        "wasserstein mean": 0.022005352126458468,
        "wasserstein sd": 0.018546978675574262
    },
    "education_level_Masters_relative_bias": {
        "bias mean": 3.6367383039552097,
        "bias sd": 2.587862363502068,
        "wasserstein mean": 0.022249924478171382,
        "wasserstein sd": 0.01565567830415551
    },
    "education_level_Phd_relative_bias": {
        "bias mean": 40.74881057166354,
        "bias sd": 12.29246756588464,
        "wasserstein mean": 0.07068892114663192,
        "wasserstein sd": 0.02548113944063209
    },
    "major_discipline_Business Degree_relative_bias": {
        "bias mean": 98.84846425068335,
        "bias sd": 1.7019142799520277,
        "wasserstein mean": 0.13941601548820082,
        "wasserstein sd": 0.01670015431694117
    },
    "major_discipline_Humanities_relative_bias": {
        "bias mean": 24.357552687936426,
        "bias sd": 11.367857590046082,
        "wasserstein mean": 0.05190886569252788,
        "wasserstein sd": 0.02633635950818103
    },
    "major_discipline_No Major_relative_bias": {
        "bias mean": 100.0,
        "bias sd": 0.0,
        "wasserstein mean": 0.10880651612427901,
        "wasserstein sd": 0.016586867051869215
    },
    "major_discipline_Other_relative_bias": {
        "bias mean": 96.49162219530251,
        "bias sd": 2.906280114149759,
        "wasserstein mean": 0.13604087408109822,
        "wasserstein sd": 0.016999577888737575
    },
    "major_discipline_STEM_relative_bias": {
        "bias mean": 6.691689977703465,
        "bias sd": 0.8011122668993509,
        "wasserstein mean": 0.19251024535371067,
        "wasserstein sd": 0.02233430266784886
    },
    "company_size_100-500_relative_bias": {
        "bias mean": 4.578943150972304,
        "bias sd": 3.5844546496755196,
        "wasserstein mean": 0.02274121310962777,
        "wasserstein sd": 0.017558723273432754
    },
    "company_size_1000-4999_relative_bias": {
        "bias mean": 7.555448263068983,
        "bias sd": 5.568057891104729,
        "wasserstein mean": 0.026286201116847138,
        "wasserstein sd": 0.020117846978039446
    },
    "company_size_10000+_relative_bias": {
        "bias mean": 4.937261805951912,
        "bias sd": 3.9185837166921234,
        "wasserstein mean": 0.02158408008793157,
        "wasserstein sd": 0.016705201935131614
    },
    "company_size_50-99_relative_bias": {
        "bias mean": 4.106941313659754,
        "bias sd": 2.9449587562348554,
        "wasserstein mean": 0.021939742520935418,
        "wasserstein sd": 0.015465303080266559
    },
    "company_size_500-999_relative_bias": {
        "bias mean": 9.220182686673002,
        "bias sd": 5.918878093397598,
        "wasserstein mean": 0.02446783368845448,
        "wasserstein sd": 0.01604921649768123
    },
    "company_size_5000-9999_relative_bias": {
        "bias mean": 12.21875055745711,
        "bias sd": 8.45977186772412,
        "wasserstein mean": 0.026398709273365822,
        "wasserstein sd": 0.018685115638678373
    },
    "company_size_<10_relative_bias": {
        "bias mean": 8.325383282720008,
        "bias sd": 6.5331701047593675,
        "wasserstein mean": 0.026687684740785575,
        "wasserstein sd": 0.021011953223949133
    },
    "company_type_Funded Startup_relative_bias": {
        "bias mean": 8.011177283891708,
        "bias sd": 5.22018259816809,
        "wasserstein mean": 0.024658189753003414,
        "wasserstein sd": 0.015681275996190236
    },
    "company_type_NGO_relative_bias": {
        "bias mean": 25.236351271453987,
        "bias sd": 9.916787760605164,
        "wasserstein mean": 0.052439863056734363,
        "wasserstein sd": 0.023438238370487828
    },
    "company_type_Other_relative_bias": {
        "bias mean": 100.0,
        "bias sd": 0.0,
        "wasserstein mean": 0.09069942416197074,
        "wasserstein sd": 0.019069901908887486
    },
    "company_type_Public Sector_relative_bias": {
        "bias mean": 19.3716916606756,
        "bias sd": 8.666821695439157,
        "wasserstein mean": 0.05111124116704361,
        "wasserstein sd": 0.02487457696218269
    },
    "company_type_Pvt Ltd_relative_bias": {
        "bias mean": 3.569527526946849,
        "bias sd": 1.4365754232071388,
        "wasserstein mean": 0.06316790698377545,
        "wasserstein sd": 0.025125702360506822
    },
    "last_new_job_2_relative_bias": {
        "bias mean": 5.072800498841813,
        "bias sd": 3.521079269313477,
        "wasserstein mean": 0.02354877837769552,
        "wasserstein sd": 0.01603664800047094
    },
    "last_new_job_3_relative_bias": {
        "bias mean": 8.529147028684084,
        "bias sd": 5.640390043863994,
        "wasserstein mean": 0.02329925552314014,
        "wasserstein sd": 0.01610579279014685
    },
    "last_new_job_4_relative_bias": {
        "bias mean": 8.80882363674539,
        "bias sd": 6.500193641085528,
        "wasserstein mean": 0.023562556441640868,
        "wasserstein sd": 0.017250897236430945
    },
    "last_new_job_>4_relative_bias": {
        "bias mean": 4.357627911994923,
        "bias sd": 3.066345973326567,
        "wasserstein mean": 0.023105998587368927,
        "wasserstein sd": 0.016263451369869713
    },
    "last_new_job_never_relative_bias": {
        "bias mean": 12.420611301487641,
        "bias sd": 9.362110242459405,
        "wasserstein mean": 0.02657622333620622,
        "wasserstein sd": 0.021718932267608567
    }
}