{
    "MMDs": {
        "mean": 0.038753278774441555,
        "sd": 0.004976349088460686
    },
    "auroc": {
        "mean": 0.9492585934515747,
        "sd": 0.021915405969729698
    },
    "auprc": {
        "mean": 0.9486785985194413,
        "sd": 0.018433823793168828
    },
    "remaining samples": {
        "mean": 308.0,
        "sd": 0.0
    },
    "all_samples": 308,
    "clump_thickness_relative_bias": {
        "bias mean": 1.7799194639347704,
        "bias sd": 1.188858178403318,
        "wasserstein mean": 0.04094520064060507,
        "wasserstein sd": 0.015331723502998875
    },
    "uniformity_of_cell_size_relative_bias": {
        "bias mean": 3.862806134664834,
        "bias sd": 1.4983596033383906,
        "wasserstein mean": 0.04819423967353868,
        "wasserstein sd": 0.012585009467715043
    },
    "uniformity_of_cell_shape_relative_bias": {
        "bias mean": 3.956694579941714,
        "bias sd": 1.5831018002205717,
        "wasserstein mean": 0.050542204072379505,
        "wasserstein sd": 0.014349167979501377
    },
    "marginal_adhesion_relative_bias": {
        "bias mean": 3.9053920879880644,
        "bias sd": 1.4477251574131942,
        "wasserstein mean": 0.053742937663567844,
        "wasserstein sd": 0.01374212388628512
    },
    "single_epithelial_cell_size_relative_bias": {
        "bias mean": 4.137025719024477,
        "bias sd": 1.5635851789676392,
        "wasserstein mean": 0.06649015674942818,
        "wasserstein sd": 0.02301074956736694
    },
    "bare_nuclei_relative_bias": {
        "bias mean": 2.40235477183211,
        "bias sd": 1.843161000530928,
        "wasserstein mean": 0.03409892052101719,
        "wasserstein sd": 0.013583620417100421
    },
    "bland_chromatin_relative_bias": {
        "bias mean": 3.029620028752473,
        "bias sd": 1.2690898762213492,
        "wasserstein mean": 0.051504879949895666,
        "wasserstein sd": 0.013287438966741283
    },
    "normal_nucleoli_relative_bias": {
        "bias mean": 3.6368019089936374,
        "bias sd": 2.0421629928080893,
        "wasserstein mean": 0.04789302447833202,
        "wasserstein sd": 0.015512446449268993
    },
    "mitoses_relative_bias": {
        "bias mean": 12.629168523603633,
        "bias sd": 3.4161812533468163,
        "wasserstein mean": 0.1232094471214114,
        "wasserstein sd": 0.03060043056239579
    },
    "class_relative_bias": {
        "bias mean": 1.9132357608098804,
        "bias sd": 1.3765027451957734,
        "wasserstein mean": 0.012383900198688121,
        "wasserstein sd": 0.008867371852969267
    }
}