{"MMDs": {"mean": 0.05520791001835916, "sd": 0.012631820517182943}, "auroc": {"mean": 0.9405139222254764, "sd": 0.0170803034136985}, "auprc": {"mean": 0.9456452531192319, "sd": 0.019938045927389108}, "remaining samples": {"mean": 308.0, "sd": 0.0}, "all_samples": 308, "clump_thickness_relative_bias": {"bias mean": 3.9808573918109658, "bias sd": 2.3065505730204756, "wasserstein mean": 0.07320564532007992, "wasserstein sd": 0.03164658644346816}, "uniformity_of_cell_size_relative_bias": {"bias mean": 7.157471511645665, "bias sd": 4.40376385049775, "wasserstein mean": 0.07894866340601742, "wasserstein sd": 0.04178869615396115}, "uniformity_of_cell_shape_relative_bias": {"bias mean": 7.240881221880651, "bias sd": 4.619271786368518, "wasserstein mean": 0.08599368873882293, "wasserstein sd": 0.044192516654680006}, "marginal_adhesion_relative_bias": {"bias mean": 7.043679566222555, "bias sd": 4.2560533908893055, "wasserstein mean": 0.0790131864429724, "wasserstein sd": 0.033733844786975616}, "single_epithelial_cell_size_relative_bias": {"bias mean": 7.413168463431127, "bias sd": 4.226744848286878, "wasserstein mean": 0.12093701000083854, "wasserstein sd": 0.05409917000523188}, "bare_nuclei_relative_bias": {"bias mean": 4.8107694438526725, "bias sd": 3.41545965844595, "wasserstein mean": 0.054213139740657015, "wasserstein sd": 0.028639192773603103}, "bland_chromatin_relative_bias": {"bias mean": 5.212118058871021, "bias sd": 2.9039975388630848, "wasserstein mean": 0.08348057836941657, "wasserstein sd": 0.033566879101071596}, "normal_nucleoli_relative_bias": {"bias mean": 6.961601424288648, "bias sd": 3.7141984422193017, "wasserstein mean": 0.07225871186179213, "wasserstein sd": 0.031202477560479246}, "mitoses_relative_bias": {"bias mean": 20.131620163489373, "bias sd": 6.017434838880403, "wasserstein mean": 0.19261893539407127, "wasserstein sd": 0.05335506442251877}, "class_relative_bias": {"bias mean": 5.184941155518738, "bias sd": 3.470928911306715, "wasserstein mean": 0.03343524785921368, "wasserstein sd": 0.022280982599795714}}