{
    "MMDs": {
        "mean": 0.03733355610872326,
        "sd": 0.00657902415028461
    },
    "auroc": {
        "mean": 0.9414240328990422,
        "sd": 0.020225427106913572
    },
    "auprc": {
        "mean": 0.947357216048019,
        "sd": 0.015636746268851778
    },
    "remaining samples": {
        "mean": 308.0,
        "sd": 0.0
    },
    "all_samples": 308,
    "clump_thickness_relative_bias": {
        "bias mean": 2.362179827083674,
        "bias sd": 1.2297962479748306,
        "wasserstein mean": 0.049796083668843485,
        "wasserstein sd": 0.017587112400894465
    },
    "uniformity_of_cell_size_relative_bias": {
        "bias mean": 2.871324316448545,
        "bias sd": 1.8590012431970366,
        "wasserstein mean": 0.039410408158647686,
        "wasserstein sd": 0.013322308746602254
    },
    "uniformity_of_cell_shape_relative_bias": {
        "bias mean": 3.637553787542924,
        "bias sd": 2.069768369635566,
        "wasserstein mean": 0.05058001503883948,
        "wasserstein sd": 0.017259044951908338
    },
    "marginal_adhesion_relative_bias": {
        "bias mean": 4.15073759516546,
        "bias sd": 2.1960436074975833,
        "wasserstein mean": 0.05041815154650277,
        "wasserstein sd": 0.015996981915301283
    },
    "single_epithelial_cell_size_relative_bias": {
        "bias mean": 4.589331251250101,
        "bias sd": 1.6993255588532732,
        "wasserstein mean": 0.07192076906375912,
        "wasserstein sd": 0.023789263713706026
    },
    "bare_nuclei_relative_bias": {
        "bias mean": 4.118872494808584,
        "bias sd": 1.886802260456988,
        "wasserstein mean": 0.04469831860482225,
        "wasserstein sd": 0.013048819265956047
    },
    "bland_chromatin_relative_bias": {
        "bias mean": 3.196498230395109,
        "bias sd": 1.7793101352013772,
        "wasserstein mean": 0.05550752149026657,
        "wasserstein sd": 0.01800119967238953
    },
    "normal_nucleoli_relative_bias": {
        "bias mean": 4.418933795910324,
        "bias sd": 1.9043949490790748,
        "wasserstein mean": 0.050093302859642065,
        "wasserstein sd": 0.013219991369896907
    },
    "mitoses_relative_bias": {
        "bias mean": 12.190091382159668,
        "bias sd": 4.176681876340432,
        "wasserstein mean": 0.11604975381366009,
        "wasserstein sd": 0.04345672319518844
    },
    "class_relative_bias": {
        "bias mean": 2.363303579824414,
        "bias sd": 1.5943662942831847,
        "wasserstein mean": 0.015414541626620782,
        "wasserstein sd": 0.01009847099649171
    }
}