{
    "MMDs": {
        "mean": 0.05716778187745721,
        "sd": 0.028673986792160912
    },
    "auroc": {
        "mean": 0.9321943866895459,
        "sd": 0.027051304885552914
    },
    "auprc": {
        "mean": 0.9429400154444132,
        "sd": 0.021206088348068072
    },
    "remaining samples": {
        "mean": 308.0,
        "sd": 0.0
    },
    "all_samples": 308,
    "clump_thickness_relative_bias": {
        "bias mean": 5.728674181236832,
        "bias sd": 3.5616639407168242,
        "wasserstein mean": 0.09279088954567212,
        "wasserstein sd": 0.05803087831578017
    },
    "uniformity_of_cell_size_relative_bias": {
        "bias mean": 10.38925150215424,
        "bias sd": 6.309414830419395,
        "wasserstein mean": 0.10958810383526385,
        "wasserstein sd": 0.06978858560517313
    },
    "uniformity_of_cell_shape_relative_bias": {
        "bias mean": 10.118566145273583,
        "bias sd": 5.365342722776447,
        "wasserstein mean": 0.1110262372072857,
        "wasserstein sd": 0.06038612527534129
    },
    "marginal_adhesion_relative_bias": {
        "bias mean": 9.627192702573243,
        "bias sd": 4.987498944137522,
        "wasserstein mean": 0.09656770306801947,
        "wasserstein sd": 0.05208887250987871
    },
    "single_epithelial_cell_size_relative_bias": {
        "bias mean": 8.745568168807761,
        "bias sd": 4.506628078221713,
        "wasserstein mean": 0.12959129439814987,
        "wasserstein sd": 0.06910953635060121
    },
    "bare_nuclei_relative_bias": {
        "bias mean": 9.053171375699923,
        "bias sd": 5.836612022818651,
        "wasserstein mean": 0.09030864001207158,
        "wasserstein sd": 0.06129076097250262
    },
    "bland_chromatin_relative_bias": {
        "bias mean": 7.567738996008242,
        "bias sd": 4.024686465935675,
        "wasserstein mean": 0.10799576650994944,
        "wasserstein sd": 0.0592584106342915
    },
    "normal_nucleoli_relative_bias": {
        "bias mean": 10.171814742940448,
        "bias sd": 4.501947739385163,
        "wasserstein mean": 0.0960613802535779,
        "wasserstein sd": 0.04296224537606403
    },
    "mitoses_relative_bias": {
        "bias mean": 14.3292205505195,
        "bias sd": 5.6999006241576575,
        "wasserstein mean": 0.1365098287118586,
        "wasserstein sd": 0.05486230835898122
    },
    "class_relative_bias": {
        "bias mean": 6.203397096335661,
        "bias sd": 4.862115087245541,
        "wasserstein mean": 0.03964378264591092,
        "wasserstein sd": 0.030341890804737925
    }
}