{
    "MMDs": {
        "mean": 0.08890115240204102,
        "sd": 0.008641763858280133
    },
    "auroc": {
        "mean": 0.8440892027392979,
        "sd": 0.04162114435207585
    },
    "auprc": {
        "mean": 0.85566565397619,
        "sd": 0.03449736447784939
    },
    "mse": {
        "mean": 0.0,
        "sd": 0.0
    },
    "remaining samples": {
        "mean": 234.0,
        "sd": 5.449770637375485
    },
    "all_samples": 238,
    "clump_thickness_relative_bias": {
        "bias mean": 3.639123554299271,
        "bias sd": 2.3807199740330267,
        "wasserstein mean": 0.08008945506002872,
        "wasserstein sd": 0.030320325004218728
    },
    "uniformity_of_cell_size_relative_bias": {
        "bias mean": 5.524713718978812,
        "bias sd": 2.9421732255417714,
        "wasserstein mean": 0.07492034316960297,
        "wasserstein sd": 0.02243515224630031
    },
    "uniformity_of_cell_shape_relative_bias": {
        "bias mean": 4.087755291818873,
        "bias sd": 2.9606405616166973,
        "wasserstein mean": 0.06859044386162874,
        "wasserstein sd": 0.02095191029410116
    },
    "marginal_adhesion_relative_bias": {
        "bias mean": 6.478090619893182,
        "bias sd": 4.407907242929374,
        "wasserstein mean": 0.09166448857495328,
        "wasserstein sd": 0.0371634893137276
    },
    "single_epithelial_cell_size_relative_bias": {
        "bias mean": 5.514010141994918,
        "bias sd": 3.6843502638487,
        "wasserstein mean": 0.11699534701883159,
        "wasserstein sd": 0.042488149913116856
    },
    "bare_nuclei_relative_bias": {
        "bias mean": 4.49267459275608,
        "bias sd": 4.253510588732176,
        "wasserstein mean": 0.059227381512878555,
        "wasserstein sd": 0.035705882576192234
    },
    "bland_chromatin_relative_bias": {
        "bias mean": 4.612888001646107,
        "bias sd": 3.0062073396871503,
        "wasserstein mean": 0.08767116347530336,
        "wasserstein sd": 0.03464076385641976
    },
    "normal_nucleoli_relative_bias": {
        "bias mean": 6.299535444764132,
        "bias sd": 5.160898196253824,
        "wasserstein mean": 0.08372206978030301,
        "wasserstein sd": 0.04104233919959719
    },
    "mitoses_relative_bias": {
        "bias mean": 10.22371131187396,
        "bias sd": 6.900501936569752,
        "wasserstein mean": 0.11292547683090726,
        "wasserstein sd": 0.05013955855692813
    },
    "class_relative_bias": {
        "bias mean": 14.518281172217405,
        "bias sd": 4.515402281331105,
        "wasserstein mean": 0.09423687828613939,
        "wasserstein sd": 0.028270091871880332
    }
}