{
    "MMDs": {
        "mean": 0.06579868024108144,
        "sd": 0.011910284199172335
    },
    "auroc": {
        "mean": 0.6798670000274839,
        "sd": 0.0423467042603376
    },
    "auprc": {
        "mean": 0.7826926182066327,
        "sd": 0.024345425161840375
    },
    "remaining samples": {
        "mean": 148.92,
        "sd": 6.517177303096794
    },
    "all_samples": 156,
    "Dependents_relative_bias": {
        "bias mean": 10.018373570411779,
        "bias sd": 5.879236779287636,
        "wasserstein mean": 0.08952546133931148,
        "wasserstein sd": 0.04501970198912237
    },
    "ApplicantIncome_relative_bias": {
        "bias mean": 7.0510847719636836,
        "bias sd": 4.770011487287508,
        "wasserstein mean": 0.12978856300376237,
        "wasserstein sd": 0.031103091410837596
    },
    "CoapplicantIncome_relative_bias": {
        "bias mean": 15.145882676919467,
        "bias sd": 11.74236940292356,
        "wasserstein mean": 0.13422639861679153,
        "wasserstein sd": 0.043435928824807124
    },
    "LoanAmount_relative_bias": {
        "bias mean": 4.263753217493042,
        "bias sd": 3.2990918512860405,
        "wasserstein mean": 0.12800856881298178,
        "wasserstein sd": 0.045053059528822464
    },
    "Loan_Amount_Term_relative_bias": {
        "bias mean": 1.4664712653040148,
        "bias sd": 1.011731472980078,
        "wasserstein mean": 0.10592729168809772,
        "wasserstein sd": 0.044321272277794865
    },
    "Credit_History_relative_bias": {
        "bias mean": 5.991634567947552,
        "bias sd": 3.63234514892554,
        "wasserstein mean": 0.14591844453492142,
        "wasserstein sd": 0.09126611144868679
    },
    "Loan_Status_relative_bias": {
        "bias mean": 21.63481329165218,
        "bias sd": 6.205245524589401,
        "wasserstein mean": 0.15044607048717576,
        "wasserstein sd": 0.04738928876962209
    },
    "Gender_Male_relative_bias": {
        "bias mean": 4.361769139857968,
        "bias sd": 2.353626672665746,
        "wasserstein mean": 0.09432566646108066,
        "wasserstein sd": 0.051393123580661386
    },
    "Married_Yes_relative_bias": {
        "bias mean": 5.6202857629145315,
        "bias sd": 4.529086121147565,
        "wasserstein mean": 0.0771032419435156,
        "wasserstein sd": 0.06438889826530139
    },
    "Education_Not Graduate_relative_bias": {
        "bias mean": 15.473889351416526,
        "bias sd": 12.491017008587376,
        "wasserstein mean": 0.07590225925434363,
        "wasserstein sd": 0.05799525516454068
    },
    "Self_Employed_Yes_relative_bias": {
        "bias mean": 19.202011568308645,
        "bias sd": 17.318592980101933,
        "wasserstein mean": 0.07135989109214712,
        "wasserstein sd": 0.05638732704194096
    },
    "Property_Area_Semiurban_relative_bias": {
        "bias mean": 10.052792036300287,
        "bias sd": 6.756969355476931,
        "wasserstein mean": 0.08156149055848826,
        "wasserstein sd": 0.05606981911229864
    },
    "Property_Area_Urban_relative_bias": {
        "bias mean": 11.78884733767746,
        "bias sd": 7.816557115391033,
        "wasserstein mean": 0.0809065350165006,
        "wasserstein sd": 0.055478082996055056
    }
}