{"MMDs": {"mean": 0.06942039677776528, "sd": 0.02649871118367212}, "auroc": {"mean": 0.9407193956907522, "sd": 0.0207879761656602}, "auprc": {"mean": 0.9508301204988604, "sd": 0.018972813647351296}, "remaining samples": {"mean": 274.02, "sd": 10.538481864101678}, "all_samples": 286, "clump_thickness_relative_bias": {"bias mean": 7.600795102674635, "bias sd": 4.396848464020171, "wasserstein mean": 0.1264189420770925, "wasserstein sd": 0.056811234488110735}, "uniformity_of_cell_size_relative_bias": {"bias mean": 12.741405385234053, "bias sd": 8.23617438948929, "wasserstein mean": 0.1306251557244883, "wasserstein sd": 0.07338264143362194}, "uniformity_of_cell_shape_relative_bias": {"bias mean": 11.41225619716072, "bias sd": 7.560615195466468, "wasserstein mean": 0.12588628114604947, "wasserstein sd": 0.06853402361247046}, "marginal_adhesion_relative_bias": {"bias mean": 11.687744203665975, "bias sd": 7.8065725529406444, "wasserstein mean": 0.11929929604667472, "wasserstein sd": 0.06457401866225343}, "single_epithelial_cell_size_relative_bias": {"bias mean": 6.89156117968355, "bias sd": 4.775800380628006, "wasserstein mean": 0.11815008613239314, "wasserstein sd": 0.05553308705704439}, "bare_nuclei_relative_bias": {"bias mean": 12.166579121453974, "bias sd": 7.459338588239344, "wasserstein mean": 0.1197621038773067, "wasserstein sd": 0.06180020476592401}, "bland_chromatin_relative_bias": {"bias mean": 8.401237412202113, "bias sd": 5.899148579467207, "wasserstein mean": 0.1266091141796025, "wasserstein sd": 0.07075669838482523}, "normal_nucleoli_relative_bias": {"bias mean": 12.334454934877629, "bias sd": 7.811709680939253, "wasserstein mean": 0.11793367885642408, "wasserstein sd": 0.061026049241701984}, "mitoses_relative_bias": {"bias mean": 10.936549457458788, "bias sd": 7.250360087428874, "wasserstein mean": 0.10664566705729035, "wasserstein sd": 0.054338410511277975}, "class_relative_bias": {"bias mean": 10.02692691635166, "bias sd": 4.5840462774684205, "wasserstein mean": 0.06590961678884151, "wasserstein sd": 0.03174335700672192}}