{
    "MMDs": {
        "mean": 0.13562124014589347,
        "sd": 0.0333515171192864
    },
    "auroc": {
        "mean": 0.9470252848077915,
        "sd": 0.015410070434065188
    },
    "auprc": {
        "mean": 0.9561474839843168,
        "sd": 0.014166596428575599
    },
    "remaining samples": {
        "mean": 217.4,
        "sd": 7.64983659956211
    },
    "all_samples": 229,
    "clump_thickness_relative_bias": {
        "bias mean": 15.864510173352732,
        "bias sd": 5.115979949510391,
        "wasserstein mean": 0.24757573603240296,
        "wasserstein sd": 0.07438415887401292
    },
    "uniformity_of_cell_size_relative_bias": {
        "bias mean": 27.6324542720306,
        "bias sd": 9.728220398912963,
        "wasserstein mean": 0.27934449290070756,
        "wasserstein sd": 0.08556708872841169
    },
    "uniformity_of_cell_shape_relative_bias": {
        "bias mean": 25.623139980500547,
        "bias sd": 8.895373126374981,
        "wasserstein mean": 0.2726884301964078,
        "wasserstein sd": 0.08317025353250217
    },
    "marginal_adhesion_relative_bias": {
        "bias mean": 24.32522112085112,
        "bias sd": 9.806202927197432,
        "wasserstein mean": 0.23637441087747063,
        "wasserstein sd": 0.0852377012644582
    },
    "single_epithelial_cell_size_relative_bias": {
        "bias mean": 15.216798108709108,
        "bias sd": 5.816484864687444,
        "wasserstein mean": 0.22622432806875006,
        "wasserstein sd": 0.07403607768817273
    },
    "bare_nuclei_relative_bias": {
        "bias mean": 27.89680319760059,
        "bias sd": 9.782234710534778,
        "wasserstein mean": 0.26815805175279644,
        "wasserstein sd": 0.08349735089342222
    },
    "bland_chromatin_relative_bias": {
        "bias mean": 18.403602541317046,
        "bias sd": 7.0235601762353825,
        "wasserstein mean": 0.258148131524114,
        "wasserstein sd": 0.08582269492780917
    },
    "normal_nucleoli_relative_bias": {
        "bias mean": 26.941083004644135,
        "bias sd": 9.797468442089421,
        "wasserstein mean": 0.2487022881439306,
        "wasserstein sd": 0.08090464115974093
    },
    "mitoses_relative_bias": {
        "bias mean": 18.24646562407649,
        "bias sd": 10.461208655042194,
        "wasserstein mean": 0.1716924466431068,
        "wasserstein sd": 0.07808487248226219
    },
    "class_relative_bias": {
        "bias mean": 24.043601408026962,
        "bias sd": 4.570836981999943,
        "wasserstein mean": 0.15693586698151044,
        "wasserstein sd": 0.033903441801139675
    }
}