{"MMDs": {"mean": 0.033402127317505415, "sd": 0.093382185294925}, "auroc": {"mean": 0.7193260436753665, "sd": 0.04482944932514426}, "auprc": {"mean": 0.3789900049526832, "sd": 0.04707739147144778}, "remaining samples": {"mean": 2246.094, "sd": 1.8934529304949728}, "all_samples": 2250, "city_development_index_relative_bias": {"bias mean": 0.2995049899686761, "bias sd": 0.9373932677893545, "wasserstein mean": 0.13159666511828202, "wasserstein sd": 0.06412556122889206}, "experience_relative_bias": {"bias mean": 0.9519293544522147, "bias sd": 6.454013999548521, "wasserstein mean": 0.1893391999335239, "wasserstein sd": 0.11661112325160598}, "training_hours_relative_bias": {"bias mean": 2.3405231776252804, "bias sd": 6.444739240998235, "wasserstein mean": 0.15145208603405627, "wasserstein sd": 0.08760624387927712}, "target_relative_bias": {"bias mean": 11.77448463052416, "bias sd": 23.92177808270952, "wasserstein mean": 0.019284416856063323, "wasserstein sd": 0.04069179524785512}, "gender_Male_relative_bias": {"bias mean": 0.46808796740136904, "bias sd": 1.2079274643817404, "wasserstein mean": 0.014139578936615101, "wasserstein sd": 0.036448500887875844}, "gender_Other_relative_bias": {"bias mean": 100.0, "bias sd": 0.0, "wasserstein mean": 0.09471250661107043, "wasserstein sd": 0.017624144160723876}, "relevent_experience_No relevent experience_relative_bias": {"bias mean": 3.012362384644956, "bias sd": 11.743654756224084, "wasserstein mean": 0.011185560499974706, "wasserstein sd": 0.043535896481331215}, "enrolled_university_Part time course_relative_bias": {"bias mean": 7.45493109283474, "bias sd": 15.121839420246877, "wasserstein mean": 0.018479387915897344, "wasserstein sd": 0.03737281352617925}, "enrolled_university_no_enrollment_relative_bias": {"bias mean": 0.6654504767892403, "bias sd": 2.0639180129218833, "wasserstein mean": 0.0157342892776028, "wasserstein sd": 0.048780037834926404}, "education_level_Masters_relative_bias": {"bias mean": 2.4860515767770806, "bias sd": 10.788998107502913, "wasserstein mean": 0.015210313390825004, "wasserstein sd": 0.06575237839249112}, "education_level_Phd_relative_bias": {"bias mean": 8.805158982061833, "bias sd": 21.87633172883525, "wasserstein mean": 0.014797823513999714, "wasserstein sd": 0.03772345379421401}, "major_discipline_Business Degree_relative_bias": {"bias mean": 111.10064039910233, "bias sd": 431.121067401003, "wasserstein mean": 0.15759328835606046, "wasserstein sd": 0.6278047936553545}, "major_discipline_Humanities_relative_bias": {"bias mean": 8.163117077752434, "bias sd": 11.778696727457033, "wasserstein mean": 0.01697214338961473, "wasserstein sd": 0.024760505916563254}, "major_discipline_No Major_relative_bias": {"bias mean": 100.0, "bias sd": 0.0, "wasserstein mean": 0.11165715326521183, "wasserstein sd": 0.017038564241519817}, "major_discipline_Other_relative_bias": {"bias mean": 60.41355688274186, "bias sd": 360.7563726218996, "wasserstein mean": 0.08242309065977539, "wasserstein sd": 0.4450115514804765}, "major_discipline_STEM_relative_bias": {"bias mean": 2.7909230202416997, "bias sd": 10.652491148853468, "wasserstein mean": 0.08024277866281664, "wasserstein sd": 0.3063017261106947}, "company_size_100-500_relative_bias": {"bias mean": 3.011081495104928, "bias sd": 20.71684655474307, "wasserstein mean": 0.015068415814686499, "wasserstein sd": 0.10168716003266401}, "company_size_1000-4999_relative_bias": {"bias mean": 2.947438277329073, "bias sd": 12.249880500449365, "wasserstein mean": 0.010010031240575859, "wasserstein sd": 0.041887447767385316}, "company_size_10000+_relative_bias": {"bias mean": 3.0092421746420484, "bias sd": 20.145051756593237, "wasserstein mean": 0.013047295031661585, "wasserstein sd": 0.0860389557399436}, "company_size_50-99_relative_bias": {"bias mean": 2.854591394924391, "bias sd": 18.07801176997274, "wasserstein mean": 0.015319374397887537, "wasserstein sd": 0.09810537486538536}, "company_size_500-999_relative_bias": {"bias mean": 7.696414997385392, "bias sd": 15.297990580095885, "wasserstein mean": 0.02027295954756529, "wasserstein sd": 0.0395351398156507}, "company_size_5000-9999_relative_bias": {"bias mean": 7.529267113204826, "bias sd": 12.545684646267999, "wasserstein mean": 0.015849519945646, "wasserstein sd": 0.02618290895336122}, "company_size_<10_relative_bias": {"bias mean": 3.866713717077438, "bias sd": 11.243886576732145, "wasserstein mean": 0.01223449447490785, "wasserstein sd": 0.03521201473443857}, "company_type_Funded Startup_relative_bias": {"bias mean": 6.556216454709519, "bias sd": 11.430852361777397, "wasserstein mean": 0.020296654007146257, "wasserstein sd": 0.035437775601231555}, "company_type_NGO_relative_bias": {"bias mean": 7.296101273912466, "bias sd": 19.512251548717206, "wasserstein mean": 0.014872097108922398, "wasserstein sd": 0.04159204635137738}, "company_type_Other_relative_bias": {"bias mean": 100.0, "bias sd": 0.0, "wasserstein mean": 0.0891676116650132, "wasserstein sd": 0.016982105146467384}, "company_type_Public Sector_relative_bias": {"bias mean": 5.678196263288029, "bias sd": 12.880270724272211, "wasserstein mean": 0.014592584544519296, "wasserstein sd": 0.033131311542719664}, "company_type_Pvt Ltd_relative_bias": {"bias mean": 0.920466136916757, "bias sd": 3.6231103539452283, "wasserstein mean": 0.016302844672714967, "wasserstein sd": 0.06417721341668833}, "last_new_job_2_relative_bias": {"bias mean": 3.2350841172575437, "bias sd": 10.823560597508024, "wasserstein mean": 0.01496889458958266, "wasserstein sd": 0.050346008298472376}, "last_new_job_3_relative_bias": {"bias mean": 6.2737873149834416, "bias sd": 13.935421244031517, "wasserstein mean": 0.016815474149338233, "wasserstein sd": 0.03653797217496515}, "last_new_job_4_relative_bias": {"bias mean": 7.871595353293812, "bias sd": 12.292297041514413, "wasserstein mean": 0.021081293553271332, "wasserstein sd": 0.033526051354207}, "last_new_job_>4_relative_bias": {"bias mean": 2.184251823377393, "bias sd": 10.990864794821999, "wasserstein mean": 0.011664055310572009, "wasserstein sd": 0.058842276916836314}, "last_new_job_never_relative_bias": {"bias mean": 9.27726081315456, "bias sd": 11.423791442813858, "wasserstein mean": 0.01895589083275601, "wasserstein sd": 0.02282687938556796}}