{"MMDs": {"mean": 0.02155037985957873, "sd": 0.003215206524181288}, "auroc": {"mean": 0.7307474146323675, "sd": 0.01191945518674742}, "auprc": {"mean": 0.3904427018293213, "sd": 0.020300780637665126}, "remaining samples": {"mean": 2246.42, "sd": 1.6981166037701885}, "all_samples": 2250, "city_development_index_relative_bias": {"bias mean": 0.16896079587758847, "bias sd": 0.0783578367238166, "wasserstein mean": 0.11727414257160708, "wasserstein sd": 0.02888343055474133}, "experience_relative_bias": {"bias mean": 0.27637789093094456, "bias sd": 0.21837390237034648, "wasserstein mean": 0.169281120758159, "wasserstein sd": 0.0376197262400317}, "training_hours_relative_bias": {"bias mean": 1.3512948315834514, "bias sd": 0.5509163140499379, "wasserstein mean": 0.13689535020124405, "wasserstein sd": 0.025154512963966476}, "target_relative_bias": {"bias mean": 9.934693464630353, "bias sd": 6.679187267891211, "wasserstein mean": 0.016103281716020375, "wasserstein sd": 0.010461414549921099}, "gender_Male_relative_bias": {"bias mean": 0.31409697768090866, "bias sd": 0.18182437711991595, "wasserstein mean": 0.00949381398974537, "wasserstein sd": 0.005477947871593222}, "gender_Other_relative_bias": {"bias mean": 100.0, "bias sd": 0.0, "wasserstein mean": 0.09466084993988913, "wasserstein sd": 0.02053217306362474}, "relevent_experience_No relevent experience_relative_bias": {"bias mean": 1.3203836786326701, "bias sd": 0.9921126196571615, "wasserstein mean": 0.004904408054495309, "wasserstein sd": 0.0036608754983815392}, "enrolled_university_Part time course_relative_bias": {"bias mean": 5.53853322311049, "bias sd": 2.379745658524622, "wasserstein mean": 0.013609754871516938, "wasserstein sd": 0.0055764949207508345}, "enrolled_university_no_enrollment_relative_bias": {"bias mean": 0.3764921698217145, "bias sd": 0.2287745647240548, "wasserstein mean": 0.008918623656926524, "wasserstein sd": 0.005420850916749519}, "education_level_Masters_relative_bias": {"bias mean": 1.125702994084571, "bias sd": 0.8367553482537116, "wasserstein mean": 0.00689888017829118, "wasserstein sd": 0.005138141414316641}, "education_level_Phd_relative_bias": {"bias mean": 5.7635447256572725, "bias sd": 3.660315384605392, "wasserstein mean": 0.00952968660191364, "wasserstein sd": 0.005667879651924917}, "major_discipline_Business Degree_relative_bias": {"bias mean": 68.27095057328687, "bias sd": 42.36435900704105, "wasserstein mean": 0.09597587205233565, "wasserstein sd": 0.060809852505813174}, "major_discipline_Humanities_relative_bias": {"bias mean": 6.253698205244522, "bias sd": 2.5714745552991807, "wasserstein mean": 0.012795367135538898, "wasserstein sd": 0.004957737945313451}, "major_discipline_No Major_relative_bias": {"bias mean": 100.0, "bias sd": 0.0, "wasserstein mean": 0.10880651612427901, "wasserstein sd": 0.016586867051869215}, "major_discipline_Other_relative_bias": {"bias mean": 29.935412258717434, "bias sd": 37.41176893841652, "wasserstein mean": 0.04254859104080029, "wasserstein sd": 0.053681273124367296}, "major_discipline_STEM_relative_bias": {"bias mean": 1.4973770275456162, "bias sd": 0.35462732100702954, "wasserstein mean": 0.043087960136260456, "wasserstein sd": 0.010159407599890584}, "company_size_100-500_relative_bias": {"bias mean": 0.9839636267932553, "bias sd": 0.8673025734847049, "wasserstein mean": 0.004912715987096781, "wasserstein sd": 0.004262187343974016}, "company_size_1000-4999_relative_bias": {"bias mean": 1.285862166676726, "bias sd": 0.893659905417961, "wasserstein mean": 0.004365267980293661, "wasserstein sd": 0.0029901616358998418}, "company_size_10000+_relative_bias": {"bias mean": 0.8233510588502352, "bias sd": 0.6882255353168081, "wasserstein mean": 0.003636592488269117, "wasserstein sd": 0.0030126293070810366}, "company_size_50-99_relative_bias": {"bias mean": 1.05662560332332, "bias sd": 1.00724592575589, "wasserstein mean": 0.005653016724990444, "wasserstein sd": 0.005396885381862567}, "company_size_500-999_relative_bias": {"bias mean": 5.491626491023585, "bias sd": 1.8054771497526432, "wasserstein mean": 0.014445394471671787, "wasserstein sd": 0.00458925799117166}, "company_size_5000-9999_relative_bias": {"bias mean": 5.395553526361547, "bias sd": 2.7223778458700725, "wasserstein mean": 0.011374232118792542, "wasserstein sd": 0.005547548986177518}, "company_size_<10_relative_bias": {"bias mean": 2.313083470963652, "bias sd": 1.439446668768005, "wasserstein mean": 0.007328787316025617, "wasserstein sd": 0.004430512346938444}, "company_type_Funded Startup_relative_bias": {"bias mean": 4.870015751386324, "bias sd": 1.7161649565285595, "wasserstein mean": 0.015030240214592016, "wasserstein sd": 0.005199576709261863}, "company_type_NGO_relative_bias": {"bias mean": 4.442782003240895, "bias sd": 2.7531118373513688, "wasserstein mean": 0.008804623444755575, "wasserstein sd": 0.005176859446749329}, "company_type_Other_relative_bias": {"bias mean": 100.0, "bias sd": 0.0, "wasserstein mean": 0.09069942416197074, "wasserstein sd": 0.019069901908887486}, "company_type_Public Sector_relative_bias": {"bias mean": 3.462375525682009, "bias sd": 1.999798935339718, "wasserstein mean": 0.008875991186394296, "wasserstein sd": 0.00496110511278743}, "company_type_Pvt Ltd_relative_bias": {"bias mean": 0.45258700047216693, "bias sd": 0.2877006875620048, "wasserstein mean": 0.008020811644310892, "wasserstein sd": 0.0050843628735214134}, "last_new_job_2_relative_bias": {"bias mean": 1.6754157393833211, "bias sd": 0.9316712678357173, "wasserstein mean": 0.007772073586584834, "wasserstein sd": 0.004280765701593517}, "last_new_job_3_relative_bias": {"bias mean": 4.553732506913374, "bias sd": 1.9976332955425298, "wasserstein mean": 0.012190944092487143, "wasserstein sd": 0.005186694451778786}, "last_new_job_4_relative_bias": {"bias mean": 6.0987103892088905, "bias sd": 1.9021818771844028, "wasserstein mean": 0.016276345634913245, "wasserstein sd": 0.0050024275891933125}, "last_new_job_>4_relative_bias": {"bias mean": 0.817672369343928, "bias sd": 0.6254997859101363, "wasserstein mean": 0.0043316357602909165, "wasserstein sd": 0.0033322962075499896}, "last_new_job_never_relative_bias": {"bias mean": 7.823087960176723, "bias sd": 3.042088571104442, "wasserstein mean": 0.01604163124915142, "wasserstein sd": 0.005857470858778245}}