{
    "MMDs": {
        "mean": 0.022744395324734167,
        "sd": 0.0042187764982876946
    },
    "auroc": {
        "mean": 0.727416580738414,
        "sd": 0.014688472510342786
    },
    "auprc": {
        "mean": 0.38898642676534967,
        "sd": 0.019423455274791546
    },
    "remaining samples": {
        "mean": 2246.24,
        "sd": 2.0055921818754676
    },
    "all_samples": 2250,
    "city_development_index_relative_bias": {
        "bias mean": 0.1412079466850739,
        "bias sd": 0.09648531625214017,
        "wasserstein mean": 0.06375432502327033,
        "wasserstein sd": 0.03419703396429408
    },
    "experience_relative_bias": {
        "bias mean": 0.316667046954964,
        "bias sd": 0.2276169624742049,
        "wasserstein mean": 0.10525327008291427,
        "wasserstein sd": 0.06155907783146064
    },
    "training_hours_relative_bias": {
        "bias mean": 1.6200663808932194,
        "bias sd": 0.5886961511363521,
        "wasserstein mean": 0.15716976479623454,
        "wasserstein sd": 0.03363473153510833
    },
    "target_relative_bias": {
        "bias mean": 7.809367387552945,
        "bias sd": 6.724890886880653,
        "wasserstein mean": 0.012672909720630872,
        "wasserstein sd": 0.010530297749053385
    },
    "gender_Male_relative_bias": {
        "bias mean": 0.3324178610276316,
        "bias sd": 0.1851407435990557,
        "wasserstein mean": 0.010032212964334456,
        "wasserstein sd": 0.005572958309307531
    },
    "gender_Other_relative_bias": {
        "bias mean": 100.0,
        "bias sd": 0.0,
        "wasserstein mean": 0.09625359730131516,
        "wasserstein sd": 0.017596998342598192
    },
    "relevent_experience_No relevent experience_relative_bias": {
        "bias mean": 1.3925928114408068,
        "bias sd": 0.9974317555467188,
        "wasserstein mean": 0.0051891937763488835,
        "wasserstein sd": 0.003742434606723408
    },
    "enrolled_university_Part time course_relative_bias": {
        "bias mean": 6.093171584142408,
        "bias sd": 2.778985965504464,
        "wasserstein mean": 0.014931583581318755,
        "wasserstein sd": 0.006268938520757572
    },
    "enrolled_university_no_enrollment_relative_bias": {
        "bias mean": 0.3842834448862,
        "bias sd": 0.2322889719574233,
        "wasserstein mean": 0.00909075832797895,
        "wasserstein sd": 0.005515363445142654
    },
    "education_level_Masters_relative_bias": {
        "bias mean": 1.3559528730845634,
        "bias sd": 0.8153985365377395,
        "wasserstein mean": 0.008316933924707743,
        "wasserstein sd": 0.0049866700013731415
    },
    "education_level_Phd_relative_bias": {
        "bias mean": 6.9185220628563275,
        "bias sd": 4.871593523242552,
        "wasserstein mean": 0.011586764276651512,
        "wasserstein sd": 0.007758213656536209
    },
    "major_discipline_Business Degree_relative_bias": {
        "bias mean": 68.360652987169,
        "bias sd": 42.24093656634931,
        "wasserstein mean": 0.09518477595042568,
        "wasserstein sd": 0.06052778741967822
    },
    "major_discipline_Humanities_relative_bias": {
        "bias mean": 6.92606176104752,
        "bias sd": 3.156297015736133,
        "wasserstein mean": 0.014331896643322477,
        "wasserstein sd": 0.006112963668505258
    },
    "major_discipline_No Major_relative_bias": {
        "bias mean": 100.0,
        "bias sd": 0.0,
        "wasserstein mean": 0.10905846637663429,
        "wasserstein sd": 0.015593689917906155
    },
    "major_discipline_Other_relative_bias": {
        "bias mean": 37.5575546938467,
        "bias sd": 42.93405456225611,
        "wasserstein mean": 0.056386371758168394,
        "wasserstein sd": 0.06625441015590476
    },
    "major_discipline_STEM_relative_bias": {
        "bias mean": 1.551782068633849,
        "bias sd": 0.4993225757589312,
        "wasserstein mean": 0.04454377202769736,
        "wasserstein sd": 0.014239997296500445
    },
    "company_size_100-500_relative_bias": {
        "bias mean": 0.9980980189018933,
        "bias sd": 0.8604245309321972,
        "wasserstein mean": 0.004978814951797601,
        "wasserstein sd": 0.004282698373950871
    },
    "company_size_1000-4999_relative_bias": {
        "bias mean": 1.403957134738995,
        "bias sd": 0.9882864994173074,
        "wasserstein mean": 0.004774634907612244,
        "wasserstein sd": 0.003352992749796213
    },
    "company_size_10000+_relative_bias": {
        "bias mean": 1.2318853336647146,
        "bias sd": 0.9907964715239873,
        "wasserstein mean": 0.005388024283833962,
        "wasserstein sd": 0.004381463584099068
    },
    "company_size_50-99_relative_bias": {
        "bias mean": 1.0578284575828598,
        "bias sd": 0.9200363130473967,
        "wasserstein mean": 0.005694287195827554,
        "wasserstein sd": 0.0049440477686490195
    },
    "company_size_500-999_relative_bias": {
        "bias mean": 6.1773224050408935,
        "bias sd": 2.7315571647626378,
        "wasserstein mean": 0.016231558482860623,
        "wasserstein sd": 0.0067156886756530275
    },
    "company_size_5000-9999_relative_bias": {
        "bias mean": 5.311061387266928,
        "bias sd": 3.2809969482198604,
        "wasserstein mean": 0.01137276392085744,
        "wasserstein sd": 0.006966805003713424
    },
    "company_size_<10_relative_bias": {
        "bias mean": 2.846467111634043,
        "bias sd": 1.6204235505434443,
        "wasserstein mean": 0.00910441101466189,
        "wasserstein sd": 0.0051177979493548945
    },
    "company_type_Funded Startup_relative_bias": {
        "bias mean": 5.488593767806301,
        "bias sd": 1.820193361306447,
        "wasserstein mean": 0.01710634235665652,
        "wasserstein sd": 0.005467677353758572
    },
    "company_type_NGO_relative_bias": {
        "bias mean": 4.8623914983977645,
        "bias sd": 3.6963800436029453,
        "wasserstein mean": 0.009597175239366193,
        "wasserstein sd": 0.0068310553795918995
    },
    "company_type_Other_relative_bias": {
        "bias mean": 100.0,
        "bias sd": 0.0,
        "wasserstein mean": 0.08796724397733852,
        "wasserstein sd": 0.01691989156877457
    },
    "company_type_Public Sector_relative_bias": {
        "bias mean": 3.909156688804493,
        "bias sd": 2.594862853655654,
        "wasserstein mean": 0.010026382690347987,
        "wasserstein sd": 0.006500388095734059
    },
    "company_type_Pvt Ltd_relative_bias": {
        "bias mean": 0.45194334503522127,
        "bias sd": 0.3153114028893499,
        "wasserstein mean": 0.007988073192580524,
        "wasserstein sd": 0.005563185183225247
    },
    "last_new_job_2_relative_bias": {
        "bias mean": 1.9276926921798687,
        "bias sd": 1.150026915431593,
        "wasserstein mean": 0.008890786445084177,
        "wasserstein sd": 0.005362216047850644
    },
    "last_new_job_3_relative_bias": {
        "bias mean": 4.825183453604411,
        "bias sd": 2.238135529027506,
        "wasserstein mean": 0.01294383336448795,
        "wasserstein sd": 0.005958764770667799
    },
    "last_new_job_4_relative_bias": {
        "bias mean": 6.532675532697205,
        "bias sd": 2.721844964106556,
        "wasserstein mean": 0.01726477530554535,
        "wasserstein sd": 0.006651354227222795
    },
    "last_new_job_>4_relative_bias": {
        "bias mean": 0.8952715790342006,
        "bias sd": 0.6760791992433542,
        "wasserstein mean": 0.004761611701444148,
        "wasserstein sd": 0.003620885965350208
    },
    "last_new_job_never_relative_bias": {
        "bias mean": 8.251373557274425,
        "bias sd": 3.3585747133978754,
        "wasserstein mean": 0.01675803382008165,
        "wasserstein sd": 0.006590891461576458
    }
}