{
    "MMDs": {
        "mean": 0.018846063587769295,
        "sd": 0.009783838300385341
    },
    "auroc": {
        "mean": 0.6978733379939951,
        "sd": 0.047395581856351426
    },
    "auprc": {
        "mean": 0.25143426976848054,
        "sd": 0.05112083833801478
    },
    "mse": {
        "mean": 0.0,
        "sd": 0.0
    },
    "remaining samples": {
        "mean": 622.35,
        "sd": 12.338050899554597
    },
    "all_samples": 631,
    "city_development_index_relative_bias": {
        "bias mean": 0.6431517013096835,
        "bias sd": 1.2901017668254908,
        "wasserstein mean": 0.04997179352512423,
        "wasserstein sd": 0.09254915169071451
    },
    "experience_relative_bias": {
        "bias mean": 2.1607169693383135,
        "bias sd": 2.5863046850331117,
        "wasserstein mean": 0.0409918677105905,
        "wasserstein sd": 0.04490868342446608
    },
    "training_hours_relative_bias": {
        "bias mean": 1.455942814045928,
        "bias sd": 1.0887557830632206,
        "wasserstein mean": 0.02582339935618947,
        "wasserstein sd": 0.007969399155156372
    },
    "target_relative_bias": {
        "bias mean": 242.32595452380247,
        "bias sd": 21.082767712535876,
        "wasserstein mean": 0.398369085605657,
        "wasserstein sd": 0.030704250293208533
    },
    "gender_Male_relative_bias": {
        "bias mean": 0.4637402769351966,
        "bias sd": 0.37746602783233496,
        "wasserstein mean": 0.014018157555288163,
        "wasserstein sd": 0.011397292527242479
    },
    "gender_Other_relative_bias": {
        "bias mean": 15.075414535680503,
        "bias sd": 13.72434654126146,
        "wasserstein mean": 0.014373189544963114,
        "wasserstein sd": 0.01187112288803875
    },
    "relevent_experience_No relevent experience_relative_bias": {
        "bias mean": 2.806179886811452,
        "bias sd": 1.556661090056483,
        "wasserstein mean": 0.01052530855401292,
        "wasserstein sd": 0.005575972749700822
    },
    "enrolled_university_Part time course_relative_bias": {
        "bias mean": 5.39769449199868,
        "bias sd": 5.508335238224222,
        "wasserstein mean": 0.013733066795545293,
        "wasserstein sd": 0.01436267293347274
    },
    "enrolled_university_no_enrollment_relative_bias": {
        "bias mean": 0.537908921916839,
        "bias sd": 0.3782938149191256,
        "wasserstein mean": 0.012660484986930407,
        "wasserstein sd": 0.008881300401675273
    },
    "education_level_Masters_relative_bias": {
        "bias mean": 3.0879457539559816,
        "bias sd": 4.301091103137837,
        "wasserstein mean": 0.019490660616289075,
        "wasserstein sd": 0.028508927846824243
    },
    "education_level_Phd_relative_bias": {
        "bias mean": 6.399125079804741,
        "bias sd": 5.496330674477959,
        "wasserstein mean": 0.010726632902480444,
        "wasserstein sd": 0.008652021648785674
    },
    "major_discipline_Business Degree_relative_bias": {
        "bias mean": 10.21177955051435,
        "bias sd": 7.392488098918961,
        "wasserstein mean": 0.014434790690928966,
        "wasserstein sd": 0.010294291110653872
    },
    "major_discipline_Humanities_relative_bias": {
        "bias mean": 5.140596740504366,
        "bias sd": 3.5208887475265835,
        "wasserstein mean": 0.01090703861224988,
        "wasserstein sd": 0.0077757895043805555
    },
    "major_discipline_No Major_relative_bias": {
        "bias mean": 12.025390668661942,
        "bias sd": 9.724796285401347,
        "wasserstein mean": 0.013331641370273211,
        "wasserstein sd": 0.01000279728392449
    },
    "major_discipline_Other_relative_bias": {
        "bias mean": 12.30407933365261,
        "bias sd": 8.435872260133925,
        "wasserstein mean": 0.017487117676419563,
        "wasserstein sd": 0.01132304457387519
    },
    "major_discipline_STEM_relative_bias": {
        "bias mean": 0.46963608212320507,
        "bias sd": 0.2500011690957856,
        "wasserstein mean": 0.013485519650073635,
        "wasserstein sd": 0.007163928430912594
    },
    "company_size_100-500_relative_bias": {
        "bias mean": 2.6063675591013444,
        "bias sd": 1.6850343216248589,
        "wasserstein mean": 0.012992018669711137,
        "wasserstein sd": 0.008451925971751475
    },
    "company_size_1000-4999_relative_bias": {
        "bias mean": 3.6131372946034994,
        "bias sd": 3.284566368150091,
        "wasserstein mean": 0.01261133358818443,
        "wasserstein sd": 0.011677761092976753
    },
    "company_size_10000+_relative_bias": {
        "bias mean": 3.4245488878231924,
        "bias sd": 4.721113594451275,
        "wasserstein mean": 0.015270070827045814,
        "wasserstein sd": 0.02247440389341616
    },
    "company_size_50-99_relative_bias": {
        "bias mean": 2.246521385658063,
        "bias sd": 1.516769717011334,
        "wasserstein mean": 0.012031987542139017,
        "wasserstein sd": 0.008060962632909905
    },
    "company_size_500-999_relative_bias": {
        "bias mean": 4.22045968420405,
        "bias sd": 3.176774928515079,
        "wasserstein mean": 0.011447711902994148,
        "wasserstein sd": 0.00873616949544015
    },
    "company_size_5000-9999_relative_bias": {
        "bias mean": 6.654666783954558,
        "bias sd": 6.053518145980835,
        "wasserstein mean": 0.014097830328203439,
        "wasserstein sd": 0.012467807325652298
    },
    "company_size_<10_relative_bias": {
        "bias mean": 4.156865862576506,
        "bias sd": 2.9058558609047416,
        "wasserstein mean": 0.013636211171812573,
        "wasserstein sd": 0.009752551914515758
    },
    "company_type_Funded Startup_relative_bias": {
        "bias mean": 4.880579526733811,
        "bias sd": 3.686074060294361,
        "wasserstein mean": 0.014794257329834493,
        "wasserstein sd": 0.011016281842389496
    },
    "company_type_NGO_relative_bias": {
        "bias mean": 4.52652339566359,
        "bias sd": 4.30566297682204,
        "wasserstein mean": 0.009324206052048404,
        "wasserstein sd": 0.009263443645610396
    },
    "company_type_Other_relative_bias": {
        "bias mean": 14.633765808722828,
        "bias sd": 13.550112119865522,
        "wasserstein mean": 0.01430044365191831,
        "wasserstein sd": 0.014291848940878532
    },
    "company_type_Public Sector_relative_bias": {
        "bias mean": 4.9645250316717675,
        "bias sd": 4.682313530450131,
        "wasserstein mean": 0.013066426618246455,
        "wasserstein sd": 0.012558002672895549
    },
    "company_type_Pvt Ltd_relative_bias": {
        "bias mean": 0.7154933338438264,
        "bias sd": 0.43402472267021613,
        "wasserstein mean": 0.012719975753853283,
        "wasserstein sd": 0.007756377564113051
    },
    "last_new_job_2_relative_bias": {
        "bias mean": 2.5865249602274227,
        "bias sd": 2.028098577878819,
        "wasserstein mean": 0.01202272784091513,
        "wasserstein sd": 0.009513525239784026
    },
    "last_new_job_3_relative_bias": {
        "bias mean": 4.719413759433117,
        "bias sd": 2.8292251715834373,
        "wasserstein mean": 0.012710148627708275,
        "wasserstein sd": 0.007715838112527822
    },
    "last_new_job_4_relative_bias": {
        "bias mean": 4.7094038519040655,
        "bias sd": 3.6826946723747875,
        "wasserstein mean": 0.012203118098750172,
        "wasserstein sd": 0.00954496413908911
    },
    "last_new_job_>4_relative_bias": {
        "bias mean": 4.3677630584323905,
        "bias sd": 3.621103878438731,
        "wasserstein mean": 0.023308568268442496,
        "wasserstein sd": 0.01908509877342782
    },
    "last_new_job_never_relative_bias": {
        "bias mean": 5.650567531677412,
        "bias sd": 3.8785748285712933,
        "wasserstein mean": 0.01196249496145901,
        "wasserstein sd": 0.008402817013830405
    }
}