{
    "MMDs": {
        "mean": 0.013369873639778953,
        "sd": 0.0010671280025196864
    },
    "auroc": {
        "mean": 0.5836006839303665,
        "sd": 0.07084593991660339
    },
    "auprc": {
        "mean": 0.44459425343701503,
        "sd": 0.013353227079756015
    },
    "mse": {
        "mean": 1.2758347851121077,
        "sd": 0.06023590189798447
    },
    "remaining samples": {
        "mean": 1521.1,
        "sd": 21.653868014745075
    },
    "all_samples": 1497,
    "AGEP_relative_bias": {
        "bias mean": 1.5872720628522616,
        "bias sd": 0.43010073082074674,
        "wasserstein mean": 0.04725595455948956,
        "wasserstein sd": 0.01137055993216786
    },
    "WKHP_relative_bias": {
        "bias mean": 0.3497355576686226,
        "bias sd": 0.2452684868041056,
        "wasserstein mean": 0.019079336846436597,
        "wasserstein sd": 0.004888399489435095
    },
    "COW_Employee of a private for-profit company or business, or of an individual, for wages, salary, or commissions_relative_bias": {
        "bias mean": 0.8367409959128146,
        "bias sd": 0.5940462734812734,
        "wasserstein mean": 0.011447056951519787,
        "wasserstein sd": 0.00805632725947548
    },
    "COW_Employee of a private not-for-profit, tax-exempt, or charitable organization_relative_bias": {
        "bias mean": 1.9296285959651964,
        "bias sd": 1.7393316065036541,
        "wasserstein mean": 0.005270978532061463,
        "wasserstein sd": 0.00470059233005252
    },
    "COW_Federal government employee_relative_bias": {
        "bias mean": 4.879564756806064,
        "bias sd": 3.435098382637607,
        "wasserstein mean": 0.007177039768949371,
        "wasserstein sd": 0.004572749545106996
    },
    "COW_Local government employee (city, county, etc.)_relative_bias": {
        "bias mean": 2.820989844430279,
        "bias sd": 2.1201323618185013,
        "wasserstein mean": 0.008342484811990753,
        "wasserstein sd": 0.006350531699789159
    },
    "COW_Self-employed in own incorporated business, professional practice or farm_relative_bias": {
        "bias mean": 5.895481871522227,
        "bias sd": 3.4842560122245865,
        "wasserstein mean": 0.012123645878974715,
        "wasserstein sd": 0.007369557102357032
    },
    "COW_Self-employed in own not incorporated business, professional practice, or farm_relative_bias": {
        "bias mean": 2.2729597080983557,
        "bias sd": 1.5019084618031138,
        "wasserstein mean": 0.007104720623208528,
        "wasserstein sd": 0.004689124273328736
    },
    "COW_State government employee_relative_bias": {
        "bias mean": 2.612904961603943,
        "bias sd": 2.3455649891454384,
        "wasserstein mean": 0.005352580886102479,
        "wasserstein sd": 0.004678490133167886
    },
    "COW_Working without pay in family business or farm_relative_bias": {
        "bias mean": 15.985463573436755,
        "bias sd": 12.068365705258403,
        "wasserstein mean": 0.008919096193671292,
        "wasserstein sd": 0.006723001289886889
    },
    "SCHL_1 or more years of college credit, no degree_relative_bias": {
        "bias mean": 1.878434776530175,
        "bias sd": 1.2742759049621386,
        "wasserstein mean": 0.008545916200964817,
        "wasserstein sd": 0.005773350811932837
    },
    "SCHL_12th grade - no diploma_relative_bias": {
        "bias mean": 3.7592404506571264,
        "bias sd": 4.635109984554141,
        "wasserstein mean": 0.005383415371845281,
        "wasserstein sd": 0.005924328866825315
    },
    "SCHL_Associate's degree_relative_bias": {
        "bias mean": 1.4172418173513248,
        "bias sd": 1.0979620615122545,
        "wasserstein mean": 0.004142657522096956,
        "wasserstein sd": 0.003361598080473807
    },
    "SCHL_Bachelor's degree_relative_bias": {
        "bias mean": 1.2574269272230225,
        "bias sd": 0.9403078787399506,
        "wasserstein mean": 0.007029736343546314,
        "wasserstein sd": 0.005300064404517172
    },
    "SCHL_Doctorate degree_relative_bias": {
        "bias mean": 7.74819705530017,
        "bias sd": 8.548918074465591,
        "wasserstein mean": 0.011085559980171862,
        "wasserstein sd": 0.012306799426390463
    },
    "SCHL_GED or alternative credential_relative_bias": {
        "bias mean": 4.706000297859345,
        "bias sd": 3.3631571752257843,
        "wasserstein mean": 0.006653969651317017,
        "wasserstein sd": 0.0045245194492691465
    },
    "SCHL_Grade 1_relative_bias": {
        "bias mean": Infinity,
        "bias sd": NaN,
        "wasserstein mean": 0.010928031165651272,
        "wasserstein sd": 0.009749068889452484
    },
    "SCHL_Grade 10_relative_bias": {
        "bias mean": 8.201556129456865,
        "bias sd": 5.412730322171771,
        "wasserstein mean": 0.00724597646427985,
        "wasserstein sd": 0.004789489875467511
    },
    "SCHL_Grade 11_relative_bias": {
        "bias mean": 4.0883803951652835,
        "bias sd": 3.204502483064674,
        "wasserstein mean": 0.005227494917494372,
        "wasserstein sd": 0.0038217787191974
    },
    "SCHL_Grade 2_relative_bias": {
        "bias mean": 29.417515049621027,
        "bias sd": 34.02097716951958,
        "wasserstein mean": 0.01060504391772925,
        "wasserstein sd": 0.013940062507139426
    },
    "SCHL_Grade 3_relative_bias": {
        "bias mean": 12.139036382327623,
        "bias sd": 8.56971085610564,
        "wasserstein mean": 0.006125914797523152,
        "wasserstein sd": 0.0037938117075950726
    },
    "SCHL_Grade 4_relative_bias": {
        "bias mean": 26.395905043699493,
        "bias sd": 22.29078903120213,
        "wasserstein mean": 0.008781175810792685,
        "wasserstein sd": 0.009632903767221803
    },
    "SCHL_Grade 5_relative_bias": {
        "bias mean": 14.605560246642511,
        "bias sd": 9.238763220564344,
        "wasserstein mean": 0.008388154742630003,
        "wasserstein sd": 0.006167635252527597
    },
    "SCHL_Grade 6_relative_bias": {
        "bias mean": 4.487414622827229,
        "bias sd": 3.4633325870430633,
        "wasserstein mean": 0.005540236677294037,
        "wasserstein sd": 0.0041886402780065305
    },
    "SCHL_Grade 7_relative_bias": {
        "bias mean": 9.940543375105896,
        "bias sd": 10.8752852070314,
        "wasserstein mean": 0.004952792942941804,
        "wasserstein sd": 0.007057040804889295
    },
    "SCHL_Grade 8_relative_bias": {
        "bias mean": 7.943454567386688,
        "bias sd": 6.053846284493399,
        "wasserstein mean": 0.005492613640613965,
        "wasserstein sd": 0.004106969671751678
    },
    "SCHL_Grade 9_relative_bias": {
        "bias mean": 5.22379953918101,
        "bias sd": 3.6623825441960673,
        "wasserstein mean": 0.005510182909487545,
        "wasserstein sd": 0.0035395981992987257
    },
    "SCHL_Kindergarten_relative_bias": {
        "bias mean": Infinity,
        "bias sd": NaN,
        "wasserstein mean": 0.007129084540773685,
        "wasserstein sd": 0.012050599839306415
    },
    "SCHL_Master's degree_relative_bias": {
        "bias mean": 3.100703058667034,
        "bias sd": 2.319059862014825,
        "wasserstein mean": 0.010286259428651415,
        "wasserstein sd": 0.007668404341314079
    },
    "SCHL_No schooling completed_relative_bias": {
        "bias mean": 3.2321381370884708,
        "bias sd": 2.218084862557419,
        "wasserstein mean": 0.004141800121159169,
        "wasserstein sd": 0.0028444364058396515
    },
    "SCHL_Nursery school, preschool_relative_bias": {
        "bias mean": 1.5998151684891843e+17,
        "bias sd": 3.443224824861134e+17,
        "wasserstein mean": 0.01681371157467557,
        "wasserstein sd": 0.012212118314907563
    },
    "SCHL_Professional degree beyond a bachelor's degree_relative_bias": {
        "bias mean": 5.332208703699771,
        "bias sd": 3.3762828044891995,
        "wasserstein mean": 0.009190200277614722,