{"MMDs": {"mean": 0.027708627913513573, "sd": 0.0014110108983039534}, "auroc": {"mean": 0.6002684889746577, "sd": 0.06922633771467177}, "auprc": {"mean": 0.44757161487905267, "sd": 0.02942939210250276}, "remaining samples": {"mean": 1524.45, "sd": 19.744556211776448}, "all_samples": 1518, "AGEP_relative_bias": {"bias mean": 3.052989138326283, "bias sd": 0.7591782378113296, "wasserstein mean": 0.0889604161344543, "wasserstein sd": 0.021361486701310585}, "WKHP_relative_bias": {"bias mean": 0.7869841941311433, "bias sd": 0.3054433082519702, "wasserstein mean": 0.02771463745944746, "wasserstein sd": 0.007586603195289779}, "COW_Employee of a private for-profit company or business, or of an individual, for wages, salary, or commissions_relative_bias": {"bias mean": 1.6570868760142279, "bias sd": 0.5010182181033642, "wasserstein mean": 0.022623282707372714, "wasserstein sd": 0.006661199849875149}, "COW_Employee of a private not-for-profit, tax-exempt, or charitable organization_relative_bias": {"bias mean": 2.3015260351967717, "bias sd": 1.619224378258283, "wasserstein mean": 0.006545676139978587, "wasserstein sd": 0.004729741185515098}, "COW_Federal government employee_relative_bias": {"bias mean": 4.579886057898554, "bias sd": 3.400882277268812, "wasserstein mean": 0.007391253855168725, "wasserstein sd": 0.005619185807007326}, "COW_Local government employee (city, county, etc.)_relative_bias": {"bias mean": 3.08105408557524, "bias sd": 2.074606503622936, "wasserstein mean": 0.009263917270492781, "wasserstein sd": 0.00631824455821411}, "COW_Self-employed in own incorporated business, professional practice or farm_relative_bias": {"bias mean": 8.308743383870794, "bias sd": 4.777051659307237, "wasserstein mean": 0.0161778900764907, "wasserstein sd": 0.00908813413326985}, "COW_Self-employed in own not incorporated business, professional practice, or farm_relative_bias": {"bias mean": 5.171491498683539, "bias sd": 2.865307417439634, "wasserstein mean": 0.015989142889738885, "wasserstein sd": 0.00869656614440393}, "COW_State government employee_relative_bias": {"bias mean": 3.04219016022275, "bias sd": 2.088972742944586, "wasserstein mean": 0.006301593732291881, "wasserstein sd": 0.0046506736829704885}, "COW_Working without pay in family business or farm_relative_bias": {"bias mean": 12.532878515747452, "bias sd": 10.525630706468128, "wasserstein mean": 0.006987660020593858, "wasserstein sd": 0.006569734217725772}, "SCHL_1 or more years of college credit, no degree_relative_bias": {"bias mean": 4.872812837913745, "bias sd": 1.170571974659288, "wasserstein mean": 0.021442850131535813, "wasserstein sd": 0.005070965411355846}, "SCHL_12th grade - no diploma_relative_bias": {"bias mean": 3.2933653474630646, "bias sd": 2.3560307838268106, "wasserstein mean": 0.004979100245831976, "wasserstein sd": 0.0033952455683874143}, "SCHL_Associate's degree_relative_bias": {"bias mean": 2.018039325045448, "bias sd": 1.8413472650820932, "wasserstein mean": 0.005847597198700691, "wasserstein sd": 0.0051780230511449706}, "SCHL_Bachelor's degree_relative_bias": {"bias mean": 1.109123240079642, "bias sd": 1.1582307107961722, "wasserstein mean": 0.006099684542770952, "wasserstein sd": 0.006381735442226734}, "SCHL_Doctorate degree_relative_bias": {"bias mean": 10.542133704824488, "bias sd": 8.123356090139826, "wasserstein mean": 0.015128200544320328, "wasserstein sd": 0.011170137235052382}, "SCHL_GED or alternative credential_relative_bias": {"bias mean": 4.232163016790461, "bias sd": 2.9464253279430377, "wasserstein mean": 0.005991815452570476, "wasserstein sd": 0.004330436938428226}, "SCHL_Grade 1_relative_bias": {"bias mean": Infinity, "bias sd": NaN, "wasserstein mean": 0.014973335330471613, "wasserstein sd": 0.016451881599241748}, "SCHL_Grade 10_relative_bias": {"bias mean": 6.858775214616992, "bias sd": 5.295665446923489, "wasserstein mean": 0.006117533841738985, "wasserstein sd": 0.004450473321005002}, "SCHL_Grade 11_relative_bias": {"bias mean": 8.641370935932718, "bias sd": 5.820689721860274, "wasserstein mean": 0.01172307068725855, "wasserstein sd": 0.008506594235244226}, "SCHL_Grade 2_relative_bias": {"bias mean": -1.7535491729978368e+16, "bias sd": 5.489646707637868e+16, "wasserstein mean": 0.016331018287532105, "wasserstein sd": 0.01665513264694051}, "SCHL_Grade 3_relative_bias": {"bias mean": 18.629427530586035, "bias sd": 15.389934757159923, "wasserstein mean": 0.008347059647557855, "wasserstein sd": 0.0059496038447314084}, "SCHL_Grade 4_relative_bias": {"bias mean": Infinity, "bias sd": NaN, "wasserstein mean": 0.010174496782777065, "wasserstein sd": 0.007883779062350084}, "SCHL_Grade 5_relative_bias": {"bias mean": 17.698671297187385, "bias sd": 11.271899021783023, "wasserstein mean": 0.009793480376738843, "wasserstein sd": 0.0079945967386503}, "SCHL_Grade 6_relative_bias": {"bias mean": 10.634758972458108, "bias sd": 5.893822799488956, "wasserstein mean": 0.013504723187623344, "wasserstein sd": 0.007044138228569908}, "SCHL_Grade 7_relative_bias": {"bias mean": 15.352187854211389, "bias sd": 15.626638087801929, "wasserstein mean": 0.006561119393505744, "wasserstein sd": 0.005772780633987396}, "SCHL_Grade 8_relative_bias": {"bias mean": 9.754749548857976, "bias sd": 6.483350024081008, "wasserstein mean": 0.00810225394943696, "wasserstein sd": 0.005894520876987989}, "SCHL_Grade 9_relative_bias": {"bias mean": 9.402318306069322, "bias sd": 4.695379237393542, "wasserstein mean": 0.009146667375728432, "wasserstein sd": 0.004304334208744289}, "SCHL_Kindergarten_relative_bias": {"bias mean": Infinity, "bias sd": NaN, "wasserstein mean": 0.014328590064722587, "wasserstein sd": 0.017800681530242467}, "SCHL_Master's degree_relative_bias": {"bias mean": 4.9770250486891365, "bias sd": 2.955642444198852, "wasserstein mean": 0.01690246601230657, "wasserstein sd": 0.010340982422236536}, "SCHL_No schooling completed_relative_bias": {"bias mean": 7.801999351111336, "bias sd": 3.813009225736406, "wasserstein mean": 0.010753614949795659, "wasserstein sd": 0.004988154521865695}, "SCHL_Nursery school, preschool_relative_bias": {"bias mean": 1.999313118394037e+17, "bias sd": 3.7326004876843174e+17, "wasserstein mean": 0.022584933114518126, "wasserstein sd": 0.013079956004736883}, "SCHL_Professional degree beyond a bachelor's degree_relative_bias": {"bias mean": 5.9200817149505145, "bias sd": 3.467489300224748, "wasserstein mean": 0.009992428145154709, "wasserstein sd": 0.005794226081893753}, "SCHL_Regular high school diploma_relative_bias": {"bias mean": 2.9869154884780715, "bias sd": 1.583049120307057, "wasserstein mean": 0.013636703854023593, "wasserstein sd": 0.007570729666004904}, "SCHL_Some college, but less than 1 year_relative_bias": {"bias mean": 2.740514207718759, "bias sd": 1.4669558651685668, "wasserstein mean": 0.007265360873107233, "wasserstein sd": 0.003908249294933152}, "MAR_Divorced_relative_bias": {"bias mean": 15.648862798624283, "bias sd": 5.974886606507551, "wasserstein mean": 0.04990799553445497, "wasserstein sd": 0.021295384250817454}, "MAR_Married_relative_bias": {"bias mean": 18.108103481675155, "bias sd": 1.9384715437499602, "wasserstein mean": 0.19015208136074868, "wasserstein sd": 0.021031467207858034}, "MAR_Never married or under 15 years old_relative_bias": {"bias mean": 23.09859143726644, "bias sd": 2.492908267167538, "wasserstein mean": 0.16925686784362431, "wasserstein sd": 0.0198908627601767}, "MAR_Separated_relative_bias": {"bias mean": 14.958908562419262, "bias sd": 10.079525271898442, "wasserstein mean": 0.020890179154260443, "wasserstein sd": 0.014175268000897382}, "MAR_Widowed_relative_bias": {"bias mean": 15.07735412273694, "bias sd": 10.999829446186721, "wasserstein mean": 0.01935418582583797, "wasserstein sd": 0.013422367666271655}, "RELP_Adopted son or daughter_relative_bias": {"bias mean": 27.939767503874283, "bias sd": 19.366566929647135, "wasserstein mean": 0.012793632457407236, "wasserstein sd": 0.006532785276607086},