{
    "MMDs": {
        "mean": 0.026523173127183868,
        "sd": 0.0028934430755603144
    },
    "auroc": {
        "mean": 0.5241201417880512,
        "sd": 0.06929265506899028
    },
    "auprc": {
        "mean": 0.7209757405407211,
        "sd": 0.036371942989283444
    },
    "mse": {
        "mean": 0.0,
        "sd": 0.0
    },
    "remaining samples": {
        "mean": 173.15,
        "sd": 3.731956591387418
    },
    "all_samples": 177,
    "Dependents_relative_bias": {
        "bias mean": 1.6086626245277533,
        "bias sd": 1.0155164473410767,
        "wasserstein mean": 0.05474886448623171,
        "wasserstein sd": 0.026834883244310492
    },
    "ApplicantIncome_relative_bias": {
        "bias mean": 3.732497966998185,
        "bias sd": 2.232076105584429,
        "wasserstein mean": 0.09873413576390372,
        "wasserstein sd": 0.020933606039996094
    },
    "CoapplicantIncome_relative_bias": {
        "bias mean": 5.125462708424472,
        "bias sd": 3.7346396944045677,
        "wasserstein mean": 0.09025993664545137,
        "wasserstein sd": 0.02607589773860469
    },
    "LoanAmount_relative_bias": {
        "bias mean": 1.3946506854782772,
        "bias sd": 0.9170318939298809,
        "wasserstein mean": 0.10965335165076881,
        "wasserstein sd": 0.020378040088700155
    },
    "Loan_Amount_Term_relative_bias": {
        "bias mean": 0.33055416019968237,
        "bias sd": 0.2332012073801693,
        "wasserstein mean": 0.07498383003400841,
        "wasserstein sd": 0.030222929596147256
    },
    "Credit_History_relative_bias": {
        "bias mean": 1.89023189191025,
        "bias sd": 0.7616174983579291,
        "wasserstein mean": 0.045787958061640974,
        "wasserstein sd": 0.01846677077353766
    },
    "Loan_Status_relative_bias": {
        "bias mean": 32.00203641132651,
        "bias sd": 4.329434193101245,
        "wasserstein mean": 0.2213024043277831,
        "wasserstein sd": 0.027035234988777312
    },
    "Gender_Male_relative_bias": {
        "bias mean": 0.5953420938297831,
        "bias sd": 0.5231351758699746,
        "wasserstein mean": 0.012743935675244945,
        "wasserstein sd": 0.011273160465487654
    },
    "Married_Yes_relative_bias": {
        "bias mean": 0.7862185281105197,
        "bias sd": 0.525361275980913,
        "wasserstein mean": 0.010767365920038883,
        "wasserstein sd": 0.007350577682092416
    },
    "Education_Not Graduate_relative_bias": {
        "bias mean": 1.5279985500526378,
        "bias sd": 1.0288708821360237,
        "wasserstein mean": 0.007834159711845095,
        "wasserstein sd": 0.005327874976028917
    },
    "Self_Employed_Yes_relative_bias": {
        "bias mean": 2.89063934973995,
        "bias sd": 2.446050673399137,
        "wasserstein mean": 0.01172093114212583,
        "wasserstein sd": 0.010346130438146785
    },
    "Property_Area_Semiurban_relative_bias": {
        "bias mean": 1.9036507448415356,
        "bias sd": 1.4105034672800323,
        "wasserstein mean": 0.014816712699771034,
        "wasserstein sd": 0.010428278471780038
    },
    "Property_Area_Urban_relative_bias": {
        "bias mean": 1.8087151370693824,
        "bias sd": 0.9557443947666271,
        "wasserstein mean": 0.01262358630105911,
        "wasserstein sd": 0.007618578421766849
    }
}