{
    "MMDs": {
        "mean": 0.0167719721655893,
        "sd": 0.0030503306091325404
    },
    "auroc": {
        "mean": 0.6705869931263116,
        "sd": 0.0745829597353577
    },
    "auprc": {
        "mean": 0.7738110892552896,
        "sd": 0.04550004059717588
    },
    "remaining samples": {
        "mean": 221.64,
        "sd": 1.3965672200076873
    },
    "all_samples": 222,
    "Dependents_relative_bias": {
        "bias mean": 1.5656166918494379,
        "bias sd": 1.1891753284425997,
        "wasserstein mean": 0.04673245458206863,
        "wasserstein sd": 0.029810101749853463
    },
    "ApplicantIncome_relative_bias": {
        "bias mean": 4.864220514635072,
        "bias sd": 2.6365015850573297,
        "wasserstein mean": 0.1046882436263528,
        "wasserstein sd": 0.028618455568440473
    },
    "CoapplicantIncome_relative_bias": {
        "bias mean": 5.021437867865548,
        "bias sd": 4.603514149836255,
        "wasserstein mean": 0.09312613570849881,
        "wasserstein sd": 0.0342367469659242
    },
    "LoanAmount_relative_bias": {
        "bias mean": 1.212168336228763,
        "bias sd": 0.8145771689250613,
        "wasserstein mean": 0.10557995963540097,
        "wasserstein sd": 0.028152306412227854
    },
    "Loan_Amount_Term_relative_bias": {
        "bias mean": 0.24611997527027235,
        "bias sd": 0.19684962760845218,
        "wasserstein mean": 0.0502435320184679,
        "wasserstein sd": 0.019762807631944854
    },
    "Credit_History_relative_bias": {
        "bias mean": 0.7475002635832556,
        "bias sd": 0.4052703777517391,
        "wasserstein mean": 0.017927063138118364,
        "wasserstein sd": 0.009622443303451286
    },
    "Loan_Status_relative_bias": {
        "bias mean": 8.511034908687682,
        "bias sd": 5.756728282384838,
        "wasserstein mean": 0.058258191052130724,
        "wasserstein sd": 0.038574702112535206
    },
    "Gender_Male_relative_bias": {
        "bias mean": 0.27688024926975524,
        "bias sd": 0.23327951806984837,
        "wasserstein mean": 0.005921305937751754,
        "wasserstein sd": 0.004907841096816645
    },
    "Married_Yes_relative_bias": {
        "bias mean": 0.5166134034014935,
        "bias sd": 0.4464044389063663,
        "wasserstein mean": 0.007007060913629978,
        "wasserstein sd": 0.006103892415026852
    },
    "Education_Not Graduate_relative_bias": {
        "bias mean": 0.9974765745348901,
        "bias sd": 0.9614182928479984,
        "wasserstein mean": 0.0050779470315398005,
        "wasserstein sd": 0.00495289963727224
    },
    "Self_Employed_Yes_relative_bias": {
        "bias mean": 3.2027738884733346,
        "bias sd": 2.0922799947877766,
        "wasserstein mean": 0.012791971527262051,
        "wasserstein sd": 0.008880420188229864
    },
    "Property_Area_Semiurban_relative_bias": {
        "bias mean": 0.8840268647706686,
        "bias sd": 0.7440189986189951,
        "wasserstein mean": 0.006992305361651888,
        "wasserstein sd": 0.005768499969140607
    },
    "Property_Area_Urban_relative_bias": {
        "bias mean": 1.0867932548570056,
        "bias sd": 0.727183325513811,
        "wasserstein mean": 0.0074022042484445895,
        "wasserstein sd": 0.004930955600908184
    }
}