{
    "MMDs": {
        "mean": 0.026861926436894234,
        "sd": 0.0030311628098067408
    },
    "auroc": {
        "mean": 0.5568819813861402,
        "sd": 0.09732856459649761
    },
    "auprc": {
        "mean": 0.7361371795230507,
        "sd": 0.03175647435661909
    },
    "mse": {
        "mean": 0.0,
        "sd": 0.0
    },
    "remaining samples": {
        "mean": 173.15,
        "sd": 3.731956591387418
    },
    "all_samples": 177,
    "Dependents_relative_bias": {
        "bias mean": 1.579382922242244,
        "bias sd": 0.8123969639080237,
        "wasserstein mean": 0.054406646947785776,
        "wasserstein sd": 0.032669929266380106
    },
    "ApplicantIncome_relative_bias": {
        "bias mean": 4.629736129883897,
        "bias sd": 2.7590085449592254,
        "wasserstein mean": 0.10543508775160274,
        "wasserstein sd": 0.02580652587747452
    },
    "CoapplicantIncome_relative_bias": {
        "bias mean": 6.228766009868179,
        "bias sd": 3.998879598758825,
        "wasserstein mean": 0.09164387308224534,
        "wasserstein sd": 0.024295863084967947
    },
    "LoanAmount_relative_bias": {
        "bias mean": 1.5160707526201942,
        "bias sd": 0.9876753786823282,
        "wasserstein mean": 0.11041598290569214,
        "wasserstein sd": 0.021521685842348957
    },
    "Loan_Amount_Term_relative_bias": {
        "bias mean": 0.2990358869641581,
        "bias sd": 0.23004991553295176,
        "wasserstein mean": 0.08175403750026458,
        "wasserstein sd": 0.027474020276059066
    },
    "Credit_History_relative_bias": {
        "bias mean": 2.058790571078373,
        "bias sd": 0.707170282557267,
        "wasserstein mean": 0.04986770756880514,
        "wasserstein sd": 0.01711706218556515
    },
    "Loan_Status_relative_bias": {
        "bias mean": 32.3700325704126,
        "bias sd": 4.816501563902288,
        "wasserstein mean": 0.22386735246210362,
        "wasserstein sd": 0.03077535610802369
    },
    "Gender_Male_relative_bias": {
        "bias mean": 0.6458473504704101,
        "bias sd": 0.3936084775111861,
        "wasserstein mean": 0.013788205925438456,
        "wasserstein sd": 0.00836463512392243
    },
    "Married_Yes_relative_bias": {
        "bias mean": 0.7025749588100615,
        "bias sd": 0.49461568050642823,
        "wasserstein mean": 0.009636754802038449,
        "wasserstein sd": 0.006872092797825498
    },
    "Education_Not Graduate_relative_bias": {
        "bias mean": 1.587283062139022,
        "bias sd": 0.9875533615522029,
        "wasserstein mean": 0.008054554636898852,
        "wasserstein sd": 0.004987956135652187
    },
    "Self_Employed_Yes_relative_bias": {
        "bias mean": 3.300839056412754,
        "bias sd": 2.563260741721391,
        "wasserstein mean": 0.013522950330423727,
        "wasserstein sd": 0.010845850186283564
    },
    "Property_Area_Semiurban_relative_bias": {
        "bias mean": 1.5114255825912704,
        "bias sd": 1.0572496459576992,
        "wasserstein mean": 0.01186649295176881,
        "wasserstein sd": 0.007842437687597277
    },
    "Property_Area_Urban_relative_bias": {
        "bias mean": 1.7251606596679339,
        "bias sd": 0.9167832013842715,
        "wasserstein mean": 0.011960857712239226,
        "wasserstein sd": 0.007147373369891268
    }
}