{
    "MMDs": {
        "mean": 0.26747680129198126,
        "sd": 0.02577477510715835
    },
    "auroc": {
        "mean": 0.8397466410938803,
        "sd": 0.04853340273987351
    },
    "auprc": {
        "mean": 0.8562968250881143,
        "sd": 0.035459352153016474
    },
    "mse": {
        "mean": 0.0,
        "sd": 0.0
    },
    "remaining samples": {
        "mean": 234.1,
        "sd": 6.624952830020755
    },
    "all_samples": 228,
    "clump_thickness_relative_bias": {
        "bias mean": 27.94011312991908,
        "bias sd": 3.8425046526661273,
        "wasserstein mean": 0.4402980048340643,
        "wasserstein sd": 0.0705643486309067
    },
    "uniformity_of_cell_size_relative_bias": {
        "bias mean": 49.72088867515339,
        "bias sd": 3.9706458592701837,
        "wasserstein mean": 0.5113042589295482,
        "wasserstein sd": 0.06039253885413969
    },
    "uniformity_of_cell_shape_relative_bias": {
        "bias mean": 48.11627012628313,
        "bias sd": 4.137132009855132,
        "wasserstein mean": 0.5202031631010886,
        "wasserstein sd": 0.06462963852237741
    },
    "marginal_adhesion_relative_bias": {
        "bias mean": 44.60324200215046,
        "bias sd": 4.6198180809838165,
        "wasserstein mean": 0.44338446011011906,
        "wasserstein sd": 0.06437191067291782
    },
    "single_epithelial_cell_size_relative_bias": {
        "bias mean": 29.652482470090053,
        "bias sd": 2.662845080492601,
        "wasserstein mean": 0.4332339374299211,
        "wasserstein sd": 0.048300023520305976
    },
    "bare_nuclei_relative_bias": {
        "bias mean": 52.373870649863576,
        "bias sd": 3.888108733664003,
        "wasserstein mean": 0.5123288756121959,
        "wasserstein sd": 0.06167442116180904
    },
    "bland_chromatin_relative_bias": {
        "bias mean": 33.65977271793095,
        "bias sd": 3.222433301011521,
        "wasserstein mean": 0.4738417972408765,
        "wasserstein sd": 0.05813463338107346
    },
    "normal_nucleoli_relative_bias": {
        "bias mean": 47.701172154393156,
        "bias sd": 3.548980749720405,
        "wasserstein mean": 0.4468064887757669,
        "wasserstein sd": 0.04732641278497629
    },
    "mitoses_relative_bias": {
        "bias mean": 28.49254306088084,
        "bias sd": 5.213792332117223,
        "wasserstein mean": 0.2648366601624512,
        "wasserstein sd": 0.05852279292183905
    },
    "class_relative_bias": {
        "bias mean": 45.954400918464806,
        "bias sd": 5.414391837940496,
        "wasserstein mean": 0.2978883149711088,
        "wasserstein sd": 0.025569646104399723
    }
}