{
    "MMDs": {
        "mean": 0.0681067308128939,
        "sd": 0.026560599164775402
    },
    "auroc": {
        "mean": 0.9314989681427861,
        "sd": 0.02619813406555121
    },
    "auprc": {
        "mean": 0.9408175180211649,
        "sd": 0.020938349692230147
    },
    "remaining samples": {
        "mean": 312.2,
        "sd": 1.5748015748023623
    },
    "all_samples": 313,
    "clump_thickness_relative_bias": {
        "bias mean": 5.206053687826994,
        "bias sd": 4.11855015458752,
        "wasserstein mean": 0.10218499166705344,
        "wasserstein sd": 0.055702114576921785
    },
    "uniformity_of_cell_size_relative_bias": {
        "bias mean": 10.407742826265642,
        "bias sd": 6.484438571213982,
        "wasserstein mean": 0.1179620532210624,
        "wasserstein sd": 0.06270912005134169
    },
    "uniformity_of_cell_shape_relative_bias": {
        "bias mean": 10.537601863367348,
        "bias sd": 5.8947212540334295,
        "wasserstein mean": 0.12197166875799807,
        "wasserstein sd": 0.061692350514779504
    },
    "marginal_adhesion_relative_bias": {
        "bias mean": 10.060789300375895,
        "bias sd": 6.687834826593901,
        "wasserstein mean": 0.11076302144090468,
        "wasserstein sd": 0.06514619797496171
    },
    "single_epithelial_cell_size_relative_bias": {
        "bias mean": 6.710125007054802,
        "bias sd": 4.747526335569428,
        "wasserstein mean": 0.1163730830551574,
        "wasserstein sd": 0.06140340684110346
    },
    "bare_nuclei_relative_bias": {
        "bias mean": 11.944906651421224,
        "bias sd": 6.2818996961355085,
        "wasserstein mean": 0.1203114535214187,
        "wasserstein sd": 0.0654325280541617
    },
    "bland_chromatin_relative_bias": {
        "bias mean": 8.049662920928355,
        "bias sd": 4.39111100384457,
        "wasserstein mean": 0.1260055607531199,
        "wasserstein sd": 0.055023558597309924
    },
    "normal_nucleoli_relative_bias": {
        "bias mean": 10.546223514874034,
        "bias sd": 6.6133245003926655,
        "wasserstein mean": 0.10891531181990882,
        "wasserstein sd": 0.059976268995176
    },
    "mitoses_relative_bias": {
        "bias mean": 9.155713667238823,
        "bias sd": 6.024590095238204,
        "wasserstein mean": 0.09428334697282964,
        "wasserstein sd": 0.05516554212599928
    },
    "class_relative_bias": {
        "bias mean": 10.05320175555499,
        "bias sd": 5.2792382735543475,
        "wasserstein mean": 0.06434744380801286,
        "wasserstein sd": 0.03238728490190524
    }
}