{"MMDs": {"mean": 0.02283295223758372, "sd": 0.0038766977048556987}, "auroc": {"mean": 0.6543174008541132, "sd": 0.08177552561560666}, "auprc": {"mean": 0.7682715785673992, "sd": 0.046511623525250935}, "remaining samples": {"mean": 216.0, "sd": 0.0}, "all_samples": 216, "Dependents_relative_bias": {"bias mean": 1.674754654644238, "bias sd": 1.0417160502379226, "wasserstein mean": 0.04548493976546764, "wasserstein sd": 0.029814659958123466}, "ApplicantIncome_relative_bias": {"bias mean": 7.417784631843944, "bias sd": 3.057965617379498, "wasserstein mean": 0.12652871375149652, "wasserstein sd": 0.035726859397069995}, "CoapplicantIncome_relative_bias": {"bias mean": 8.482969589026194, "bias sd": 4.578921636194289, "wasserstein mean": 0.1040156059274683, "wasserstein sd": 0.033285445995415844}, "LoanAmount_relative_bias": {"bias mean": 2.611747597793336, "bias sd": 0.9664471680024986, "wasserstein mean": 0.1504082131706002, "wasserstein sd": 0.04234842845166688}, "Loan_Amount_Term_relative_bias": {"bias mean": 0.4596582871569804, "bias sd": 0.22304762504128822, "wasserstein mean": 0.06340769923245959, "wasserstein sd": 0.026415499759140055}, "Credit_History_relative_bias": {"bias mean": 0.8605784587468907, "bias sd": 0.4543318599969534, "wasserstein mean": 0.020710632653282306, "wasserstein sd": 0.010752624221348244}, "Loan_Status_relative_bias": {"bias mean": 6.434553739437559, "bias sd": 4.788726479113802, "wasserstein mean": 0.04431174169850878, "wasserstein sd": 0.03279390746177335}, "Gender_Male_relative_bias": {"bias mean": 0.4479371762095329, "bias sd": 0.33770968024171466, "wasserstein mean": 0.009534463205471853, "wasserstein sd": 0.007101268986655448}, "Married_Yes_relative_bias": {"bias mean": 0.5854548675417756, "bias sd": 0.4637718162041136, "wasserstein mean": 0.007911785439531197, "wasserstein sd": 0.006188733964942135}, "Education_Not Graduate_relative_bias": {"bias mean": 1.1370511294285297, "bias sd": 0.9299561179945858, "wasserstein mean": 0.0057411195753597506, "wasserstein sd": 0.005009666871479815}, "Self_Employed_Yes_relative_bias": {"bias mean": 6.310617845473399, "bias sd": 2.409691321692403, "wasserstein mean": 0.025529989348690448, "wasserstein sd": 0.010719000386111413}, "Property_Area_Semiurban_relative_bias": {"bias mean": 0.9893398461930248, "bias sd": 0.7263981553003287, "wasserstein mean": 0.008099885482266016, "wasserstein sd": 0.006067898160546548}, "Property_Area_Urban_relative_bias": {"bias mean": 1.0065442743084432, "bias sd": 0.7659492372334501, "wasserstein mean": 0.006717569366875632, "wasserstein sd": 0.004988125022142185}}