{
    "MMDs": {
        "mean": 0.02335417417368202,
        "sd": 0.004127928619065066
    },
    "auroc": {
        "mean": 0.662279940644795,
        "sd": 0.06760327000342002
    },
    "auprc": {
        "mean": 0.7722412672756167,
        "sd": 0.040986244666330225
    },
    "remaining samples": {
        "mean": 216.0,
        "sd": 0.0
    },
    "all_samples": 216,
    "Dependents_relative_bias": {
        "bias mean": 1.5744157347613195,
        "bias sd": 1.0127190680676028,
        "wasserstein mean": 0.041457602728446,
        "wasserstein sd": 0.02999397702532285
    },
    "ApplicantIncome_relative_bias": {
        "bias mean": 7.166751208966203,
        "bias sd": 3.2911863824400123,
        "wasserstein mean": 0.1288481817118708,
        "wasserstein sd": 0.04187872778175942
    },
    "CoapplicantIncome_relative_bias": {
        "bias mean": 9.407905676383178,
        "bias sd": 4.840810072448771,
        "wasserstein mean": 0.1087699785484672,
        "wasserstein sd": 0.03543051024707068
    },
    "LoanAmount_relative_bias": {
        "bias mean": 2.702181414593032,
        "bias sd": 0.9480751501954522,
        "wasserstein mean": 0.15942037114931254,
        "wasserstein sd": 0.040342578650760005
    },
    "Loan_Amount_Term_relative_bias": {
        "bias mean": 0.46855991615582154,
        "bias sd": 0.23530063430419518,
        "wasserstein mean": 0.06611629001228897,
        "wasserstein sd": 0.028342222396587787
    },
    "Credit_History_relative_bias": {
        "bias mean": 0.8451787323849573,
        "bias sd": 0.41796348254664334,
        "wasserstein mean": 0.02044968741367189,
        "wasserstein sd": 0.009979044453900791
    },
    "Loan_Status_relative_bias": {
        "bias mean": 4.950326324298972,
        "bias sd": 3.8628874421099924,
        "wasserstein mean": 0.03413748985594342,
        "wasserstein sd": 0.026084072786384666
    },
    "Gender_Male_relative_bias": {
        "bias mean": 0.467346407321875,
        "bias sd": 0.29669124913628336,
        "wasserstein mean": 0.009991112282910435,
        "wasserstein sd": 0.00632328404455573
    },
    "Married_Yes_relative_bias": {
        "bias mean": 0.6052206061409138,
        "bias sd": 0.49196926227263,
        "wasserstein mean": 0.008155665657795175,
        "wasserstein sd": 0.006550683842424248
    },
    "Education_Not Graduate_relative_bias": {
        "bias mean": 1.0530558739502665,
        "bias sd": 0.8862920804387119,
        "wasserstein mean": 0.005217213472917701,
        "wasserstein sd": 0.004435135670018328
    },
    "Self_Employed_Yes_relative_bias": {
        "bias mean": 6.825347651075296,
        "bias sd": 2.7883969323382507,
        "wasserstein mean": 0.027352096043138357,
        "wasserstein sd": 0.012826008539347932
    },
    "Property_Area_Semiurban_relative_bias": {
        "bias mean": 1.0493962697022818,
        "bias sd": 0.6825186422917161,
        "wasserstein mean": 0.008668263841684619,
        "wasserstein sd": 0.005749595225128953
    },
    "Property_Area_Urban_relative_bias": {
        "bias mean": 1.0153158489834295,
        "bias sd": 0.8876438359138836,
        "wasserstein mean": 0.0067661865782317945,
        "wasserstein sd": 0.006081633701949036
    }
}