{
    "MMDs": {
        "mean": 0.023240310334643955,
        "sd": 0.0038233841561669123
    },
    "auroc": {
        "mean": 0.6522916350774417,
        "sd": 0.0917125072936752
    },
    "auprc": {
        "mean": 0.7669383770588907,
        "sd": 0.044659892791335455
    },
    "mse": {
        "mean": 0.0,
        "sd": 0.0
    },
    "remaining samples": {
        "mean": 216.0,
        "sd": 0.0
    },
    "all_samples": 216,
    "Dependents_relative_bias": {
        "bias mean": 1.9719769356204,
        "bias sd": 1.048329995750422,
        "wasserstein mean": 0.0495711776257748,
        "wasserstein sd": 0.029155950833001206
    },
    "ApplicantIncome_relative_bias": {
        "bias mean": 7.5669580619378065,
        "bias sd": 3.132615065283261,
        "wasserstein mean": 0.12361803344794331,
        "wasserstein sd": 0.04245777090803191
    },
    "CoapplicantIncome_relative_bias": {
        "bias mean": 8.69589354996711,
        "bias sd": 4.784767123411894,
        "wasserstein mean": 0.09926603677506579,
        "wasserstein sd": 0.03153780866687105
    },
    "LoanAmount_relative_bias": {
        "bias mean": 2.6044004288475855,
        "bias sd": 0.8833904780180244,
        "wasserstein mean": 0.14426680962471877,
        "wasserstein sd": 0.04434111409981734
    },
    "Loan_Amount_Term_relative_bias": {
        "bias mean": 0.5838257803535821,
        "bias sd": 0.1867485887423543,
        "wasserstein mean": 0.07620796516534896,
        "wasserstein sd": 0.028983176014407107
    },
    "Credit_History_relative_bias": {
        "bias mean": 0.8828411588000918,
        "bias sd": 0.44150359641652587,
        "wasserstein mean": 0.021371029301626647,
        "wasserstein sd": 0.010586393667915847
    },
    "Loan_Status_relative_bias": {
        "bias mean": 7.164065858689909,
        "bias sd": 4.743042374006135,
        "wasserstein mean": 0.049318623716141645,
        "wasserstein sd": 0.03253045438298146
    },
    "Gender_Male_relative_bias": {
        "bias mean": 0.49768566490593447,
        "bias sd": 0.2794675126978077,
        "wasserstein mean": 0.010458137966033364,
        "wasserstein sd": 0.00571954412146152
    },
    "Married_Yes_relative_bias": {
        "bias mean": 0.44444858197192316,
        "bias sd": 0.48789049563761083,
        "wasserstein mean": 0.005896626036482782,
        "wasserstein sd": 0.006429542337227764
    },
    "Education_Not Graduate_relative_bias": {
        "bias mean": 0.9959817373849308,
        "bias sd": 0.741174410136109,
        "wasserstein mean": 0.004845206800996409,
        "wasserstein sd": 0.0036900474460261016
    },
    "Self_Employed_Yes_relative_bias": {
        "bias mean": 7.099933967692739,
        "bias sd": 2.2317369583810835,
        "wasserstein mean": 0.028842575487552008,
        "wasserstein sd": 0.010212376922177475
    },
    "Property_Area_Semiurban_relative_bias": {
        "bias mean": 0.6733529978700413,
        "bias sd": 0.5752936818632793,
        "wasserstein mean": 0.0056953321703865295,
        "wasserstein sd": 0.005144805381458815
    },
    "Property_Area_Urban_relative_bias": {
        "bias mean": 1.1372182940657465,
        "bias sd": 0.8532912177844539,
        "wasserstein mean": 0.007129555485736206,
        "wasserstein sd": 0.004599796157738032
    }
}