{
    "MMDs": {
        "mean": 0.022199632573384434,
        "sd": 0.0030422202772105635
    },
    "auroc": {
        "mean": 0.8081802350101467,
        "sd": 0.013245898869530672
    },
    "auprc": {
        "mean": 0.73055883809997,
        "sd": 0.021011619336801093
    },
    "remaining samples": {
        "mean": 2221.46,
        "sd": 10.513248784272157
    },
    "all_samples": 2226,
    "AGEP_relative_bias": {
        "bias mean": 1.6506515671567548,
        "bias sd": 0.8752780569842404,
        "wasserstein mean": 0.053714669639148005,
        "wasserstein sd": 0.021063292490186528
    },
    "WKHP_relative_bias": {
        "bias mean": 1.5326838616664304,
        "bias sd": 0.7439901646034691,
        "wasserstein mean": 0.05530873027329922,
        "wasserstein sd": 0.01765137584821431
    },
    "COW_Employee of a private for-profit company or business, or of an individual, for wages, salary, or commissions_relative_bias": {
        "bias mean": 2.0573807351126887,
        "bias sd": 1.4482692450655097,
        "wasserstein mean": 0.02806390992013208,
        "wasserstein sd": 0.019628686278217563
    },
    "COW_Employee of a private not-for-profit, tax-exempt, or charitable organization_relative_bias": {
        "bias mean": 7.1654356666069114,
        "bias sd": 6.1684525582316745,
        "wasserstein mean": 0.020008362310973804,
        "wasserstein sd": 0.017485615263814234
    },
    "COW_Federal government employee_relative_bias": {
        "bias mean": 14.638286914920679,
        "bias sd": 9.605102028168861,
        "wasserstein mean": 0.024415952760408182,
        "wasserstein sd": 0.01620765846674185
    },
    "COW_Local government employee (city, county, etc.)_relative_bias": {
        "bias mean": 6.479538167187484,
        "bias sd": 4.749014943052011,
        "wasserstein mean": 0.018855665122993578,
        "wasserstein sd": 0.014025325350713515
    },
    "COW_Self-employed in own incorporated business, professional practice or farm_relative_bias": {
        "bias mean": 10.818085389985072,
        "bias sd": 7.256735292742184,
        "wasserstein mean": 0.02235168384262185,
        "wasserstein sd": 0.015274207147736954
    },
    "COW_Self-employed in own not incorporated business, professional practice, or farm_relative_bias": {
        "bias mean": 9.235871443219828,
        "bias sd": 7.381488221497909,
        "wasserstein mean": 0.027783425461423043,
        "wasserstein sd": 0.020925004073222012
    },
    "COW_State government employee_relative_bias": {
        "bias mean": 8.036468386113008,
        "bias sd": 5.306837566777453,
        "wasserstein mean": 0.017562559066555784,
        "wasserstein sd": 0.01211135623053838
    },
    "COW_Working without pay in family business or farm_relative_bias": {
        "bias mean": 69.61864429751937,
        "bias sd": 141.05842403346844,
        "wasserstein mean": 0.02380029139890071,
        "wasserstein sd": 0.01783450047122638
    },
    "SCHL_1 or more years of college credit, no degree_relative_bias": {
        "bias mean": 7.029236101354332,
        "bias sd": 4.134059732992136,
        "wasserstein mean": 0.03071340186452528,
        "wasserstein sd": 0.01772059584759828
    },
    "SCHL_12th grade - no diploma_relative_bias": {
        "bias mean": 18.161726428824533,
        "bias sd": 14.727969986126778,
        "wasserstein mean": 0.02642806593272794,
        "wasserstein sd": 0.0188649762003258
    },
    "SCHL_Associate's degree_relative_bias": {
        "bias mean": 7.301026885009268,
        "bias sd": 5.629837816321498,
        "wasserstein mean": 0.021155372731700414,
        "wasserstein sd": 0.016497866063119034
    },
    "SCHL_Bachelor's degree_relative_bias": {
        "bias mean": 6.6754869500862695,
        "bias sd": 4.382057534973071,
        "wasserstein mean": 0.03798170974506507,
        "wasserstein sd": 0.02550696314276901
    },
    "SCHL_Doctorate degree_relative_bias": {
        "bias mean": 15.789980837746693,
        "bias sd": 10.450302812918533,
        "wasserstein mean": 0.023904481665521667,
        "wasserstein sd": 0.018643116712523784
    },
    "SCHL_GED or alternative credential_relative_bias": {
        "bias mean": 17.466230947473772,
        "bias sd": 13.682724698803243,
        "wasserstein mean": 0.02510473147529109,
        "wasserstein sd": 0.01882107417619666
    },
    "SCHL_Grade 1_relative_bias": {
        "bias mean": Infinity,
        "bias sd": NaN,
        "wasserstein mean": 0.0258911336185526,
        "wasserstein sd": 0.019532641010253107
    },
    "SCHL_Grade 10_relative_bias": {
        "bias mean": 29.882196063549703,
        "bias sd": 33.658979073687874,
        "wasserstein mean": 0.021891758541203208,
        "wasserstein sd": 0.015987160443250988
    },
    "SCHL_Grade 11_relative_bias": {
        "bias mean": 18.010743517214642,
        "bias sd": 17.348456138112553,
        "wasserstein mean": 0.021246736081231968,
        "wasserstein sd": 0.017883109787216557
    },
    "SCHL_Grade 2_relative_bias": {
        "bias mean": -1.2492151742918364e+16,
        "bias sd": 8.744506220042904e+16,
        "wasserstein mean": 0.02492937561475561,
        "wasserstein sd": 0.018571950289422854
    },
    "SCHL_Grade 3_relative_bias": {
        "bias mean": 44.95717380730705,
        "bias sd": 46.51512453396243,
        "wasserstein mean": 0.020681067587644177,
        "wasserstein sd": 0.016205339260417912
    },
    "SCHL_Grade 4_relative_bias": {
        "bias mean": 55.52044172760303,
        "bias sd": 42.90842597109162,
        "wasserstein mean": 0.01978387627047021,
        "wasserstein sd": 0.010646613149362598
    },
    "SCHL_Grade 5_relative_bias": {
        "bias mean": 71.46445786508524,
        "bias sd": 74.01657606781882,
        "wasserstein mean": 0.026370289893839764,
        "wasserstein sd": 0.020297994612063216
    },
    "SCHL_Grade 6_relative_bias": {
        "bias mean": 20.118984784898192,
        "bias sd": 17.277385403073513,
        "wasserstein mean": 0.023546591589753373,
        "wasserstein sd": 0.01718544348807728
    },
    "SCHL_Grade 7_relative_bias": {
        "bias mean": 51.064236576344946,
        "bias sd": 38.97295262238574,
        "wasserstein mean": 0.02547950058547862,
        "wasserstein sd": 0.017390454837462703
    },
    "SCHL_Grade 8_relative_bias": {
        "bias mean": 29.00286420571929,
        "bias sd": 23.44549508024911,
        "wasserstein mean": 0.02162449095018683,
        "wasserstein sd": 0.016172381819911527
    },
    "SCHL_Grade 9_relative_bias": {
        "bias mean": 23.14875058897891,
        "bias sd": 18.901430658304637,
        "wasserstein mean": 0.023259034477250945,
        "wasserstein sd": 0.016139031303608657
    },
    "SCHL_Kindergarten_relative_bias": {
        "bias mean": Infinity,
        "bias sd": NaN,
        "wasserstein mean": 0.022426274084720157,
        "wasserstein sd": 0.01608785316677956
    },
    "SCHL_Master's degree_relative_bias": {
        "bias mean": 11.661031588548816,
        "bias sd": 6.154688976778036,
        "wasserstein mean": 0.03968539417661936,
        "wasserstein sd": 0.021900327550144826
    },
    "SCHL_No schooling completed_relative_bias": {
        "bias mean": 19.290783353100533,
        "bias sd": 15.13481144730543,
        "wasserstein mean": 0.024508951773677602,
        "wasserstein sd": 0.01771882513558436
    },
    "SCHL_Nursery school, preschool_relative_bias": {
        "bias mean": 2.989014039812578e+17,
        "bias sd": 5.4413606542955296e+17,
        "wasserstein mean": 0.02177238745436527,
        "wasserstein sd": 0.020375208975387877
    },
    "SCHL_Professional degree beyond a bachelor's degree_relative_bias": {
        "bias mean": 15.507017845103608,
        "bias sd": 9.698192468158423,
        "wasserstein mean": 0.027955215443031204,
        "wasserstein sd": 0.01852058334014336
    },