{
    "MMDs": {
        "mean": 0.03285603316000148,
        "sd": 0.003804664057132563
    },
    "auroc": {
        "mean": 0.7984009873699286,
        "sd": 0.01581396546472023
    },
    "auprc": {
        "mean": 0.7248352416223733,
        "sd": 0.02091347509151162
    },
    "remaining samples": {
        "mean": 1949.9,
        "sd": 11.871394189394943
    },
    "all_samples": 1951,
    "AGEP_relative_bias": {
        "bias mean": 3.2463493094256832,
        "bias sd": 0.9346488701408111,
        "wasserstein mean": 0.09713129899893198,
        "wasserstein sd": 0.02485399512364343
    },
    "WKHP_relative_bias": {
        "bias mean": 3.611549611798596,
        "bias sd": 0.7683256671326255,
        "wasserstein mean": 0.11038588769435609,
        "wasserstein sd": 0.020879173386854185
    },
    "COW_Employee of a private for-profit company or business, or of an individual, for wages, salary, or commissions_relative_bias": {
        "bias mean": 2.786228086344068,
        "bias sd": 1.7636285569858758,
        "wasserstein mean": 0.037974149070265854,
        "wasserstein sd": 0.023801380029771592
    },
    "COW_Employee of a private not-for-profit, tax-exempt, or charitable organization_relative_bias": {
        "bias mean": 9.167220813569363,
        "bias sd": 6.873134852581572,
        "wasserstein mean": 0.02548837718941022,
        "wasserstein sd": 0.01928404758050182
    },
    "COW_Federal government employee_relative_bias": {
        "bias mean": 16.10252841395052,
        "bias sd": 9.568353740388021,
        "wasserstein mean": 0.02729995284589396,
        "wasserstein sd": 0.01754564643228875
    },
    "COW_Local government employee (city, county, etc.)_relative_bias": {
        "bias mean": 7.97460328337981,
        "bias sd": 5.556213321790136,
        "wasserstein mean": 0.023555006104460267,
        "wasserstein sd": 0.017233566016015132
    },
    "COW_Self-employed in own incorporated business, professional practice or farm_relative_bias": {
        "bias mean": 14.473732208727027,
        "bias sd": 8.521738347669434,
        "wasserstein mean": 0.03011993410986389,
        "wasserstein sd": 0.018131125655260837
    },
    "COW_Self-employed in own not incorporated business, professional practice, or farm_relative_bias": {
        "bias mean": 9.898998052814683,
        "bias sd": 8.752729477756846,
        "wasserstein mean": 0.029392375536753192,
        "wasserstein sd": 0.02432459988942562
    },
    "COW_State government employee_relative_bias": {
        "bias mean": 10.20011293069108,
        "bias sd": 6.373470328187773,
        "wasserstein mean": 0.02245763276161973,
        "wasserstein sd": 0.014898409717162438
    },
    "COW_Working without pay in family business or farm_relative_bias": {
        "bias mean": 78.1382287494927,
        "bias sd": 149.21799050986903,
        "wasserstein mean": 0.026502324472201952,
        "wasserstein sd": 0.020303622121820183
    },
    "SCHL_1 or more years of college credit, no degree_relative_bias": {
        "bias mean": 9.458408305319983,
        "bias sd": 5.7433530942273,
        "wasserstein mean": 0.04122574817454877,
        "wasserstein sd": 0.024650608223722798
    },
    "SCHL_12th grade - no diploma_relative_bias": {
        "bias mean": 23.085126846354132,
        "bias sd": 18.331197919871894,
        "wasserstein mean": 0.03316819943177616,
        "wasserstein sd": 0.02242201189664671
    },
    "SCHL_Associate's degree_relative_bias": {
        "bias mean": 7.739445069364312,
        "bias sd": 5.274761362222122,
        "wasserstein mean": 0.022374765632930615,
        "wasserstein sd": 0.015223917290048695
    },
    "SCHL_Bachelor's degree_relative_bias": {
        "bias mean": 12.741644900436118,
        "bias sd": 5.147007232297974,
        "wasserstein mean": 0.07208972678074894,
        "wasserstein sd": 0.03005349368150028
    },
    "SCHL_Doctorate degree_relative_bias": {
        "bias mean": 25.3289678283662,
        "bias sd": 13.915796459462971,
        "wasserstein mean": 0.038034413511756474,
        "wasserstein sd": 0.024381218901545813
    },
    "SCHL_GED or alternative credential_relative_bias": {
        "bias mean": 18.667332633042623,
        "bias sd": 16.741327419853818,
        "wasserstein mean": 0.02608837747143891,
        "wasserstein sd": 0.02188614646502426
    },
    "SCHL_Grade 1_relative_bias": {
        "bias mean": Infinity,
        "bias sd": NaN,
        "wasserstein mean": 0.026597245490374902,
        "wasserstein sd": 0.02065235394381948
    },
    "SCHL_Grade 10_relative_bias": {
        "bias mean": 37.38034462068087,
        "bias sd": 40.728458914729295,
        "wasserstein mean": 0.027182841914910192,
        "wasserstein sd": 0.020952761431726696
    },
    "SCHL_Grade 11_relative_bias": {
        "bias mean": 25.374082059712567,
        "bias sd": 21.687990113278882,
        "wasserstein mean": 0.029829020649117535,
        "wasserstein sd": 0.022526998378152523
    },
    "SCHL_Grade 2_relative_bias": {
        "bias mean": -1.4189803133622666e+16,
        "bias sd": 9.93286219353591e+16,
        "wasserstein mean": 0.026418890444740443,
        "wasserstein sd": 0.02064564342195631
    },
    "SCHL_Grade 3_relative_bias": {
        "bias mean": 51.42343597831527,
        "bias sd": 52.26952855077083,
        "wasserstein mean": 0.02311433985870221,
        "wasserstein sd": 0.01810512246231062
    },
    "SCHL_Grade 4_relative_bias": {
        "bias mean": 64.26135092950338,
        "bias sd": 55.65103054777569,
        "wasserstein mean": 0.02154480924433409,
        "wasserstein sd": 0.012239719426510557
    },
    "SCHL_Grade 5_relative_bias": {
        "bias mean": 84.01343114123554,
        "bias sd": 92.00514363380323,
        "wasserstein mean": 0.029737510815502216,
        "wasserstein sd": 0.024350141725365943
    },
    "SCHL_Grade 6_relative_bias": {
        "bias mean": 27.577819816288965,
        "bias sd": 21.4512635780099,
        "wasserstein mean": 0.03201301184954823,
        "wasserstein sd": 0.020811192109037716
    },
    "SCHL_Grade 7_relative_bias": {
        "bias mean": 55.772325688370245,
        "bias sd": 47.819164600669616,
        "wasserstein mean": 0.027128510590790307,
        "wasserstein sd": 0.019670396211568204
    },
    "SCHL_Grade 8_relative_bias": {
        "bias mean": 34.51048170251741,
        "bias sd": 27.628701262635847,
        "wasserstein mean": 0.025134239645473185,
        "wasserstein sd": 0.016840982613247502
    },
    "SCHL_Grade 9_relative_bias": {
        "bias mean": 29.211704839618992,
        "bias sd": 25.855460639695174,
        "wasserstein mean": 0.028686303353113108,
        "wasserstein sd": 0.021792454849793672
    },
    "SCHL_Kindergarten_relative_bias": {
        "bias mean": Infinity,
        "bias sd": NaN,
        "wasserstein mean": 0.02316686474566582,
        "wasserstein sd": 0.018303776925829986
    },
    "SCHL_Master's degree_relative_bias": {
        "bias mean": 22.389222659460952,
        "bias sd": 7.6060187567862645,
        "wasserstein mean": 0.0758056093592457,
        "wasserstein sd": 0.028037468848041515
    },
    "SCHL_No schooling completed_relative_bias": {
        "bias mean": 26.537716580901282,
        "bias sd": 20.04107143862061,
        "wasserstein mean": 0.03339113830828393,
        "wasserstein sd": 0.022632353400763205
    },
    "SCHL_Nursery school, preschool_relative_bias": {
        "bias mean": 3.02881275571726e+17,
        "bias sd": 5.809684503849756e+17,
        "wasserstein mean": 0.023368501175493005,
        "wasserstein sd": 0.021358570837717868
    },
    "SCHL_Professional degree beyond a bachelor's degree_relative_bias": {
        "bias mean": 23.119891186226255,
        "bias sd": 12.727034745959537,
        "wasserstein mean": 0.041921488734000346,
        "wasserstein sd": 0.024589692563156088
    },