{
    "MMDs": {
        "mean": 0.05271250375411583,
        "sd": 0.005015658841095732
    },
    "auroc": {
        "mean": 0.5827423001959492,
        "sd": 0.09152655179306944
    },
    "auprc": {
        "mean": 0.4416098875772817,
        "sd": 0.014033962400430597
    },
    "mse": {
        "mean": 1.2600864797720743,
        "sd": 0.05574816258826333
    },
    "remaining samples": {
        "mean": 1281.75,
        "sd": 123.1409253660212
    },
    "all_samples": 1530,
    "AGEP_relative_bias": {
        "bias mean": 4.848205713926882,
        "bias sd": 0.9874985354057215,
        "wasserstein mean": 0.14177193636743346,
        "wasserstein sd": 0.027182052110167942
    },
    "WKHP_relative_bias": {
        "bias mean": 7.0841136195339605,
        "bias sd": 1.2305636494252492,
        "wasserstein mean": 0.2104895881115703,
        "wasserstein sd": 0.034459301780113985
    },
    "COW_Employee of a private for-profit company or business, or of an individual, for wages, salary, or commissions_relative_bias": {
        "bias mean": 2.5304589056630644,
        "bias sd": 1.6272398491470073,
        "wasserstein mean": 0.03457643896429145,
        "wasserstein sd": 0.021910746841205024
    },
    "COW_Employee of a private not-for-profit, tax-exempt, or charitable organization_relative_bias": {
        "bias mean": 9.735367231986098,
        "bias sd": 6.263979485345006,
        "wasserstein mean": 0.028355723769119913,
        "wasserstein sd": 0.019867287489099827
    },
    "COW_Federal government employee_relative_bias": {
        "bias mean": 16.407768114124305,
        "bias sd": 10.773801742660442,
        "wasserstein mean": 0.02739978363509226,
        "wasserstein sd": 0.01849265308105463
    },
    "COW_Local government employee (city, county, etc.)_relative_bias": {
        "bias mean": 12.291261773340214,
        "bias sd": 8.050874249670034,
        "wasserstein mean": 0.03691810964326788,
        "wasserstein sd": 0.02602493391357402
    },
    "COW_Self-employed in own incorporated business, professional practice or farm_relative_bias": {
        "bias mean": 17.277643831734224,
        "bias sd": 11.261878491090483,
        "wasserstein mean": 0.03518792076352224,
        "wasserstein sd": 0.024701962003175232
    },
    "COW_Self-employed in own not incorporated business, professional practice, or farm_relative_bias": {
        "bias mean": 18.905821602207574,
        "bias sd": 9.210223025050183,
        "wasserstein mean": 0.05705964374026769,
        "wasserstein sd": 0.026788952600135373
    },
    "COW_State government employee_relative_bias": {
        "bias mean": 16.404086627182544,
        "bias sd": 8.492445959686739,
        "wasserstein mean": 0.033909452855898775,
        "wasserstein sd": 0.01884486186332825
    },
    "COW_Working without pay in family business or farm_relative_bias": {
        "bias mean": 50.72506365086851,
        "bias sd": 44.031707596303434,
        "wasserstein mean": 0.0243888335467998,
        "wasserstein sd": 0.01980139665082698
    },
    "SCHL_1 or more years of college credit, no degree_relative_bias": {
        "bias mean": 10.982554942557993,
        "bias sd": 4.765749132827643,
        "wasserstein mean": 0.04870296513455672,
        "wasserstein sd": 0.02010888837278362
    },
    "SCHL_12th grade - no diploma_relative_bias": {
        "bias mean": 23.917719484843282,
        "bias sd": 13.939680808861388,
        "wasserstein mean": 0.03652401165081335,
        "wasserstein sd": 0.019361124838182035
    },
    "SCHL_Associate's degree_relative_bias": {
        "bias mean": 7.171780601157272,
        "bias sd": 5.099288111871544,
        "wasserstein mean": 0.020876377697669955,
        "wasserstein sd": 0.014542586288374315
    },
    "SCHL_Bachelor's degree_relative_bias": {
        "bias mean": 22.886302403998393,
        "bias sd": 4.368785020727516,
        "wasserstein mean": 0.12788729540725283,
        "wasserstein sd": 0.027466880274725644
    },
    "SCHL_Doctorate degree_relative_bias": {
        "bias mean": 55.29772754508912,
        "bias sd": 12.922176733161471,
        "wasserstein mean": 0.07856876906375507,
        "wasserstein sd": 0.025292788400167146
    },
    "SCHL_GED or alternative credential_relative_bias": {
        "bias mean": 26.649147089870127,
        "bias sd": 15.331745278653168,
        "wasserstein mean": 0.03887650357353738,
        "wasserstein sd": 0.021794187107727018
    },
    "SCHL_Grade 1_relative_bias": {
        "bias mean": Infinity,
        "bias sd": NaN,
        "wasserstein mean": 0.021146735157455483,
        "wasserstein sd": 0.015805656301732324
    },
    "SCHL_Grade 10_relative_bias": {
        "bias mean": 44.675289402189385,
        "bias sd": 50.09365965618616,
        "wasserstein mean": 0.033519997606860905,
        "wasserstein sd": 0.021911427623121586
    },
    "SCHL_Grade 11_relative_bias": {
        "bias mean": 47.02321424090179,
        "bias sd": 26.521491103086696,
        "wasserstein mean": 0.05730943521619346,
        "wasserstein sd": 0.028037516843204463
    },
    "SCHL_Grade 2_relative_bias": {
        "bias mean": -9.411604119239562e+16,
        "bias sd": 4.1024231252376403e+17,
        "wasserstein mean": 0.027853363848973474,
        "wasserstein sd": 0.026313563793825323
    },
    "SCHL_Grade 3_relative_bias": {
        "bias mean": 115.43000142125209,
        "bias sd": 107.73749638531673,
        "wasserstein mean": 0.03827855827255437,
        "wasserstein sd": 0.021890850633384817
    },
    "SCHL_Grade 4_relative_bias": {
        "bias mean": Infinity,
        "bias sd": NaN,
        "wasserstein mean": 0.03490750115441964,
        "wasserstein sd": 0.02660598736310594
    },
    "SCHL_Grade 5_relative_bias": {
        "bias mean": 66.29810514561322,
        "bias sd": 53.5181263741659,
        "wasserstein mean": 0.02826800150098845,
        "wasserstein sd": 0.0184074348431423
    },
    "SCHL_Grade 6_relative_bias": {
        "bias mean": 44.764511452815164,
        "bias sd": 22.418064631974968,
        "wasserstein mean": 0.05588282681994652,
        "wasserstein sd": 0.025990019818045825
    },
    "SCHL_Grade 7_relative_bias": {
        "bias mean": Infinity,
        "bias sd": NaN,
        "wasserstein mean": 0.030863832799664058,
        "wasserstein sd": 0.020348767159754866
    },
    "SCHL_Grade 8_relative_bias": {
        "bias mean": 48.24501907885956,
        "bias sd": 47.0229578649989,
        "wasserstein mean": 0.03418122225518649,
        "wasserstein sd": 0.020960584770581457
    },
    "SCHL_Grade 9_relative_bias": {
        "bias mean": 41.853802586889984,
        "bias sd": 28.765580607700105,
        "wasserstein mean": 0.04428451604029056,
        "wasserstein sd": 0.026914356370801265
    },
    "SCHL_Kindergarten_relative_bias": {
        "bias mean": Infinity,
        "bias sd": NaN,
        "wasserstein mean": 0.023593462252425503,
        "wasserstein sd": 0.02454770095416729
    },
    "SCHL_Master's degree_relative_bias": {
        "bias mean": 40.97496856455328,
        "bias sd": 6.232539635222611,
        "wasserstein mean": 0.13745399385878002,
        "wasserstein sd": 0.02443514722962584
    },
    "SCHL_No schooling completed_relative_bias": {
        "bias mean": 45.19011894072092,
        "bias sd": 20.81263058250932,
        "wasserstein mean": 0.06010210628962749,
        "wasserstein sd": 0.02170765405604027
    },
    "SCHL_Nursery school, preschool_relative_bias": {
        "bias mean": 3.5873886473270886e+17,
        "bias sd": 6.247109101466024e+17,
        "wasserstein mean": 0.02575143737760883,
        "wasserstein sd": 0.022343521207527067
    },
    "SCHL_Professional degree beyond a bachelor's degree_relative_bias": {
        "bias mean": 47.65423531566152,
        "bias sd": 11.93498673822112,
        "wasserstein mean": 0.08249372781155574,
        "wasserstein sd": 0.025239134062709504
    },